season,player_id,name,game_id,date,team,opp,started,shots_against,saves
20252026,8475683,Sergei Bobrovsky,2025020001,2025-10-07,FLA,CHI,1,19,17
20252026,8481519,Spencer Knight,2025020001,2025-10-07,CHI,FLA,1,37,34
20252026,8478048,Igor Shesterkin,2025020002,2025-10-07,NYR,PIT,1,29,28
20252026,8481668,Arturs Silovs,2025020002,2025-10-07,PIT,NYR,1,25,25
20252026,8475311,Darcy Kuemper,2025020003,2025-10-07,LAK,COL,1,23,19
20252026,8475809,Scott Wedgewood,2025020003,2025-10-07,COL,LAK,1,25,24
20252026,8476932,Anthony Stolarz,2025020004,2025-10-08,TOR,MTL,1,31,29
20252026,8478470,Samuel Montembeault,2025020004,2025-10-08,MTL,TOR,1,25,22
20252026,8480280,Jeremy Swayman,2025020005,2025-10-08,BOS,WSH,1,36,35
20252026,8480313,Logan Thompson,2025020005,2025-10-08,WSH,BOS,1,21,19
20252026,8479973,Stuart Skinner,2025020006,2025-10-08,EDM,CGY,1,22,19
20252026,8481692,Dustin Wolf,2025020006,2025-10-08,CGY,EDM,1,35,32
20252026,8476341,Anton Forsberg,2025020007,2025-10-08,LAK,VGK,1,35,30
20252026,8478499,Adin Hill,2025020007,2025-10-08,VGK,LAK,1,26,21
20252026,8476914,Joonas Korpisalo,2025020008,2025-10-09,BOS,CHI,1,24,21
20252026,8482821,Arvid Soderblom,2025020008,2025-10-09,CHI,BOS,1,33,29
20252026,8478048,Igor Shesterkin,2025020009,2025-10-09,NYR,BUF,1,37,37
20252026,8479312,Alex Lyon,2025020009,2025-10-09,BUF,NYR,1,32,29
20252026,8475660,Cam Talbot,2025020010,2025-10-09,DET,MTL,0,4,4
20252026,8476434,John Gibson,2025020010,2025-10-09,DET,MTL,1,13,8
20252026,8482487,Jakub Dobes,2025020010,2025-10-09,MTL,DET,1,31,30
20252026,8476883,Andrei Vasilevskiy,2025020011,2025-10-09,TBL,OTT,1,33,29
20252026,8476999,Linus Ullmark,2025020011,2025-10-09,OTT,TBL,1,25,21
20252026,8475683,Sergei Bobrovsky,2025020012,2025-10-09,FLA,PHI,1,20,19
20252026,8478435,Dan Vladar,2025020012,2025-10-09,PHI,FLA,1,34,32
20252026,8477465,Tristan Jarry,2025020013,2025-10-09,PIT,NYI,1,37,34
20252026,8478009,Ilya Sorokin,2025020013,2025-10-09,NYI,PIT,1,28,24
20252026,8474593,Jacob Markstrom,2025020014,2025-10-09,NJD,CAR,1,32,27
20252026,8475883,Frederik Andersen,2025020014,2025-10-09,CAR,NJD,1,22,19
20252026,8476412,Jordan Binnington,2025020015,2025-10-09,STL,MIN,1,21,16
20252026,8479406,Filip Gustavsson,2025020015,2025-10-09,MIN,STL,1,26,26
20252026,8477424,Juuse Saros,2025020016,2025-10-09,NSH,CBJ,1,39,38
20252026,8482982,Jet Greaves,2025020016,2025-10-09,CBJ,NSH,1,32,30
20252026,8476945,Connor Hellebuyck,2025020017,2025-10-09,WPG,DAL,1,37,32
20252026,8479979,Jake Oettinger,2025020017,2025-10-09,DAL,WPG,1,25,21
20252026,8475809,Scott Wedgewood,2025020018,2025-10-09,COL,UTA,1,33,32
20252026,8478872,Karel Vejmelka,2025020018,2025-10-09,UTA,COL,1,27,25
20252026,8477967,Thatcher Demko,2025020019,2025-10-09,VAN,CGY,1,18,17
20252026,8481692,Dustin Wolf,2025020019,2025-10-09,CGY,VAN,1,26,21
20252026,8477968,Alex Nedeljkovic,2025020020,2025-10-09,SJS,VGK,1,31,27
20252026,8481033,Akira Schmid,2025020020,2025-10-09,VGK,SJS,1,23,20
20252026,8478916,Joey Daccord,2025020021,2025-10-09,SEA,ANA,1,36,35
20252026,8480843,Lukas Dostal,2025020021,2025-10-09,ANA,SEA,1,31,28
20252026,8475311,Darcy Kuemper,2025020022,2025-10-11,LAK,WPG,1,27,24
20252026,8476945,Connor Hellebuyck,2025020022,2025-10-11,WPG,LAK,1,32,30
20252026,8480981,Joel Hofer,2025020023,2025-10-11,STL,CGY,1,29,27
20252026,8481692,Dustin Wolf,2025020023,2025-10-11,CGY,STL,1,28,24
20252026,8479312,Alex Lyon,2025020024,2025-10-11,BUF,BOS,1,30,28
20252026,8480280,Jeremy Swayman,2025020024,2025-10-11,BOS,BUF,1,22,21
20252026,8475660,Cam Talbot,2025020025,2025-10-11,DET,TOR,1,23,20
20252026,8476932,Anthony Stolarz,2025020025,2025-10-11,TOR,DET,1,33,29
20252026,8474593,Jacob Markstrom,2025020026,2025-10-11,NJD,TBL,1,17,14
20252026,8476883,Andrei Vasilevskiy,2025020026,2025-10-11,TBL,NJD,1,31,26
20252026,8475683,Sergei Bobrovsky,2025020027,2025-10-11,FLA,OTT,1,28,26
20252026,8476999,Linus Ullmark,2025020027,2025-10-11,OTT,FLA,1,27,21
20252026,8478009,Ilya Sorokin,2025020028,2025-10-11,NYI,WSH,1,29,25
20252026,8480313,Logan Thompson,2025020028,2025-10-11,WSH,NYI,1,36,34
20252026,8478048,Igor Shesterkin,2025020029,2025-10-11,NYR,PIT,1,19,18
20252026,8481668,Arturs Silovs,2025020029,2025-10-11,PIT,NYR,1,30,24
20252026,8475883,Frederik Andersen,2025020030,2025-10-11,CAR,PHI,1,23,20
20252026,8481035,Samuel Ersson,2025020030,2025-10-11,PHI,CAR,1,39,35
20252026,8478470,Samuel Montembeault,2025020031,2025-10-11,MTL,CHI,1,22,20
20252026,8481519,Spencer Knight,2025020031,2025-10-11,CHI,MTL,1,28,25
20252026,8477424,Juuse Saros,2025020032,2025-10-11,NSH,UTA,1,23,20
20252026,8478872,Karel Vejmelka,2025020032,2025-10-11,UTA,NSH,1,23,21
20252026,8478007,Elvis Merzlikins,2025020033,2025-10-11,CBJ,MIN,1,52,48
20252026,8479406,Filip Gustavsson,2025020033,2025-10-11,MIN,CBJ,1,31,25
20252026,8475809,Scott Wedgewood,2025020034,2025-10-11,COL,DAL,1,22,18
20252026,8479979,Jake Oettinger,2025020034,2025-10-11,DAL,COL,1,39,35
20252026,8475717,Calvin Pickard,2025020035,2025-10-11,EDM,VAN,1,15,14
20252026,8477967,Thatcher Demko,2025020035,2025-10-11,VAN,EDM,1,36,34
20252026,8475852,Petr Mrazek,2025020036,2025-10-11,ANA,SJS,1,23,17
20252026,8482137,Yaroslav Askarov,2025020036,2025-10-11,SJS,ANA,1,44,37
20252026,8478499,Adin Hill,2025020037,2025-10-11,VGK,SEA,1,22,20
20252026,8478916,Joey Daccord,2025020037,2025-10-11,SEA,VGK,1,27,26
20252026,8471734,Jonathan Quick,2025020038,2025-10-12,NYR,WSH,1,21,20
20252026,8479292,Charlie Lindgren,2025020038,2025-10-12,WSH,NYR,1,35,35
20252026,8475809,Scott Wedgewood,2025020039,2025-10-13,COL,BUF,1,28,27
20252026,8479312,Alex Lyon,2025020039,2025-10-13,BUF,COL,1,37,34
20252026,8476914,Joonas Korpisalo,2025020040,2025-10-13,BOS,TBL,1,23,19
20252026,8477992,Jonas Johansson,2025020040,2025-10-13,TBL,BOS,1,33,30
20252026,8476999,Linus Ullmark,2025020041,2025-10-13,OTT,NSH,1,24,22
20252026,8477424,Juuse Saros,2025020041,2025-10-13,NSH,OTT,1,32,31
20252026,8477480,Eric Comrie,2025020042,2025-10-13,WPG,NYI,1,35,33
20252026,8478009,Ilya Sorokin,2025020042,2025-10-13,NYI,WPG,1,25,21
20252026,8475660,Cam Talbot,2025020043,2025-10-13,DET,TOR,1,40,38
20252026,8476932,Anthony Stolarz,2025020043,2025-10-13,TOR,DET,1,15,12
20252026,8478435,Dan Vladar,2025020044,2025-10-13,PHI,FLA,1,26,24
20252026,8480193,Daniil Tarasov,2025020044,2025-10-13,FLA,PHI,1,20,17
20252026,8474593,Jacob Markstrom,2025020045,2025-10-13,NJD,CBJ,0,9,8
20252026,8474596,Jake Allen,2025020045,2025-10-13,NJD,CBJ,1,24,23
20252026,8482982,Jet Greaves,2025020045,2025-10-13,CBJ,NJD,1,27,25
20252026,8476412,Jordan Binnington,2025020046,2025-10-13,STL,VAN,1,29,27
20252026,8480947,Kevin Lankinen,2025020046,2025-10-13,VAN,STL,1,35,31
20252026,8475311,Darcy Kuemper,2025020047,2025-10-13,LAK,MIN,1,26,23
20252026,8482661,Jesper Wallstedt,2025020047,2025-10-13,MIN,LAK,1,34,31
20252026,8477970,Vitek Vanecek,2025020048,2025-10-13,UTA,CHI,1,13,11
20252026,8481519,Spencer Knight,2025020048,2025-10-13,CHI,UTA,1,22,21
20252026,8480051,Cayden Primeau,2025020049,2025-10-14,TOR,NSH,1,30,26
20252026,8481020,Justus Annunen,2025020049,2025-10-14,NSH,TOR,1,26,21
20252026,8478470,Samuel Montembeault,2025020050,2025-10-14,MTL,SEA,1,22,18
20252026,8478916,Joey Daccord,2025020050,2025-10-14,SEA,MTL,1,22,17
20252026,8478048,Igor Shesterkin,2025020051,2025-10-14,NYR,EDM,1,21,20
20252026,8479973,Stuart Skinner,2025020051,2025-10-14,EDM,NYR,1,30,30
20252026,8476883,Andrei Vasilevskiy,2025020052,2025-10-14,TBL,WSH,1,28,25
20252026,8480313,Logan Thompson,2025020052,2025-10-14,WSH,TBL,1,19,17
20252026,8478499,Adin Hill,2025020053,2025-10-14,VGK,CGY,1,10,8
20252026,8481033,Akira Schmid,2025020053,2025-10-14,VGK,CGY,0,19,19
20252026,8481692,Dustin Wolf,2025020053,2025-10-14,CGY,VGK,1,29,26
20252026,8479406,Filip Gustavsson,2025020054,2025-10-14,MIN,DAL,1,23,20
20252026,8479979,Jake Oettinger,2025020054,2025-10-14,DAL,MIN,1,41,39
20252026,8477968,Alex Nedeljkovic,2025020055,2025-10-14,SJS,CAR,1,43,38
20252026,8483548,Brandon Bussi,2025020055,2025-10-14,CAR,SJS,1,17,16
20252026,8477465,Tristan Jarry,2025020056,2025-10-14,PIT,ANA,1,22,18
20252026,8480843,Lukas Dostal,2025020056,2025-10-14,ANA,PIT,1,25,22
20252026,8479312,Alex Lyon,2025020057,2025-10-15,BUF,OTT,1,37,33
20252026,8482447,Leevi Merilainen,2025020057,2025-10-15,OTT,BUF,1,26,19
20252026,8475660,Cam Talbot,2025020058,2025-10-15,DET,FLA,1,21,20
20252026,8475683,Sergei Bobrovsky,2025020058,2025-10-15,FLA,DET,1,23,21
20252026,8476412,Jordan Binnington,2025020059,2025-10-15,STL,CHI,0,7,6
20252026,8480981,Joel Hofer,2025020059,2025-10-15,STL,CHI,1,22,15
20252026,8482821,Arvid Soderblom,2025020059,2025-10-15,CHI,STL,1,26,23
20252026,8478872,Karel Vejmelka,2025020060,2025-10-15,UTA,CGY,1,20,19
20252026,8482445,Devin Cooley,2025020060,2025-10-15,CGY,UTA,1,31,29
20252026,8476932,Anthony Stolarz,2025020061,2025-10-16,TOR,NYR,1,29,28
20252026,8478048,Igor Shesterkin,2025020061,2025-10-16,NYR,TOR,1,24,22
20252026,8477424,Juuse Saros,2025020062,2025-10-16,NSH,MTL,1,30,27
20252026,8482487,Jakub Dobes,2025020062,2025-10-16,MTL,NSH,1,19,17
20252026,8475831,Philipp Grubauer,2025020063,2025-10-16,SEA,OTT,1,23,20
20252026,8476999,Linus Ullmark,2025020063,2025-10-16,OTT,SEA,1,33,30
20252026,8474596,Jake Allen,2025020064,2025-10-16,NJD,FLA,1,22,21
20252026,8480193,Daniil Tarasov,2025020064,2025-10-16,FLA,NJD,1,33,30
20252026,8479496,David Rittich,2025020065,2025-10-16,NYI,EDM,1,33,31
20252026,8479973,Stuart Skinner,2025020065,2025-10-16,EDM,NYI,1,24,21
20252026,8476945,Connor Hellebuyck,2025020066,2025-10-16,WPG,PHI,1,17,15
20252026,8481035,Samuel Ersson,2025020066,2025-10-16,PHI,WPG,1,14,10
20252026,8475809,Scott Wedgewood,2025020067,2025-10-16,COL,CBJ,1,23,22
20252026,8478007,Elvis Merzlikins,2025020067,2025-10-16,CBJ,COL,1,35,32
20252026,8477967,Thatcher Demko,2025020068,2025-10-16,VAN,DAL,1,31,28
20252026,8479193,Casey DeSmith,2025020068,2025-10-16,DAL,VAN,1,26,21
20252026,8480280,Jeremy Swayman,2025020069,2025-10-16,BOS,VGK,1,37,31
20252026,8481033,Akira Schmid,2025020069,2025-10-16,VGK,BOS,1,24,19
20252026,8475883,Frederik Andersen,2025020070,2025-10-16,CAR,ANA,1,24,23
20252026,8480843,Lukas Dostal,2025020070,2025-10-16,ANA,CAR,1,32,28
20252026,8476341,Anton Forsberg,2025020071,2025-10-16,LAK,PIT,1,25,22
20252026,8481668,Arturs Silovs,2025020071,2025-10-16,PIT,LAK,1,32,30
20252026,8476434,John Gibson,2025020072,2025-10-17,DET,TBL,1,32,31
20252026,8476883,Andrei Vasilevskiy,2025020072,2025-10-17,TBL,DET,1,31,29
20252026,8479406,Filip Gustavsson,2025020073,2025-10-17,MIN,WSH,1,45,40
20252026,8480313,Logan Thompson,2025020073,2025-10-17,WSH,MIN,1,14,13
20252026,8480947,Kevin Lankinen,2025020074,2025-10-17,VAN,CHI,1,33,31
20252026,8481519,Spencer Knight,2025020074,2025-10-17,CHI,VAN,1,32,30
20252026,8478872,Karel Vejmelka,2025020075,2025-10-17,UTA,SJS,1,21,18
20252026,8482137,Yaroslav Askarov,2025020075,2025-10-17,SJS,UTA,1,34,28
20252026,8475683,Sergei Bobrovsky,2025020076,2025-10-18,FLA,BUF,1,31,28
20252026,8479312,Alex Lyon,2025020076,2025-10-18,BUF,FLA,1,32,32
20252026,8476999,Linus Ullmark,2025020077,2025-10-18,OTT,NYI,1,23,18
20252026,8478009,Ilya Sorokin,2025020077,2025-10-18,NYI,OTT,1,32,28
20252026,8474596,Jake Allen,2025020078,2025-10-18,NJD,EDM,1,30,27
20252026,8475717,Calvin Pickard,2025020078,2025-10-18,EDM,NJD,1,22,18
20252026,8476932,Anthony Stolarz,2025020079,2025-10-18,TOR,SEA,1,28,24
20252026,8478916,Joey Daccord,2025020079,2025-10-18,SEA,TOR,1,30,27
20252026,8471734,Jonathan Quick,2025020080,2025-10-18,NYR,MTL,1,24,21
20252026,8478470,Samuel Montembeault,2025020080,2025-10-18,MTL,NYR,1,22,18
20252026,8478435,Dan Vladar,2025020081,2025-10-18,PHI,MIN,1,16,15
20252026,8482661,Jesper Wallstedt,2025020081,2025-10-18,MIN,PHI,1,21,19
20252026,8477992,Jonas Johansson,2025020082,2025-10-18,TBL,CBJ,1,31,28
20252026,8482982,Jet Greaves,2025020082,2025-10-18,CBJ,TBL,1,24,22
20252026,8476412,Jordan Binnington,2025020083,2025-10-18,STL,DAL,1,19,18
20252026,8479979,Jake Oettinger,2025020083,2025-10-18,DAL,STL,1,21,19
20252026,8476945,Connor Hellebuyck,2025020084,2025-10-18,WPG,NSH,1,31,30
20252026,8477424,Juuse Saros,2025020084,2025-10-18,NSH,WPG,1,24,20
20252026,8475809,Scott Wedgewood,2025020085,2025-10-18,COL,BOS,1,14,13
20252026,8480280,Jeremy Swayman,2025020085,2025-10-18,BOS,COL,1,37,34
20252026,8476341,Anton Forsberg,2025020086,2025-10-18,LAK,CAR,1,40,36
20252026,8483548,Brandon Bussi,2025020086,2025-10-18,CAR,LAK,1,28,25
20252026,8478499,Adin Hill,2025020087,2025-10-18,VGK,CGY,1,27,26
20252026,8481692,Dustin Wolf,2025020087,2025-10-18,CGY,VGK,1,19,14
20252026,8482445,Devin Cooley,2025020087,2025-10-18,CGY,VGK,0,9,8
20252026,8477465,Tristan Jarry,2025020088,2025-10-18,PIT,SJS,1,31,31
20252026,8477968,Alex Nedeljkovic,2025020088,2025-10-18,SJS,PIT,1,26,24
20252026,8477967,Thatcher Demko,2025020089,2025-10-19,VAN,WSH,1,31,28
20252026,8479292,Charlie Lindgren,2025020089,2025-10-19,WSH,VAN,1,24,20
20252026,8476434,John Gibson,2025020090,2025-10-19,DET,EDM,1,18,16
20252026,8479973,Stuart Skinner,2025020090,2025-10-19,EDM,DET,1,24,21
20252026,8480843,Lukas Dostal,2025020091,2025-10-19,ANA,CHI,1,30,28
20252026,8481519,Spencer Knight,2025020091,2025-10-19,CHI,ANA,1,39,38
20252026,8476914,Joonas Korpisalo,2025020092,2025-10-19,BOS,UTA,1,27,24
20252026,8477970,Vitek Vanecek,2025020092,2025-10-19,UTA,BOS,1,26,24
20252026,8478048,Igor Shesterkin,2025020093,2025-10-20,NYR,MIN,1,31,29
20252026,8479406,Filip Gustavsson,2025020093,2025-10-20,MIN,NYR,1,24,23
20252026,8475831,Philipp Grubauer,2025020094,2025-10-20,SEA,PHI,0,6,6
20252026,8478435,Dan Vladar,2025020094,2025-10-20,PHI,SEA,1,23,21
20252026,8478916,Joey Daccord,2025020094,2025-10-20,SEA,PHI,1,21,16
20252026,8479312,Alex Lyon,2025020095,2025-10-20,BUF,MTL,1,31,28
20252026,8482487,Jakub Dobes,2025020095,2025-10-20,MTL,BUF,1,32,30
20252026,8476945,Connor Hellebuyck,2025020096,2025-10-20,WPG,CGY,1,33,32
20252026,8481692,Dustin Wolf,2025020096,2025-10-20,CGY,WPG,1,27,25
20252026,8475883,Frederik Andersen,2025020097,2025-10-20,CAR,VGK,1,25,22
20252026,8478499,Adin Hill,2025020097,2025-10-20,VGK,CAR,1,4,4
20252026,8481033,Akira Schmid,2025020097,2025-10-20,VGK,CAR,0,23,22
20252026,8474596,Jake Allen,2025020098,2025-10-21,NJD,TOR,1,25,23
20252026,8476932,Anthony Stolarz,2025020098,2025-10-21,TOR,NJD,1,34,30
20252026,8476999,Linus Ullmark,2025020099,2025-10-21,OTT,EDM,1,25,22
20252026,8479973,Stuart Skinner,2025020099,2025-10-21,EDM,OTT,1,21,19
20252026,8478009,Ilya Sorokin,2025020100,2025-10-21,NYI,SJS,1,36,33
20252026,8482137,Yaroslav Askarov,2025020100,2025-10-21,SJS,NYI,1,27,23
20252026,8480947,Kevin Lankinen,2025020101,2025-10-21,VAN,PIT,1,26,21
20252026,8481668,Arturs Silovs,2025020101,2025-10-21,PIT,VAN,1,24,23
20252026,8476899,Matt Murray,2025020102,2025-10-21,SEA,WSH,1,33,30
20252026,8480313,Logan Thompson,2025020102,2025-10-21,WSH,SEA,1,19,18
20252026,8475683,Sergei Bobrovsky,2025020103,2025-10-21,FLA,BOS,1,31,28
20252026,8480280,Jeremy Swayman,2025020103,2025-10-21,BOS,FLA,1,23,19
20252026,8475311,Darcy Kuemper,2025020104,2025-10-21,LAK,STL,1,18,17
20252026,8476412,Jordan Binnington,2025020104,2025-10-21,STL,LAK,1,28,26
20252026,8477424,Juuse Saros,2025020105,2025-10-21,NSH,ANA,1,32,27
20252026,8480843,Lukas Dostal,2025020105,2025-10-21,ANA,NSH,1,28,26
20252026,8478007,Elvis Merzlikins,2025020106,2025-10-21,CBJ,DAL,1,23,22
20252026,8479979,Jake Oettinger,2025020106,2025-10-21,DAL,CBJ,1,28,24
20252026,8475809,Scott Wedgewood,2025020107,2025-10-21,COL,UTA,1,33,29
20252026,8478872,Karel Vejmelka,2025020107,2025-10-21,UTA,COL,1,33,30
20252026,8479406,Filip Gustavsson,2025020108,2025-10-22,MIN,NJD,1,34,31
20252026,8482076,Nico Daws,2025020108,2025-10-22,NJD,MIN,1,31,30
20252026,8476434,John Gibson,2025020109,2025-10-22,DET,BUF,1,31,27
20252026,8481551,Colten Ellis,2025020109,2025-10-22,BUF,DET,1,31,29
20252026,8481692,Dustin Wolf,2025020110,2025-10-22,CGY,MTL,1,28,26
20252026,8482487,Jakub Dobes,2025020110,2025-10-22,MTL,CGY,1,37,36
20252026,8475852,Petr Mrazek,2025020111,2025-10-23,ANA,BOS,1,42,37
20252026,8476914,Joonas Korpisalo,2025020111,2025-10-23,BOS,ANA,1,29,23
20252026,8476999,Linus Ullmark,2025020112,2025-10-23,OTT,PHI,1,23,22
20252026,8478435,Dan Vladar,2025020112,2025-10-23,PHI,OTT,1,33,31
20252026,8476883,Andrei Vasilevskiy,2025020113,2025-10-23,TBL,CHI,1,25,22
20252026,8481519,Spencer Knight,2025020113,2025-10-23,CHI,TBL,1,31,29
20252026,8475683,Sergei Bobrovsky,2025020114,2025-10-23,FLA,PIT,1,17,12
20252026,8477465,Tristan Jarry,2025020114,2025-10-23,PIT,FLA,1,37,34
20252026,8475660,Cam Talbot,2025020115,2025-10-23,DET,NYI,1,30,23
20252026,8479496,David Rittich,2025020115,2025-10-23,NYI,DET,1,34,32
20252026,8477968,Alex Nedeljkovic,2025020116,2025-10-23,SJS,NYR,1,28,23
20252026,8478048,Igor Shesterkin,2025020116,2025-10-23,NYR,SJS,1,24,18
20252026,8476412,Jordan Binnington,2025020117,2025-10-23,STL,UTA,0,18,15
20252026,8478872,Karel Vejmelka,2025020117,2025-10-23,UTA,STL,1,20,16
20252026,8480981,Joel Hofer,2025020117,2025-10-23,STL,UTA,1,6,3
20252026,8477424,Juuse Saros,2025020118,2025-10-23,NSH,VAN,1,22,21
20252026,8477967,Thatcher Demko,2025020118,2025-10-23,VAN,NSH,1,35,33
20252026,8475311,Darcy Kuemper,2025020119,2025-10-23,LAK,DAL,1,31,29
20252026,8479979,Jake Oettinger,2025020119,2025-10-23,DAL,LAK,1,25,22
20252026,8476945,Connor Hellebuyck,2025020120,2025-10-23,WPG,SEA,1,26,25
20252026,8478916,Joey Daccord,2025020120,2025-10-23,SEA,WPG,1,32,32
20252026,8475809,Scott Wedgewood,2025020121,2025-10-23,COL,CAR,1,11,7
20252026,8475883,Frederik Andersen,2025020121,2025-10-23,CAR,COL,1,48,44
20252026,8481529,Trent Miner,2025020121,2025-10-23,COL,CAR,0,20,20
20252026,8475717,Calvin Pickard,2025020122,2025-10-23,EDM,MTL,1,27,22
20252026,8478470,Samuel Montembeault,2025020122,2025-10-23,MTL,EDM,1,29,23
20252026,8476932,Anthony Stolarz,2025020123,2025-10-24,TOR,BUF,1,30,25
20252026,8479312,Alex Lyon,2025020123,2025-10-24,BUF,TOR,1,34,31
20252026,8474596,Jake Allen,2025020124,2025-10-24,NJD,SJS,1,17,16
20252026,8482137,Yaroslav Askarov,2025020124,2025-10-24,SJS,NJD,1,28,26
20252026,8480313,Logan Thompson,2025020125,2025-10-24,WSH,CBJ,1,35,34
20252026,8482982,Jet Greaves,2025020125,2025-10-24,CBJ,WSH,1,30,25
20252026,8477480,Eric Comrie,2025020126,2025-10-24,WPG,CGY,1,33,30
20252026,8481692,Dustin Wolf,2025020126,2025-10-24,CGY,WPG,1,31,27
20252026,8478009,Ilya Sorokin,2025020127,2025-10-25,NYI,PHI,1,26,23
20252026,8481035,Samuel Ersson,2025020127,2025-10-25,PHI,NYI,1,26,23
20252026,8475809,Scott Wedgewood,2025020128,2025-10-25,COL,BOS,1,19,16
20252026,8480280,Jeremy Swayman,2025020128,2025-10-25,BOS,COL,1,33,31
20252026,8477992,Jonas Johansson,2025020129,2025-10-25,TBL,ANA,1,40,37
20252026,8480843,Lukas Dostal,2025020129,2025-10-25,ANA,TBL,1,33,29
20252026,8475683,Sergei Bobrovsky,2025020130,2025-10-25,FLA,VGK,1,17,17
20252026,8481033,Akira Schmid,2025020130,2025-10-25,VGK,FLA,1,26,23
20252026,8478872,Karel Vejmelka,2025020131,2025-10-25,UTA,MIN,1,35,33
20252026,8479406,Filip Gustavsson,2025020131,2025-10-25,MIN,UTA,1,40,35
20252026,8480045,Ukko-Pekka Luukkonen,2025020132,2025-10-25,BUF,TOR,1,23,19
20252026,8480051,Cayden Primeau,2025020132,2025-10-25,TOR,BUF,1,26,23
20252026,8476412,Jordan Binnington,2025020133,2025-10-25,STL,DET,1,27,22
20252026,8476434,John Gibson,2025020133,2025-10-25,DET,STL,1,29,25
20252026,8478007,Elvis Merzlikins,2025020134,2025-10-25,CBJ,PIT,1,31,27
20252026,8481668,Arturs Silovs,2025020134,2025-10-25,PIT,CBJ,1,41,37
20252026,8476999,Linus Ullmark,2025020135,2025-10-25,OTT,WSH,1,13,12
20252026,8479292,Charlie Lindgren,2025020135,2025-10-25,WSH,OTT,1,34,27
20252026,8480947,Kevin Lankinen,2025020136,2025-10-25,VAN,MTL,1,24,20
20252026,8482487,Jakub Dobes,2025020136,2025-10-25,MTL,VAN,1,31,28
20252026,8475311,Darcy Kuemper,2025020137,2025-10-25,LAK,NSH,1,25,21
20252026,8477424,Juuse Saros,2025020137,2025-10-25,NSH,LAK,1,40,36
20252026,8479979,Jake Oettinger,2025020138,2025-10-25,DAL,CAR,1,28,26
20252026,8483548,Brandon Bussi,2025020138,2025-10-25,CAR,DAL,1,34,31
20252026,8478916,Joey Daccord,2025020139,2025-10-25,SEA,EDM,1,33,31
20252026,8479973,Stuart Skinner,2025020139,2025-10-25,EDM,SEA,1,23,20
20252026,8474596,Jake Allen,2025020140,2025-10-26,NJD,COL,1,24,21
20252026,8481529,Trent Miner,2025020140,2025-10-26,COL,NJD,1,24,20
20252026,8476883,Andrei Vasilevskiy,2025020141,2025-10-26,TBL,VGK,1,19,18
20252026,8482761,Carl Lindbom,2025020141,2025-10-26,VGK,TBL,1,28,26
20252026,8482137,Yaroslav Askarov,2025020142,2025-10-26,SJS,MIN,1,33,28
20252026,8482661,Jesper Wallstedt,2025020142,2025-10-26,MIN,SJS,1,25,19
20252026,8476945,Connor Hellebuyck,2025020143,2025-10-26,WPG,UTA,1,32,29
20252026,8477970,Vitek Vanecek,2025020143,2025-10-26,UTA,WPG,1,30,28
20252026,8476341,Anton Forsberg,2025020144,2025-10-26,LAK,CHI,1,23,22
20252026,8482821,Arvid Soderblom,2025020144,2025-10-26,CHI,LAK,1,21,19
20252026,8479193,Casey DeSmith,2025020145,2025-10-26,DAL,NSH,1,25,23
20252026,8481020,Justus Annunen,2025020145,2025-10-26,NSH,DAL,1,28,25
20252026,8478048,Igor Shesterkin,2025020146,2025-10-26,NYR,CGY,1,30,25
20252026,8481692,Dustin Wolf,2025020146,2025-10-26,CGY,NYR,1,31,30
20252026,8475717,Calvin Pickard,2025020147,2025-10-26,EDM,VAN,1,27,23
20252026,8477967,Thatcher Demko,2025020147,2025-10-26,VAN,EDM,1,29,26
20252026,8477465,Tristan Jarry,2025020148,2025-10-27,PIT,STL,1,28,25
20252026,8480981,Joel Hofer,2025020148,2025-10-27,STL,PIT,1,25,20
20252026,8480280,Jeremy Swayman,2025020149,2025-10-27,BOS,OTT,1,23,16
20252026,8482447,Leevi Merilainen,2025020149,2025-10-27,OTT,BOS,1,28,26
20252026,8481035,Samuel Ersson,2025020150,2025-10-28,PHI,PIT,1,26,24
20252026,8481668,Arturs Silovs,2025020150,2025-10-28,PIT,PHI,1,34,32
20252026,8476932,Anthony Stolarz,2025020151,2025-10-28,TOR,CGY,1,29,26
20252026,8481692,Dustin Wolf,2025020151,2025-10-28,CGY,TOR,1,37,33
20252026,8479312,Alex Lyon,2025020152,2025-10-28,BUF,CBJ,1,39,35
20252026,8482982,Jet Greaves,2025020152,2025-10-28,CBJ,BUF,1,38,35
20252026,8480193,Daniil Tarasov,2025020153,2025-10-28,FLA,ANA,1,17,15
20252026,8480843,Lukas Dostal,2025020153,2025-10-28,ANA,FLA,1,33,31
20252026,8476914,Joonas Korpisalo,2025020154,2025-10-28,BOS,NYI,1,35,33
20252026,8478009,Ilya Sorokin,2025020154,2025-10-28,NYI,BOS,1,21,17
20252026,8475883,Frederik Andersen,2025020155,2025-10-28,CAR,VGK,1,34,29
20252026,8481033,Akira Schmid,2025020155,2025-10-28,VGK,CAR,1,24,21
20252026,8476883,Andrei Vasilevskiy,2025020156,2025-10-28,TBL,NSH,1,20,18
20252026,8477424,Juuse Saros,2025020156,2025-10-28,NSH,TBL,1,31,27
20252026,8476945,Connor Hellebuyck,2025020157,2025-10-28,WPG,MIN,1,35,32
20252026,8479406,Filip Gustavsson,2025020157,2025-10-28,MIN,WPG,1,21,17
20252026,8476412,Jordan Binnington,2025020158,2025-10-28,STL,DET,1,19,15
20252026,8476434,John Gibson,2025020158,2025-10-28,DET,STL,1,22,20
20252026,8479979,Jake Oettinger,2025020159,2025-10-28,DAL,WSH,1,24,24
20252026,8480313,Logan Thompson,2025020159,2025-10-28,WSH,DAL,1,19,18
20252026,8476999,Linus Ullmark,2025020160,2025-10-28,OTT,CHI,1,25,19
20252026,8481519,Spencer Knight,2025020160,2025-10-28,CHI,OTT,1,24,21
20252026,8474593,Jacob Markstrom,2025020161,2025-10-28,NJD,COL,1,42,34
20252026,8475809,Scott Wedgewood,2025020161,2025-10-28,COL,NJD,1,30,26
20252026,8478872,Karel Vejmelka,2025020162,2025-10-28,UTA,EDM,1,23,18
20252026,8479973,Stuart Skinner,2025020162,2025-10-28,EDM,UTA,1,23,20
20252026,8471734,Jonathan Quick,2025020163,2025-10-28,NYR,VAN,1,23,23
20252026,8477967,Thatcher Demko,2025020163,2025-10-28,VAN,NYR,1,24,23
20252026,8478916,Joey Daccord,2025020164,2025-10-28,SEA,MTL,1,21,17
20252026,8482487,Jakub Dobes,2025020164,2025-10-28,MTL,SEA,1,21,18
20252026,8475311,Darcy Kuemper,2025020165,2025-10-28,LAK,SJS,1,40,37
20252026,8482137,Yaroslav Askarov,2025020165,2025-10-28,SJS,LAK,1,14,10
20252026,8478007,Elvis Merzlikins,2025020166,2025-10-29,CBJ,TOR,1,36,33
20252026,8480051,Cayden Primeau,2025020166,2025-10-29,TOR,CBJ,1,24,18
20252026,8476914,Joonas Korpisalo,2025020167,2025-10-30,BOS,BUF,1,40,37
20252026,8479312,Alex Lyon,2025020167,2025-10-30,BUF,BOS,1,22,18
20252026,8476999,Linus Ullmark,2025020168,2025-10-30,OTT,CGY,1,29,26
20252026,8482445,Devin Cooley,2025020168,2025-10-30,CGY,OTT,1,38,35
20252026,8476883,Andrei Vasilevskiy,2025020169,2025-10-30,TBL,DAL,1,21,20
20252026,8479979,Jake Oettinger,2025020169,2025-10-30,DAL,TBL,1,33,31
20252026,8477424,Juuse Saros,2025020170,2025-10-30,NSH,PHI,1,17,14
20252026,8478435,Dan Vladar,2025020170,2025-10-30,PHI,NSH,1,33,32
20252026,8479496,David Rittich,2025020171,2025-10-30,NYI,CAR,1,34,28
20252026,8483548,Brandon Bussi,2025020171,2025-10-30,CAR,NYI,1,28,26
20252026,8476412,Jordan Binnington,2025020172,2025-10-30,STL,VAN,1,18,15
20252026,8480947,Kevin Lankinen,2025020172,2025-10-30,VAN,STL,1,39,36
20252026,8477465,Tristan Jarry,2025020173,2025-10-30,PIT,MIN,1,27,26
20252026,8479406,Filip Gustavsson,2025020173,2025-10-30,MIN,PIT,1,33,30
20252026,8476945,Connor Hellebuyck,2025020174,2025-10-30,WPG,CHI,1,24,21
20252026,8481519,Spencer Knight,2025020174,2025-10-30,CHI,WPG,1,32,26
20252026,8478048,Igor Shesterkin,2025020175,2025-10-30,NYR,EDM,1,36,33
20252026,8479973,Stuart Skinner,2025020175,2025-10-30,EDM,NYR,1,35,31
20252026,8474596,Jake Allen,2025020176,2025-10-30,NJD,SJS,1,28,23
20252026,8477968,Alex Nedeljkovic,2025020176,2025-10-30,SJS,NJD,1,31,29
20252026,8475311,Darcy Kuemper,2025020177,2025-10-30,LAK,DET,1,27,24
20252026,8475660,Cam Talbot,2025020177,2025-10-30,DET,LAK,1,39,36
20252026,8475809,Scott Wedgewood,2025020178,2025-10-31,COL,VGK,1,23,21
20252026,8482761,Carl Lindbom,2025020178,2025-10-31,VGK,COL,1,25,22
20252026,8478009,Ilya Sorokin,2025020179,2025-10-31,NYI,WSH,1,23,22
20252026,8480313,Logan Thompson,2025020179,2025-10-31,WSH,NYI,1,22,20
20252026,8476434,John Gibson,2025020180,2025-10-31,DET,ANA,1,31,27
20252026,8480843,Lukas Dostal,2025020180,2025-10-31,ANA,DET,1,30,28
20252026,8475883,Frederik Andersen,2025020181,2025-11-01,CAR,BOS,1,22,20
20252026,8480280,Jeremy Swayman,2025020181,2025-11-01,BOS,CAR,1,29,28
20252026,8477480,Eric Comrie,2025020182,2025-11-01,WPG,PIT,1,30,28
20252026,8481668,Arturs Silovs,2025020182,2025-11-01,PIT,WPG,1,33,29
20252026,8477424,Juuse Saros,2025020183,2025-11-01,NSH,CGY,1,35,33
20252026,8481692,Dustin Wolf,2025020183,2025-11-01,CGY,NSH,1,11,8
20252026,8482445,Devin Cooley,2025020183,2025-11-01,CGY,NSH,0,12,12
20252026,8478406,Mackenzie Blackwood,2025020184,2025-11-01,COL,SJS,1,23,20
20252026,8482137,Yaroslav Askarov,2025020184,2025-11-01,SJS,COL,1,38,37
20252026,8475683,Sergei Bobrovsky,2025020185,2025-11-01,FLA,DAL,1,22,19
20252026,8479193,Casey DeSmith,2025020185,2025-11-01,DAL,FLA,1,28,25
20252026,8479292,Charlie Lindgren,2025020186,2025-11-01,WSH,BUF,1,24,21
20252026,8480045,Ukko-Pekka Luukkonen,2025020186,2025-11-01,BUF,WSH,1,34,31
20252026,8476999,Linus Ullmark,2025020187,2025-11-01,OTT,MTL,1,27,23
20252026,8478470,Samuel Montembeault,2025020187,2025-11-01,MTL,OTT,1,17,14
20252026,8476932,Anthony Stolarz,2025020188,2025-11-01,TOR,PHI,1,33,31
20252026,8478435,Dan Vladar,2025020188,2025-11-01,PHI,TOR,1,19,15
20252026,8482783,Aleksei Kolosov,2025020188,2025-11-01,PHI,TOR,0,7,7
20252026,8480981,Joel Hofer,2025020189,2025-11-01,STL,CBJ,1,35,32
20252026,8482982,Jet Greaves,2025020189,2025-11-01,CBJ,STL,1,39,37
20252026,8477967,Thatcher Demko,2025020190,2025-11-01,VAN,MIN,1,27,23
20252026,8479406,Filip Gustavsson,2025020190,2025-11-01,MIN,VAN,1,28,26
20252026,8474593,Jacob Markstrom,2025020191,2025-11-01,NJD,LAK,1,44,43
20252026,8475311,Darcy Kuemper,2025020191,2025-11-01,LAK,NJD,1,21,18
20252026,8479973,Stuart Skinner,2025020192,2025-11-01,EDM,CHI,1,29,27
20252026,8481519,Spencer Knight,2025020192,2025-11-01,CHI,EDM,1,30,27
20252026,8478048,Igor Shesterkin,2025020193,2025-11-01,NYR,SEA,1,13,11
20252026,8478916,Joey Daccord,2025020193,2025-11-01,SEA,NYR,1,27,24
20252026,8477992,Jonas Johansson,2025020194,2025-11-02,TBL,UTA,1,27,25
20252026,8478872,Karel Vejmelka,2025020194,2025-11-02,UTA,TBL,1,25,22
20252026,8478007,Elvis Merzlikins,2025020195,2025-11-02,CBJ,NYI,1,39,36
20252026,8479496,David Rittich,2025020195,2025-11-02,NYI,CBJ,1,22,20
20252026,8481692,Dustin Wolf,2025020196,2025-11-02,CGY,PHI,1,18,17
20252026,8482783,Aleksei Kolosov,2025020196,2025-11-02,PHI,CGY,1,21,19
20252026,8474596,Jake Allen,2025020197,2025-11-02,NJD,ANA,1,28,25
20252026,8480843,Lukas Dostal,2025020197,2025-11-02,ANA,NJD,1,33,32
20252026,8475660,Cam Talbot,2025020198,2025-11-02,DET,SJS,1,18,16
20252026,8477968,Alex Nedeljkovic,2025020198,2025-11-02,SJS,DET,1,32,30
20252026,8476932,Anthony Stolarz,2025020199,2025-11-03,TOR,PIT,1,37,34
20252026,8477465,Tristan Jarry,2025020199,2025-11-03,PIT,TOR,1,20,16
20252026,8475717,Calvin Pickard,2025020200,2025-11-03,EDM,STL,1,22,19
20252026,8476412,Jordan Binnington,2025020200,2025-11-03,STL,EDM,1,26,24
20252026,8477424,Juuse Saros,2025020201,2025-11-03,NSH,VAN,1,36,31
20252026,8477967,Thatcher Demko,2025020201,2025-11-03,VAN,NSH,1,29,25
20252026,8478916,Joey Daccord,2025020202,2025-11-03,SEA,CHI,1,30,29
20252026,8482821,Arvid Soderblom,2025020202,2025-11-03,CHI,SEA,1,24,21
20252026,8478872,Karel Vejmelka,2025020203,2025-11-04,UTA,BUF,1,18,17
20252026,8479312,Alex Lyon,2025020203,2025-11-04,BUF,UTA,1,35,33
20252026,8478435,Dan Vladar,2025020204,2025-11-04,PHI,MTL,1,20,16
20252026,8478470,Samuel Montembeault,2025020204,2025-11-04,MTL,PHI,1,42,38
20252026,8478009,Ilya Sorokin,2025020205,2025-11-04,NYI,BOS,1,27,24
20252026,8480280,Jeremy Swayman,2025020205,2025-11-04,BOS,NYI,1,33,30
20252026,8478048,Igor Shesterkin,2025020206,2025-11-04,NYR,CAR,1,31,29
20252026,8481611,Pyotr Kochetkov,2025020206,2025-11-04,CAR,NYR,1,26,26
20252026,8479193,Casey DeSmith,2025020207,2025-11-04,DAL,EDM,1,26,23
20252026,8479973,Stuart Skinner,2025020207,2025-11-04,EDM,DAL,1,27,24
20252026,8479406,Filip Gustavsson,2025020208,2025-11-04,MIN,NSH,1,34,32
20252026,8481020,Justus Annunen,2025020208,2025-11-04,NSH,MIN,1,24,22
20252026,8475809,Scott Wedgewood,2025020209,2025-11-04,COL,TBL,1,24,22
20252026,8476883,Andrei Vasilevskiy,2025020209,2025-11-04,TBL,COL,1,33,30
20252026,8476434,John Gibson,2025020210,2025-11-04,DET,VGK,1,34,33
20252026,8481033,Akira Schmid,2025020210,2025-11-04,VGK,DET,1,24,24
20252026,8475683,Sergei Bobrovsky,2025020211,2025-11-04,FLA,ANA,1,32,25
20252026,8480843,Lukas Dostal,2025020211,2025-11-04,ANA,FLA,1,21,18
20252026,8475311,Darcy Kuemper,2025020212,2025-11-04,LAK,WPG,1,23,23
20252026,8476945,Connor Hellebuyck,2025020212,2025-11-04,WPG,LAK,1,25,23
20252026,8476932,Anthony Stolarz,2025020213,2025-11-05,TOR,UTA,1,24,21
20252026,8477970,Vitek Vanecek,2025020213,2025-11-05,UTA,TOR,1,18,14
20252026,8476412,Jordan Binnington,2025020214,2025-11-05,STL,WSH,1,15,11
20252026,8480313,Logan Thompson,2025020214,2025-11-05,WSH,STL,1,24,23
20252026,8480981,Joel Hofer,2025020214,2025-11-05,STL,WSH,0,17,15
20252026,8481692,Dustin Wolf,2025020215,2025-11-05,CGY,CBJ,1,43,42
20252026,8482982,Jet Greaves,2025020215,2025-11-05,CBJ,CGY,1,25,21
20252026,8480947,Kevin Lankinen,2025020216,2025-11-05,VAN,CHI,1,27,23
20252026,8481519,Spencer Knight,2025020216,2025-11-05,CHI,VAN,1,45,43
20252026,8476899,Matt Murray,2025020217,2025-11-05,SEA,SJS,0,3,2
20252026,8478916,Joey Daccord,2025020217,2025-11-05,SEA,SJS,1,20,15
20252026,8482137,Yaroslav Askarov,2025020217,2025-11-05,SJS,SEA,1,30,29
20252026,8476914,Joonas Korpisalo,2025020218,2025-11-06,BOS,OTT,1,22,20
20252026,8476999,Linus Ullmark,2025020218,2025-11-06,OTT,BOS,1,25,22
20252026,8480045,Ukko-Pekka Luukkonen,2025020219,2025-11-06,BUF,STL,1,16,14
20252026,8480981,Joel Hofer,2025020219,2025-11-06,STL,BUF,1,28,28
20252026,8474593,Jacob Markstrom,2025020220,2025-11-06,NJD,MTL,1,19,16
20252026,8482487,Jakub Dobes,2025020220,2025-11-06,MTL,NJD,1,28,24
20252026,8479292,Charlie Lindgren,2025020221,2025-11-06,WSH,PIT,1,30,26
20252026,8481668,Arturs Silovs,2025020221,2025-11-06,PIT,WSH,1,30,27
20252026,8475883,Frederik Andersen,2025020222,2025-11-06,CAR,MIN,1,24,21
20252026,8479406,Filip Gustavsson,2025020222,2025-11-06,MIN,CAR,1,27,23
20252026,8477424,Juuse Saros,2025020223,2025-11-06,NSH,PHI,1,25,23
20252026,8478435,Dan Vladar,2025020223,2025-11-06,PHI,NSH,1,24,23
20252026,8479979,Jake Oettinger,2025020224,2025-11-06,DAL,ANA,1,24,18
20252026,8480843,Lukas Dostal,2025020224,2025-11-06,ANA,DAL,1,26,21
20252026,8476883,Andrei Vasilevskiy,2025020225,2025-11-06,TBL,VGK,1,32,29
20252026,8482761,Carl Lindbom,2025020225,2025-11-06,VGK,TBL,1,26,21
20252026,8475683,Sergei Bobrovsky,2025020226,2025-11-06,FLA,LAK,1,26,24
20252026,8476341,Anton Forsberg,2025020226,2025-11-06,LAK,FLA,1,24,19
20252026,8471734,Jonathan Quick,2025020227,2025-11-07,NYR,DET,1,33,32
20252026,8475660,Cam Talbot,2025020227,2025-11-07,DET,NYR,1,26,22
20252026,8479496,David Rittich,2025020228,2025-11-07,NYI,MIN,1,26,21
20252026,8482661,Jesper Wallstedt,2025020228,2025-11-07,MIN,NYI,1,27,25
20252026,8481519,Spencer Knight,2025020229,2025-11-07,CHI,CGY,1,33,33
20252026,8481692,Dustin Wolf,2025020229,2025-11-07,CGY,CHI,1,27,23
20252026,8476945,Connor Hellebuyck,2025020230,2025-11-07,WPG,SJS,1,28,26
20252026,8477968,Alex Nedeljkovic,2025020230,2025-11-07,SJS,WPG,1,33,32
20252026,8474596,Jake Allen,2025020231,2025-11-08,NJD,PIT,1,34,33
20252026,8481668,Arturs Silovs,2025020231,2025-11-08,PIT,NJD,1,24,23
20252026,8476999,Linus Ullmark,2025020232,2025-11-08,OTT,PHI,1,22,20
20252026,8481035,Samuel Ersson,2025020232,2025-11-08,PHI,OTT,1,14,11
20252026,8479979,Jake Oettinger,2025020233,2025-11-08,DAL,NSH,1,21,17
20252026,8481020,Justus Annunen,2025020233,2025-11-08,NSH,DAL,1,22,17
20252026,8476932,Anthony Stolarz,2025020234,2025-11-08,TOR,BOS,1,19,15
20252026,8480280,Jeremy Swayman,2025020234,2025-11-08,BOS,TOR,1,33,30
20252026,8483710,Dennis Hildeby,2025020234,2025-11-08,TOR,BOS,0,20,19
20252026,8478470,Samuel Montembeault,2025020235,2025-11-08,MTL,UTA,1,27,25
20252026,8478872,Karel Vejmelka,2025020235,2025-11-08,UTA,MTL,1,23,17
20252026,8476883,Andrei Vasilevskiy,2025020236,2025-11-08,TBL,WSH,1,30,29
20252026,8480313,Logan Thompson,2025020236,2025-11-08,WSH,TBL,1,20,17
20252026,8478009,Ilya Sorokin,2025020237,2025-11-08,NYI,NYR,1,33,33
20252026,8478048,Igor Shesterkin,2025020237,2025-11-08,NYR,NYI,1,25,21
20252026,8479312,Alex Lyon,2025020238,2025-11-08,BUF,CAR,1,33,29
20252026,8481611,Pyotr Kochetkov,2025020238,2025-11-08,CAR,BUF,1,22,19
20252026,8475831,Philipp Grubauer,2025020239,2025-11-08,SEA,STL,1,19,16
20252026,8480981,Joel Hofer,2025020239,2025-11-08,STL,SEA,1,30,26
20252026,8475717,Calvin Pickard,2025020240,2025-11-08,EDM,COL,0,21,16
20252026,8475809,Scott Wedgewood,2025020240,2025-11-08,COL,EDM,1,24,23
20252026,8479973,Stuart Skinner,2025020240,2025-11-08,EDM,COL,1,13,9
20252026,8478007,Elvis Merzlikins,2025020241,2025-11-08,CBJ,VAN,1,24,20
20252026,8480947,Kevin Lankinen,2025020241,2025-11-08,VAN,CBJ,1,32,29
20252026,8475852,Petr Mrazek,2025020242,2025-11-08,ANA,VGK,1,39,36
20252026,8481033,Akira Schmid,2025020242,2025-11-08,VGK,ANA,1,29,25
20252026,8480193,Daniil Tarasov,2025020243,2025-11-08,FLA,SJS,1,22,20
20252026,8482137,Yaroslav Askarov,2025020243,2025-11-08,SJS,FLA,1,39,38
20252026,8476434,John Gibson,2025020244,2025-11-09,DET,CHI,1,19,15
20252026,8482821,Arvid Soderblom,2025020244,2025-11-09,CHI,DET,1,46,45
20252026,8475311,Darcy Kuemper,2025020245,2025-11-09,LAK,PIT,1,33,31
20252026,8483703,Sergei Murashov,2025020245,2025-11-09,PIT,LAK,1,27,24
20252026,8483548,Brandon Bussi,2025020246,2025-11-09,CAR,TOR,1,20,16
20252026,8483710,Dennis Hildeby,2025020246,2025-11-09,TOR,CAR,1,47,42
20252026,8477970,Vitek Vanecek,2025020247,2025-11-09,UTA,OTT,1,25,21
20252026,8482447,Leevi Merilainen,2025020247,2025-11-09,OTT,UTA,1,31,29
20252026,8476899,Matt Murray,2025020248,2025-11-09,SEA,DAL,1,25,23
20252026,8479193,Casey DeSmith,2025020248,2025-11-09,DAL,SEA,1,31,30
20252026,8482445,Devin Cooley,2025020249,2025-11-09,CGY,MIN,1,18,17
20252026,8482661,Jesper Wallstedt,2025020249,2025-11-09,MIN,CGY,1,36,36
20252026,8478406,Mackenzie Blackwood,2025020250,2025-11-09,COL,VAN,1,33,29
20252026,8480947,Kevin Lankinen,2025020250,2025-11-09,VAN,COL,1,32,27
20252026,8477480,Eric Comrie,2025020251,2025-11-09,WPG,ANA,1,21,17
20252026,8480843,Lukas Dostal,2025020251,2025-11-09,ANA,WPG,1,24,23
20252026,8474593,Jacob Markstrom,2025020252,2025-11-10,NJD,NYI,1,24,21
20252026,8478009,Ilya Sorokin,2025020252,2025-11-10,NYI,NJD,1,35,33
20252026,8477424,Juuse Saros,2025020253,2025-11-10,NSH,NYR,1,12,7
20252026,8478048,Igor Shesterkin,2025020253,2025-11-10,NYR,NSH,1,30,27
20252026,8481020,Justus Annunen,2025020253,2025-11-10,NSH,NYR,0,6,5
20252026,8479973,Stuart Skinner,2025020254,2025-11-10,EDM,CBJ,1,22,18
20252026,8482982,Jet Greaves,2025020254,2025-11-10,CBJ,EDM,1,24,19
20252026,8475683,Sergei Bobrovsky,2025020255,2025-11-10,FLA,VGK,1,32,30
20252026,8482761,Carl Lindbom,2025020255,2025-11-10,VGK,FLA,1,20,17
20252026,8476932,Anthony Stolarz,2025020256,2025-11-11,TOR,BOS,1,11,8
20252026,8480280,Jeremy Swayman,2025020256,2025-11-11,BOS,TOR,1,33,30
20252026,8483710,Dennis Hildeby,2025020256,2025-11-11,TOR,BOS,0,21,19
20252026,8475311,Darcy Kuemper,2025020257,2025-11-11,LAK,MTL,1,22,21
20252026,8478470,Samuel Montembeault,2025020257,2025-11-11,MTL,LAK,1,25,21
20252026,8476999,Linus Ullmark,2025020258,2025-11-11,OTT,DAL,1,33,30
20252026,8479979,Jake Oettinger,2025020258,2025-11-11,DAL,OTT,1,29,27
20252026,8475883,Frederik Andersen,2025020259,2025-11-11,CAR,WSH,1,27,24
20252026,8480313,Logan Thompson,2025020259,2025-11-11,WSH,CAR,1,31,30
20252026,8481611,Pyotr Kochetkov,2025020259,2025-11-11,CAR,WSH,0,0,0
20252026,8476412,Jordan Binnington,2025020260,2025-11-11,STL,CGY,1,40,38
20252026,8481692,Dustin Wolf,2025020260,2025-11-11,CGY,STL,1,31,28
20252026,8479406,Filip Gustavsson,2025020261,2025-11-11,MIN,SJS,1,18,16
20252026,8482137,Yaroslav Askarov,2025020261,2025-11-11,SJS,MIN,1,29,28
20252026,8475809,Scott Wedgewood,2025020262,2025-11-11,COL,ANA,1,36,35
20252026,8480843,Lukas Dostal,2025020262,2025-11-11,ANA,COL,1,35,32
20252026,8476945,Connor Hellebuyck,2025020263,2025-11-11,WPG,VAN,1,33,30
20252026,8477967,Thatcher Demko,2025020263,2025-11-11,VAN,WPG,1,8,5
20252026,8480947,Kevin Lankinen,2025020263,2025-11-11,VAN,WPG,0,21,20
20252026,8476899,Matt Murray,2025020264,2025-11-11,SEA,CBJ,1,34,33
20252026,8482982,Jet Greaves,2025020264,2025-11-11,CBJ,SEA,1,23,22
20252026,8476883,Andrei Vasilevskiy,2025020265,2025-11-12,TBL,NYR,1,13,8
20252026,8477992,Jonas Johansson,2025020265,2025-11-12,TBL,NYR,0,7,6
20252026,8478048,Igor Shesterkin,2025020265,2025-11-12,NYR,TBL,1,36,33
20252026,8478435,Dan Vladar,2025020266,2025-11-12,PHI,EDM,1,31,29
20252026,8479973,Stuart Skinner,2025020266,2025-11-12,EDM,PHI,1,21,20
20252026,8478872,Karel Vejmelka,2025020267,2025-11-12,UTA,BUF,1,19,17
20252026,8481551,Colten Ellis,2025020267,2025-11-12,BUF,UTA,1,36,32
20252026,8474593,Jacob Markstrom,2025020268,2025-11-12,NJD,CHI,1,20,17
20252026,8481519,Spencer Knight,2025020268,2025-11-12,CHI,NJD,1,37,33
20252026,8475311,Darcy Kuemper,2025020269,2025-11-13,LAK,TOR,1,15,12
20252026,8483710,Dennis Hildeby,2025020269,2025-11-13,TOR,LAK,1,37,33
20252026,8478470,Samuel Montembeault,2025020270,2025-11-13,MTL,DAL,0,6,4
20252026,8479193,Casey DeSmith,2025020270,2025-11-13,DAL,MTL,1,24,24
20252026,8482487,Jakub Dobes,2025020270,2025-11-13,MTL,DAL,1,13,8
20252026,8476914,Joonas Korpisalo,2025020271,2025-11-13,BOS,OTT,1,21,17
20252026,8482447,Leevi Merilainen,2025020271,2025-11-13,OTT,BOS,1,21,18
20252026,8475660,Cam Talbot,2025020272,2025-11-13,DET,ANA,0,11,10
20252026,8476434,John Gibson,2025020272,2025-11-13,DET,ANA,1,17,15
20252026,8480843,Lukas Dostal,2025020272,2025-11-13,ANA,DET,1,32,27
20252026,8480193,Daniil Tarasov,2025020273,2025-11-13,FLA,WSH,1,40,37
20252026,8480313,Logan Thompson,2025020273,2025-11-13,WSH,FLA,1,27,22
20252026,8475717,Calvin Pickard,2025020274,2025-11-13,EDM,CBJ,1,25,20
20252026,8482982,Jet Greaves,2025020274,2025-11-13,CBJ,EDM,1,29,25
20252026,8478406,Mackenzie Blackwood,2025020275,2025-11-13,COL,BUF,1,21,18
20252026,8479312,Alex Lyon,2025020275,2025-11-13,BUF,COL,1,3,1
20252026,8480045,Ukko-Pekka Luukkonen,2025020275,2025-11-13,BUF,COL,0,30,27
20252026,8481692,Dustin Wolf,2025020276,2025-11-13,CGY,SJS,1,17,17
20252026,8482137,Yaroslav Askarov,2025020276,2025-11-13,SJS,CGY,1,35,34
20252026,8478009,Ilya Sorokin,2025020277,2025-11-13,NYI,VGK,1,29,26
20252026,8481033,Akira Schmid,2025020277,2025-11-13,VGK,NYI,1,24,20
20252026,8475831,Philipp Grubauer,2025020278,2025-11-13,SEA,WPG,1,26,23
20252026,8476945,Connor Hellebuyck,2025020278,2025-11-13,WPG,SEA,1,17,13
20252026,8480947,Kevin Lankinen,2025020279,2025-11-14,VAN,CAR,1,38,34
20252026,8481611,Pyotr Kochetkov,2025020279,2025-11-14,CAR,VAN,1,17,14
20252026,8476412,Jordan Binnington,2025020280,2025-11-14,STL,PHI,1,31,26
20252026,8481035,Samuel Ersson,2025020280,2025-11-14,PHI,STL,1,17,12
20252026,8477424,Juuse Saros,2025020281,2025-11-14,NSH,PIT,1,17,16
20252026,8481668,Arturs Silovs,2025020281,2025-11-14,PIT,NSH,1,30,28
20252026,8478872,Karel Vejmelka,2025020282,2025-11-14,UTA,NYI,1,21,19
20252026,8479496,David Rittich,2025020282,2025-11-14,NYI,UTA,1,30,28
20252026,8475683,Sergei Bobrovsky,2025020283,2025-11-15,FLA,TBL,1,19,17
20252026,8476883,Andrei Vasilevskiy,2025020283,2025-11-15,TBL,FLA,1,23,22
20252026,8475852,Petr Mrazek,2025020284,2025-11-15,ANA,MIN,1,29,28
20252026,8482661,Jesper Wallstedt,2025020284,2025-11-15,MIN,ANA,1,28,28
20252026,8478470,Samuel Montembeault,2025020285,2025-11-15,MTL,BOS,1,23,20
20252026,8480280,Jeremy Swayman,2025020285,2025-11-15,BOS,MTL,1,28,26
20252026,8476341,Anton Forsberg,2025020286,2025-11-15,LAK,OTT,1,17,17
20252026,8476999,Linus Ullmark,2025020286,2025-11-15,OTT,LAK,1,18,17
20252026,8476434,John Gibson,2025020287,2025-11-15,DET,BUF,1,27,22
20252026,8481551,Colten Ellis,2025020287,2025-11-15,BUF,DET,1,28,24
20252026,8474596,Jake Allen,2025020288,2025-11-15,NJD,WSH,1,31,29
20252026,8480313,Logan Thompson,2025020288,2025-11-15,WSH,NJD,1,31,29
20252026,8475883,Frederik Andersen,2025020289,2025-11-15,CAR,EDM,1,23,19
20252026,8479973,Stuart Skinner,2025020289,2025-11-15,EDM,CAR,1,36,33
20252026,8478048,Igor Shesterkin,2025020290,2025-11-15,NYR,CBJ,1,27,26
20252026,8482982,Jet Greaves,2025020290,2025-11-15,CBJ,NYR,1,33,32
20252026,8479361,Joseph Woll,2025020291,2025-11-15,TOR,CHI,1,32,29
20252026,8481519,Spencer Knight,2025020291,2025-11-15,CHI,TOR,1,33,31
20252026,8480981,Joel Hofer,2025020292,2025-11-15,STL,VGK,1,34,30
20252026,8481033,Akira Schmid,2025020292,2025-11-15,VGK,STL,1,23,22
20252026,8478435,Dan Vladar,2025020293,2025-11-15,PHI,DAL,1,28,23
20252026,8479979,Jake Oettinger,2025020293,2025-11-15,DAL,PHI,1,21,20
20252026,8476945,Connor Hellebuyck,2025020294,2025-11-15,WPG,CGY,1,34,31
20252026,8481692,Dustin Wolf,2025020294,2025-11-15,CGY,WPG,1,23,20
20252026,8475831,Philipp Grubauer,2025020295,2025-11-15,SEA,SJS,0,19,19
20252026,8476899,Matt Murray,2025020295,2025-11-15,SEA,SJS,1,7,6
20252026,8477968,Alex Nedeljkovic,2025020295,2025-11-15,SJS,SEA,1,22,19
20252026,8477424,Juuse Saros,2025020296,2025-11-16,NSH,PIT,1,21,18
20252026,8483703,Sergei Murashov,2025020296,2025-11-16,PIT,NSH,1,21,21
20252026,8477992,Jonas Johansson,2025020297,2025-11-16,TBL,VAN,1,17,12
20252026,8480947,Kevin Lankinen,2025020297,2025-11-16,VAN,TBL,1,30,28
20252026,8479406,Filip Gustavsson,2025020298,2025-11-16,MIN,VGK,1,25,23
20252026,8482761,Carl Lindbom,2025020298,2025-11-16,VGK,MIN,1,28,25
20252026,8471734,Jonathan Quick,2025020299,2025-11-16,NYR,DET,1,42,40
20252026,8475660,Cam Talbot,2025020299,2025-11-16,DET,NYR,1,19,18
20252026,8475809,Scott Wedgewood,2025020300,2025-11-16,COL,NYI,1,29,28
20252026,8478009,Ilya Sorokin,2025020300,2025-11-16,NYI,COL,1,27,24
20252026,8480280,Jeremy Swayman,2025020301,2025-11-17,BOS,CAR,1,32,29
20252026,8481611,Pyotr Kochetkov,2025020301,2025-11-17,CAR,BOS,1,30,29
20252026,8479973,Stuart Skinner,2025020302,2025-11-17,EDM,BUF,1,27,23
20252026,8481551,Colten Ellis,2025020302,2025-11-17,BUF,EDM,1,33,32
20252026,8475683,Sergei Bobrovsky,2025020303,2025-11-17,FLA,VAN,1,15,10
20252026,8480238,Jiri Patera,2025020303,2025-11-17,VAN,FLA,1,40,33
20252026,8475311,Darcy Kuemper,2025020304,2025-11-17,LAK,WSH,1,25,23
20252026,8479292,Charlie Lindgren,2025020304,2025-11-17,WSH,LAK,1,31,30
20252026,8482487,Jakub Dobes,2025020305,2025-11-17,MTL,CBJ,1,23,20
20252026,8482982,Jet Greaves,2025020305,2025-11-17,CBJ,MTL,1,32,29
20252026,8478872,Karel Vejmelka,2025020306,2025-11-17,UTA,ANA,1,26,23
20252026,8480843,Lukas Dostal,2025020306,2025-11-17,ANA,UTA,1,18,16
20252026,8476412,Jordan Binnington,2025020307,2025-11-18,STL,TOR,1,29,26
20252026,8479361,Joseph Woll,2025020307,2025-11-18,TOR,STL,1,29,28
20252026,8475660,Cam Talbot,2025020308,2025-11-18,DET,SEA,1,22,20
20252026,8478916,Joey Daccord,2025020308,2025-11-18,SEA,DET,1,26,23
20252026,8474593,Jacob Markstrom,2025020309,2025-11-18,NJD,TBL,1,29,24
20252026,8476883,Andrei Vasilevskiy,2025020309,2025-11-18,TBL,NJD,1,32,31
20252026,8479496,David Rittich,2025020310,2025-11-18,NYI,DAL,1,24,22
20252026,8479979,Jake Oettinger,2025020310,2025-11-18,DAL,NYI,1,22,19
20252026,8477480,Eric Comrie,2025020311,2025-11-18,WPG,CBJ,1,22,20
20252026,8478007,Elvis Merzlikins,2025020311,2025-11-18,CBJ,WPG,1,30,25
20252026,8481692,Dustin Wolf,2025020312,2025-11-18,CGY,CHI,1,22,18
20252026,8482821,Arvid Soderblom,2025020312,2025-11-18,CHI,CGY,1,21,19
20252026,8478048,Igor Shesterkin,2025020313,2025-11-18,NYR,VGK,1,26,23
20252026,8481033,Akira Schmid,2025020313,2025-11-18,VGK,NYR,1,19,17
20252026,8477970,Vitek Vanecek,2025020314,2025-11-18,UTA,SJS,1,22,19
20252026,8482137,Yaroslav Askarov,2025020314,2025-11-18,SJS,UTA,1,26,24
20252026,8479973,Stuart Skinner,2025020315,2025-11-19,EDM,WSH,1,20,15
20252026,8480313,Logan Thompson,2025020315,2025-11-19,WSH,EDM,1,30,26
20252026,8481551,Colten Ellis,2025020316,2025-11-19,BUF,CGY,1,35,29
20252026,8482445,Devin Cooley,2025020316,2025-11-19,CGY,BUF,1,30,28
20252026,8475883,Frederik Andersen,2025020317,2025-11-19,CAR,MIN,1,19,16
20252026,8482661,Jesper Wallstedt,2025020317,2025-11-19,MIN,CAR,1,45,42
20252026,8476914,Joonas Korpisalo,2025020318,2025-11-19,BOS,ANA,1,33,29
20252026,8480843,Lukas Dostal,2025020318,2025-11-19,ANA,BOS,1,39,36
20252026,8479361,Joseph Woll,2025020319,2025-11-20,TOR,CBJ,1,30,27
20252026,8482982,Jet Greaves,2025020319,2025-11-20,CBJ,TOR,1,29,27
20252026,8478470,Samuel Montembeault,2025020320,2025-11-20,MTL,WSH,1,10,7
20252026,8479292,Charlie Lindgren,2025020320,2025-11-20,WSH,MTL,1,28,24
20252026,8482487,Jakub Dobes,2025020320,2025-11-20,MTL,WSH,0,25,21
20252026,8476434,John Gibson,2025020321,2025-11-20,DET,NYI,1,26,21
20252026,8478009,Ilya Sorokin,2025020321,2025-11-20,NYI,DET,1,29,29
20252026,8475717,Calvin Pickard,2025020322,2025-11-20,EDM,TBL,1,35,33
20252026,8476883,Andrei Vasilevskiy,2025020322,2025-11-20,TBL,EDM,1,25,24
20252026,8474596,Jake Allen,2025020323,2025-11-20,NJD,FLA,1,24,23
20252026,8475683,Sergei Bobrovsky,2025020323,2025-11-20,FLA,NJD,1,32,32
20252026,8478435,Dan Vladar,2025020324,2025-11-20,PHI,STL,1,29,27
20252026,8480981,Joel Hofer,2025020324,2025-11-20,STL,PHI,1,28,25
20252026,8478916,Joey Daccord,2025020325,2025-11-20,SEA,CHI,1,24,22
20252026,8481519,Spencer Knight,2025020325,2025-11-20,CHI,SEA,1,27,24
20252026,8475809,Scott Wedgewood,2025020326,2025-11-20,COL,NYR,1,19,16
20252026,8478048,Igor Shesterkin,2025020326,2025-11-20,NYR,COL,1,33,29
20252026,8478872,Karel Vejmelka,2025020327,2025-11-20,UTA,VGK,1,33,29
20252026,8481033,Akira Schmid,2025020327,2025-11-20,VGK,UTA,1,26,25
20252026,8479979,Jake Oettinger,2025020328,2025-11-20,DAL,VAN,1,36,34
20252026,8480947,Kevin Lankinen,2025020328,2025-11-20,VAN,DAL,1,24,20
20252026,8475852,Petr Mrazek,2025020329,2025-11-20,ANA,OTT,1,25,22
20252026,8476999,Linus Ullmark,2025020329,2025-11-20,OTT,ANA,1,25,23
20252026,8476341,Anton Forsberg,2025020330,2025-11-20,LAK,SJS,1,24,21
20252026,8482137,Yaroslav Askarov,2025020330,2025-11-20,SJS,LAK,1,34,31
20252026,8480045,Ukko-Pekka Luukkonen,2025020331,2025-11-21,BUF,CHI,1,23,20
20252026,8482821,Arvid Soderblom,2025020331,2025-11-21,CHI,BUF,1,31,22
20252026,8479406,Filip Gustavsson,2025020332,2025-11-21,MIN,PIT,1,19,19
20252026,8481668,Arturs Silovs,2025020332,2025-11-21,PIT,MIN,1,10,6
20252026,8483703,Sergei Murashov,2025020332,2025-11-21,PIT,MIN,0,11,10
20252026,8477480,Eric Comrie,2025020333,2025-11-21,WPG,CAR,1,28,24
20252026,8483548,Brandon Bussi,2025020333,2025-11-21,CAR,WPG,1,28,25
20252026,8475311,Darcy Kuemper,2025020334,2025-11-21,LAK,BOS,1,26,24
20252026,8480280,Jeremy Swayman,2025020334,2025-11-21,BOS,LAK,1,32,31
20252026,8475660,Cam Talbot,2025020335,2025-11-22,DET,CBJ,1,35,32
20252026,8482982,Jet Greaves,2025020335,2025-11-22,CBJ,DET,1,33,29
20252026,8476412,Jordan Binnington,2025020336,2025-11-22,STL,NYI,1,30,29
20252026,8478009,Ilya Sorokin,2025020336,2025-11-22,NYI,STL,1,22,20
20252026,8479361,Joseph Woll,2025020337,2025-11-22,TOR,MTL,1,25,21
20252026,8482487,Jakub Dobes,2025020337,2025-11-22,MTL,TOR,1,26,24
20252026,8483710,Dennis Hildeby,2025020337,2025-11-22,TOR,MTL,0,3,3
20252026,8475683,Sergei Bobrovsky,2025020338,2025-11-22,FLA,EDM,1,17,13
20252026,8479973,Stuart Skinner,2025020338,2025-11-22,EDM,FLA,1,38,35
20252026,8480193,Daniil Tarasov,2025020338,2025-11-22,FLA,EDM,0,12,12
20252026,8474596,Jake Allen,2025020339,2025-11-22,NJD,PHI,1,29,23
20252026,8478435,Dan Vladar,2025020339,2025-11-22,PHI,NJD,1,35,32
20252026,8475831,Philipp Grubauer,2025020340,2025-11-22,SEA,PIT,1,32,30
20252026,8483703,Sergei Murashov,2025020340,2025-11-22,PIT,SEA,1,21,18
20252026,8477992,Jonas Johansson,2025020341,2025-11-22,TBL,WSH,1,32,29
20252026,8479292,Charlie Lindgren,2025020341,2025-11-22,WSH,TBL,0,10,9
20252026,8480313,Logan Thompson,2025020341,2025-11-22,WSH,TBL,1,6,2
20252026,8476999,Linus Ullmark,2025020342,2025-11-22,OTT,SJS,1,19,17
20252026,8477968,Alex Nedeljkovic,2025020342,2025-11-22,SJS,OTT,1,27,24
20252026,8477424,Juuse Saros,2025020343,2025-11-22,NSH,COL,1,24,23
20252026,8478406,Mackenzie Blackwood,2025020343,2025-11-22,COL,NSH,1,35,35
20252026,8471734,Jonathan Quick,2025020344,2025-11-22,NYR,UTA,1,34,31
20252026,8478872,Karel Vejmelka,2025020344,2025-11-22,UTA,NYR,1,22,20
20252026,8479193,Casey DeSmith,2025020345,2025-11-22,DAL,CGY,1,33,31
20252026,8482445,Devin Cooley,2025020345,2025-11-22,CGY,DAL,1,30,28
20252026,8480843,Lukas Dostal,2025020346,2025-11-22,ANA,VGK,1,32,29
20252026,8481033,Akira Schmid,2025020346,2025-11-22,VGK,ANA,1,33,29
20252026,8475883,Frederik Andersen,2025020347,2025-11-23,CAR,BUF,1,20,17
20252026,8480045,Ukko-Pekka Luukkonen,2025020347,2025-11-23,BUF,CAR,1,30,29
20252026,8477480,Eric Comrie,2025020348,2025-11-23,WPG,MIN,1,30,27
20252026,8482661,Jesper Wallstedt,2025020348,2025-11-23,MIN,WPG,1,32,32
20252026,8478916,Joey Daccord,2025020349,2025-11-23,SEA,NYI,1,34,34
20252026,8479496,David Rittich,2025020349,2025-11-23,NYI,SEA,1,19,19
20252026,8475809,Scott Wedgewood,2025020350,2025-11-23,COL,CHI,1,22,22
20252026,8481519,Spencer Knight,2025020350,2025-11-23,CHI,COL,1,26,25
20252026,8480280,Jeremy Swayman,2025020351,2025-11-23,BOS,SJS,1,30,28
20252026,8482137,Yaroslav Askarov,2025020351,2025-11-23,SJS,BOS,1,35,34
20252026,8480947,Kevin Lankinen,2025020352,2025-11-23,VAN,CGY,1,21,16
20252026,8481692,Dustin Wolf,2025020352,2025-11-23,CGY,VAN,1,31,29
20252026,8476883,Andrei Vasilevskiy,2025020353,2025-11-24,TBL,PHI,1,20,20
20252026,8481035,Samuel Ersson,2025020353,2025-11-24,PHI,TBL,1,17,15
20252026,8474593,Jacob Markstrom,2025020354,2025-11-24,NJD,DET,1,35,32
20252026,8475660,Cam Talbot,2025020354,2025-11-24,DET,NJD,1,20,16
20252026,8478048,Igor Shesterkin,2025020355,2025-11-24,NYR,STL,1,21,19
20252026,8480981,Joel Hofer,2025020355,2025-11-24,STL,NYR,1,21,18
20252026,8478007,Elvis Merzlikins,2025020356,2025-11-24,CBJ,WSH,1,31,26
20252026,8480313,Logan Thompson,2025020356,2025-11-24,WSH,CBJ,1,23,22
20252026,8477424,Juuse Saros,2025020357,2025-11-24,NSH,FLA,1,16,11
20252026,8480193,Daniil Tarasov,2025020357,2025-11-24,FLA,NSH,1,39,36
20252026,8481020,Justus Annunen,2025020357,2025-11-24,NSH,FLA,0,10,7
20252026,8478872,Karel Vejmelka,2025020358,2025-11-24,UTA,VGK,1,34,33
20252026,8482761,Carl Lindbom,2025020358,2025-11-24,VGK,UTA,1,21,18
20252026,8475311,Darcy Kuemper,2025020359,2025-11-24,LAK,OTT,1,28,27
20252026,8482447,Leevi Merilainen,2025020359,2025-11-24,OTT,LAK,1,22,20
20252026,8475717,Calvin Pickard,2025020360,2025-11-25,EDM,DAL,0,22,18
20252026,8479973,Stuart Skinner,2025020360,2025-11-25,EDM,DAL,1,8,4
20252026,8479979,Jake Oettinger,2025020360,2025-11-25,DAL,EDM,1,25,22
20252026,8475660,Cam Talbot,2025020361,2025-11-26,DET,NSH,1,28,23
20252026,8481020,Justus Annunen,2025020361,2025-11-26,NSH,DET,1,31,28
20252026,8476883,Andrei Vasilevskiy,2025020362,2025-11-26,TBL,CGY,1,32,31
20252026,8481692,Dustin Wolf,2025020362,2025-11-26,CGY,TBL,1,4,1
20252026,8482445,Devin Cooley,2025020362,2025-11-26,CGY,TBL,0,19,17
20252026,8475683,Sergei Bobrovsky,2025020363,2025-11-26,FLA,PHI,1,18,14
20252026,8478435,Dan Vladar,2025020363,2025-11-26,PHI,FLA,1,27,25
20252026,8474593,Jacob Markstrom,2025020364,2025-11-26,NJD,STL,1,23,21
20252026,8476412,Jordan Binnington,2025020364,2025-11-26,STL,NJD,1,29,26
20252026,8478009,Ilya Sorokin,2025020365,2025-11-26,NYI,BOS,1,14,11
20252026,8480280,Jeremy Swayman,2025020365,2025-11-26,BOS,NYI,1,44,43
20252026,8477465,Tristan Jarry,2025020366,2025-11-26,PIT,BUF,1,31,29
20252026,8480045,Ukko-Pekka Luukkonen,2025020366,2025-11-26,BUF,PIT,1,18,15
20252026,8477480,Eric Comrie,2025020367,2025-11-26,WPG,WSH,1,35,31
20252026,8479292,Charlie Lindgren,2025020367,2025-11-26,WSH,WPG,1,21,18
20252026,8475883,Frederik Andersen,2025020368,2025-11-26,CAR,NYR,1,17,14
20252026,8478048,Igor Shesterkin,2025020368,2025-11-26,NYR,CAR,1,38,36
20252026,8479361,Joseph Woll,2025020369,2025-11-26,TOR,CBJ,1,36,35
20252026,8482982,Jet Greaves,2025020369,2025-11-26,CBJ,TOR,1,24,22
20252026,8479406,Filip Gustavsson,2025020370,2025-11-26,MIN,CHI,1,37,34
20252026,8481519,Spencer Knight,2025020370,2025-11-26,CHI,MIN,1,24,20
20252026,8477968,Alex Nedeljkovic,2025020371,2025-11-26,SJS,COL,0,23,21
20252026,8478406,Mackenzie Blackwood,2025020371,2025-11-26,COL,SJS,1,26,26
20252026,8482137,Yaroslav Askarov,2025020371,2025-11-26,SJS,COL,1,19,15
20252026,8478872,Karel Vejmelka,2025020372,2025-11-26,UTA,MTL,1,17,13
20252026,8482487,Jakub Dobes,2025020372,2025-11-26,MTL,UTA,1,34,31
20252026,8476999,Linus Ullmark,2025020373,2025-11-26,OTT,VGK,1,35,32
20252026,8481033,Akira Schmid,2025020373,2025-11-26,VGK,OTT,1,22,19
20252026,8475852,Petr Mrazek,2025020374,2025-11-26,ANA,VAN,1,27,23
20252026,8484268,Nikita Tolopilo,2025020374,2025-11-26,VAN,ANA,1,41,37
20252026,8478916,Joey Daccord,2025020375,2025-11-26,SEA,DAL,1,21,18
20252026,8479193,Casey DeSmith,2025020375,2025-11-26,DAL,SEA,1,28,26
20252026,8476914,Joonas Korpisalo,2025020376,2025-11-28,BOS,NYR,1,36,31
20252026,8478048,Igor Shesterkin,2025020376,2025-11-28,NYR,BOS,1,21,19
20252026,8476434,John Gibson,2025020377,2025-11-28,DET,TBL,1,26,21
20252026,8476883,Andrei Vasilevskiy,2025020377,2025-11-28,TBL,DET,1,37,34
20252026,8475809,Scott Wedgewood,2025020378,2025-11-28,COL,MIN,1,39,37
20252026,8482661,Jesper Wallstedt,2025020378,2025-11-28,MIN,COL,1,41,39
20252026,8474596,Jake Allen,2025020379,2025-11-28,NJD,BUF,1,42,42
20252026,8479312,Alex Lyon,2025020379,2025-11-28,BUF,NJD,1,23,18
20252026,8480193,Daniil Tarasov,2025020380,2025-11-28,FLA,CGY,1,33,29
20252026,8482445,Devin Cooley,2025020380,2025-11-28,CGY,FLA,1,41,38
20252026,8479496,David Rittich,2025020381,2025-11-28,NYI,PHI,1,21,18
20252026,8481035,Samuel Ersson,2025020381,2025-11-28,PHI,NYI,1,31,28
20252026,8476412,Jordan Binnington,2025020382,2025-11-28,STL,OTT,1,28,25
20252026,8482447,Leevi Merilainen,2025020382,2025-11-28,OTT,STL,1,31,27
20252026,8478470,Samuel Montembeault,2025020383,2025-11-28,MTL,VGK,1,31,30
20252026,8481033,Akira Schmid,2025020383,2025-11-28,VGK,MTL,1,18,15
20252026,8475311,Darcy Kuemper,2025020384,2025-11-28,LAK,ANA,1,31,27
20252026,8478024,Ville Husso,2025020384,2025-11-28,ANA,LAK,1,27,23
20252026,8482137,Yaroslav Askarov,2025020385,2025-11-28,SJS,VAN,1,34,32
20252026,8484268,Nikita Tolopilo,2025020385,2025-11-28,VAN,SJS,1,24,21
20252026,8479361,Joseph Woll,2025020386,2025-11-28,TOR,WSH,1,33,30
20252026,8480313,Logan Thompson,2025020386,2025-11-28,WSH,TOR,1,22,20
20252026,8483114,Thomas Milic,2025020387,2025-11-28,WPG,CAR,1,34,30
20252026,8483548,Brandon Bussi,2025020387,2025-11-28,CAR,WPG,1,13,12
20252026,8477465,Tristan Jarry,2025020388,2025-11-28,PIT,CBJ,1,29,26
20252026,8482982,Jet Greaves,2025020388,2025-11-28,CBJ,PIT,1,24,20
20252026,8477424,Juuse Saros,2025020389,2025-11-28,NSH,CHI,1,27,24
20252026,8482821,Arvid Soderblom,2025020389,2025-11-28,CHI,NSH,1,29,25
20252026,8477970,Vitek Vanecek,2025020390,2025-11-28,UTA,DAL,1,28,24
20252026,8479979,Jake Oettinger,2025020390,2025-11-28,DAL,UTA,1,30,27
20252026,8477992,Jonas Johansson,2025020391,2025-11-29,TBL,NYR,1,13,12
20252026,8478048,Igor Shesterkin,2025020391,2025-11-29,NYR,TBL,1,34,31
20252026,8478406,Mackenzie Blackwood,2025020392,2025-11-29,COL,MTL,1,23,21
20252026,8482487,Jakub Dobes,2025020392,2025-11-29,MTL,COL,1,36,29
20252026,8478916,Joey Daccord,2025020393,2025-11-29,SEA,EDM,1,25,21
20252026,8479973,Stuart Skinner,2025020393,2025-11-29,EDM,SEA,1,26,26
20252026,8475660,Cam Talbot,2025020394,2025-11-29,DET,BOS,1,20,18
20252026,8480280,Jeremy Swayman,2025020394,2025-11-29,BOS,DET,1,26,24
20252026,8474593,Jacob Markstrom,2025020395,2025-11-29,NJD,PHI,1,31,27
20252026,8478435,Dan Vladar,2025020395,2025-11-29,PHI,NJD,1,32,29
20252026,8477465,Tristan Jarry,2025020396,2025-11-29,PIT,TOR,0,13,10
20252026,8481668,Arturs Silovs,2025020396,2025-11-29,PIT,TOR,1,10,6
20252026,8483710,Dennis Hildeby,2025020396,2025-11-29,TOR,PIT,1,35,33
20252026,8477480,Eric Comrie,2025020397,2025-11-29,WPG,NSH,1,23,21
20252026,8481020,Justus Annunen,2025020397,2025-11-29,NSH,WPG,1,26,22
20252026,8478872,Karel Vejmelka,2025020398,2025-11-29,UTA,STL,1,19,18
20252026,8480981,Joel Hofer,2025020398,2025-11-29,STL,UTA,1,18,18
20252026,8479406,Filip Gustavsson,2025020399,2025-11-29,MIN,BUF,1,33,31
20252026,8481551,Colten Ellis,2025020399,2025-11-29,BUF,MIN,1,24,22
20252026,8477968,Alex Nedeljkovic,2025020400,2025-11-29,SJS,VGK,1,24,20
20252026,8482761,Carl Lindbom,2025020400,2025-11-29,VGK,SJS,1,21,18
20252026,8476341,Anton Forsberg,2025020401,2025-11-29,LAK,VAN,1,20,19
20252026,8480947,Kevin Lankinen,2025020401,2025-11-29,VAN,LAK,1,23,21
20252026,8478009,Ilya Sorokin,2025020402,2025-11-30,NYI,WSH,1,17,15
20252026,8480313,Logan Thompson,2025020402,2025-11-30,WSH,NYI,1,31,30
20252026,8475852,Petr Mrazek,2025020403,2025-11-30,ANA,CHI,1,16,13
20252026,8478024,Ville Husso,2025020403,2025-11-30,ANA,CHI,0,1,0
20252026,8481519,Spencer Knight,2025020403,2025-11-30,CHI,ANA,1,26,23
20252026,8482445,Devin Cooley,2025020404,2025-11-30,CGY,CAR,1,17,16
20252026,8483548,Brandon Bussi,2025020404,2025-11-30,CAR,CGY,1,16,16
20252026,8476999,Linus Ullmark,2025020405,2025-11-30,OTT,DAL,1,26,20
20252026,8479193,Casey DeSmith,2025020405,2025-11-30,DAL,OTT,1,16,15
20252026,8474596,Jake Allen,2025020406,2025-12-01,NJD,CBJ,1,25,20
20252026,8478007,Elvis Merzlikins,2025020406,2025-12-01,CBJ,NJD,1,33,30
20252026,8477465,Tristan Jarry,2025020407,2025-12-01,PIT,PHI,1,29,28
20252026,8478435,Dan Vladar,2025020407,2025-12-01,PHI,PIT,1,27,22
20252026,8477480,Eric Comrie,2025020408,2025-12-01,WPG,BUF,1,14,11
20252026,8480045,Ukko-Pekka Luukkonen,2025020408,2025-12-01,BUF,WPG,1,24,23
20252026,8483114,Thomas Milic,2025020408,2025-12-01,WPG,BUF,0,17,15
20252026,8476412,Jordan Binnington,2025020409,2025-12-01,STL,ANA,1,5,3
20252026,8478024,Ville Husso,2025020409,2025-12-01,ANA,STL,1,22,21
20252026,8480981,Joel Hofer,2025020409,2025-12-01,STL,ANA,0,20,19
20252026,8477970,Vitek Vanecek,2025020410,2025-12-01,UTA,SJS,0,21,18
20252026,8478872,Karel Vejmelka,2025020410,2025-12-01,UTA,SJS,1,9,6
20252026,8482137,Yaroslav Askarov,2025020410,2025-12-01,SJS,UTA,1,34,31
20252026,8476999,Linus Ullmark,2025020411,2025-12-02,OTT,MTL,1,22,20
20252026,8478470,Samuel Montembeault,2025020411,2025-12-02,MTL,OTT,1,29,24
20252026,8476434,John Gibson,2025020412,2025-12-02,DET,BOS,1,38,34
20252026,8476914,Joonas Korpisalo,2025020412,2025-12-02,BOS,DET,0,9,9
20252026,8480280,Jeremy Swayman,2025020412,2025-12-02,BOS,DET,1,23,18
20252026,8475683,Sergei Bobrovsky,2025020413,2025-12-02,FLA,TOR,1,30,27
20252026,8479361,Joseph Woll,2025020413,2025-12-02,TOR,FLA,1,26,25
20252026,8476883,Andrei Vasilevskiy,2025020414,2025-12-02,TBL,NYI,1,24,22
20252026,8478009,Ilya Sorokin,2025020414,2025-12-02,NYI,TBL,1,31,30
20252026,8478048,Igor Shesterkin,2025020415,2025-12-02,NYR,DAL,1,26,24
20252026,8479193,Casey DeSmith,2025020415,2025-12-02,DAL,NYR,1,41,38
20252026,8477424,Juuse Saros,2025020416,2025-12-02,NSH,CGY,1,28,27
20252026,8481692,Dustin Wolf,2025020416,2025-12-02,CGY,NSH,0,12,11
20252026,8482445,Devin Cooley,2025020416,2025-12-02,CGY,NSH,1,16,12
20252026,8475809,Scott Wedgewood,2025020417,2025-12-02,COL,VAN,1,11,10
20252026,8478406,Mackenzie Blackwood,2025020417,2025-12-02,COL,VAN,0,10,10
20252026,8480947,Kevin Lankinen,2025020417,2025-12-02,VAN,COL,1,31,28
20252026,8479973,Stuart Skinner,2025020418,2025-12-02,EDM,MIN,1,24,23
20252026,8482661,Jesper Wallstedt,2025020418,2025-12-02,MIN,EDM,1,33,33
20252026,8479394,Carter Hart,2025020419,2025-12-02,VGK,CHI,1,30,27
20252026,8481519,Spencer Knight,2025020419,2025-12-02,CHI,VGK,1,28,25
20252026,8475311,Darcy Kuemper,2025020420,2025-12-02,LAK,WSH,1,24,22
20252026,8480313,Logan Thompson,2025020420,2025-12-02,WSH,LAK,1,25,24
20252026,8474593,Jacob Markstrom,2025020421,2025-12-03,NJD,DAL,1,28,25
20252026,8479979,Jake Oettinger,2025020421,2025-12-03,DAL,NJD,1,30,30
20252026,8477480,Eric Comrie,2025020422,2025-12-03,WPG,MTL,1,31,29
20252026,8482487,Jakub Dobes,2025020422,2025-12-03,MTL,WPG,1,32,30
20252026,8481035,Samuel Ersson,2025020423,2025-12-03,PHI,BUF,1,29,27
20252026,8481551,Colten Ellis,2025020423,2025-12-03,BUF,PHI,1,35,30
20252026,8478024,Ville Husso,2025020424,2025-12-03,ANA,UTA,1,21,17
20252026,8478872,Karel Vejmelka,2025020424,2025-12-03,UTA,ANA,1,27,27
20252026,8483746,Vyacheslav Buteyets,2025020424,2025-12-03,ANA,UTA,0,13,10
20252026,8477968,Alex Nedeljkovic,2025020425,2025-12-03,SJS,WSH,0,19,16
20252026,8479292,Charlie Lindgren,2025020425,2025-12-03,WSH,SJS,1,24,23
20252026,8482137,Yaroslav Askarov,2025020425,2025-12-03,SJS,WSH,1,12,8
20252026,8476412,Jordan Binnington,2025020426,2025-12-04,STL,BOS,1,27,22
20252026,8476914,Joonas Korpisalo,2025020426,2025-12-04,BOS,STL,1,39,37
20252026,8478048,Igor Shesterkin,2025020427,2025-12-04,NYR,OTT,1,27,25
20252026,8482447,Leevi Merilainen,2025020427,2025-12-04,OTT,NYR,1,27,24
20252026,8477465,Tristan Jarry,2025020428,2025-12-04,PIT,TBL,1,40,37
20252026,8477992,Jonas Johansson,2025020428,2025-12-04,TBL,PIT,1,31,27
20252026,8475683,Sergei Bobrovsky,2025020429,2025-12-04,FLA,NSH,1,29,27
20252026,8477424,Juuse Saros,2025020429,2025-12-04,NSH,FLA,1,31,30
20252026,8478009,Ilya Sorokin,2025020430,2025-12-04,NYI,COL,1,38,35
20252026,8478406,Mackenzie Blackwood,2025020430,2025-12-04,COL,NYI,1,41,36
20252026,8475883,Frederik Andersen,2025020431,2025-12-04,CAR,TOR,1,23,19
20252026,8479361,Joseph Woll,2025020431,2025-12-04,TOR,CAR,1,24,23
20252026,8483710,Dennis Hildeby,2025020431,2025-12-04,TOR,CAR,0,9,9
20252026,8475660,Cam Talbot,2025020432,2025-12-04,DET,CBJ,1,32,27
20252026,8478007,Elvis Merzlikins,2025020432,2025-12-04,CBJ,DET,1,33,28
20252026,8479406,Filip Gustavsson,2025020433,2025-12-04,MIN,CGY,1,30,27
20252026,8481692,Dustin Wolf,2025020433,2025-12-04,CGY,MIN,1,27,26
20252026,8475717,Calvin Pickard,2025020434,2025-12-04,EDM,SEA,1,32,28
20252026,8475831,Philipp Grubauer,2025020434,2025-12-04,SEA,EDM,0,18,14
20252026,8478916,Joey Daccord,2025020434,2025-12-04,SEA,EDM,1,14,9
20252026,8475311,Darcy Kuemper,2025020435,2025-12-04,LAK,CHI,1,36,34
20252026,8481519,Spencer Knight,2025020435,2025-12-04,CHI,LAK,1,27,26
20252026,8474593,Jacob Markstrom,2025020436,2025-12-05,NJD,VGK,1,25,22
20252026,8481033,Akira Schmid,2025020436,2025-12-05,VGK,NJD,1,24,24
20252026,8477480,Eric Comrie,2025020437,2025-12-05,WPG,BUF,1,35,34
20252026,8480045,Ukko-Pekka Luukkonen,2025020437,2025-12-05,BUF,WPG,1,22,19
20252026,8479979,Jake Oettinger,2025020438,2025-12-05,DAL,SJS,1,17,16
20252026,8482137,Yaroslav Askarov,2025020438,2025-12-05,SJS,DAL,1,23,20
20252026,8478872,Karel Vejmelka,2025020439,2025-12-05,UTA,VAN,1,33,32
20252026,8480947,Kevin Lankinen,2025020439,2025-12-05,VAN,UTA,1,17,14
20252026,8478024,Ville Husso,2025020440,2025-12-05,ANA,WSH,1,21,18
20252026,8480313,Logan Thompson,2025020440,2025-12-05,WSH,ANA,1,38,35
20252026,8478048,Igor Shesterkin,2025020441,2025-12-06,NYR,COL,1,42,39
20252026,8478406,Mackenzie Blackwood,2025020441,2025-12-06,COL,NYR,1,27,25
20252026,8475683,Sergei Bobrovsky,2025020442,2025-12-06,FLA,CBJ,1,31,25
20252026,8478007,Elvis Merzlikins,2025020442,2025-12-06,CBJ,FLA,1,40,33
20252026,8474596,Jake Allen,2025020443,2025-12-06,NJD,BOS,1,21,18
20252026,8480280,Jeremy Swayman,2025020443,2025-12-06,BOS,NJD,1,30,29
20252026,8482487,Jakub Dobes,2025020444,2025-12-06,MTL,TOR,1,23,22
20252026,8483710,Dennis Hildeby,2025020444,2025-12-06,TOR,MTL,1,34,33
20252026,8476999,Linus Ullmark,2025020445,2025-12-06,OTT,STL,1,20,18
20252026,8480981,Joel Hofer,2025020445,2025-12-06,STL,OTT,1,42,41
20252026,8477992,Jonas Johansson,2025020446,2025-12-06,TBL,NYI,1,18,17
20252026,8478009,Ilya Sorokin,2025020446,2025-12-06,NYI,TBL,1,32,32
20252026,8477424,Juuse Saros,2025020447,2025-12-06,NSH,CAR,1,38,32
20252026,8481020,Justus Annunen,2025020447,2025-12-06,NSH,CAR,0,2,2
20252026,8483548,Brandon Bussi,2025020447,2025-12-06,CAR,NSH,1,22,19
20252026,8477970,Vitek Vanecek,2025020448,2025-12-06,UTA,CGY,1,22,21
20252026,8481692,Dustin Wolf,2025020448,2025-12-06,CGY,UTA,1,28,28
20252026,8475311,Darcy Kuemper,2025020449,2025-12-06,LAK,CHI,1,23,23
20252026,8481519,Spencer Knight,2025020449,2025-12-06,CHI,LAK,1,32,26
20252026,8477480,Eric Comrie,2025020450,2025-12-06,WPG,EDM,1,16,12
20252026,8479973,Stuart Skinner,2025020450,2025-12-06,EDM,WPG,1,21,19
20252026,8483114,Thomas Milic,2025020450,2025-12-06,WPG,EDM,0,11,9
20252026,8482661,Jesper Wallstedt,2025020451,2025-12-06,MIN,VAN,1,21,17
20252026,8484268,Nikita Tolopilo,2025020451,2025-12-06,VAN,MIN,1,30,28
20252026,8476434,John Gibson,2025020452,2025-12-06,DET,SEA,1,27,24
20252026,8478916,Joey Daccord,2025020452,2025-12-06,SEA,DET,1,25,21
20252026,8478406,Mackenzie Blackwood,2025020453,2025-12-07,COL,PHI,1,25,23
20252026,8481035,Samuel Ersson,2025020453,2025-12-07,PHI,COL,1,28,25
20252026,8479496,David Rittich,2025020454,2025-12-07,NYI,FLA,1,29,26
20252026,8480193,Daniil Tarasov,2025020454,2025-12-07,FLA,NYI,1,21,20
20252026,8477968,Alex Nedeljkovic,2025020455,2025-12-07,SJS,CAR,1,29,28
20252026,8481611,Pyotr Kochetkov,2025020455,2025-12-07,CAR,SJS,1,22,19
20252026,8477465,Tristan Jarry,2025020456,2025-12-07,PIT,DAL,1,23,21
20252026,8479979,Jake Oettinger,2025020456,2025-12-07,DAL,PIT,1,29,27
20252026,8476412,Jordan Binnington,2025020457,2025-12-07,STL,MTL,1,26,23
20252026,8482487,Jakub Dobes,2025020457,2025-12-07,MTL,STL,1,18,14
20252026,8471734,Jonathan Quick,2025020458,2025-12-07,NYR,VGK,1,28,25
20252026,8479394,Carter Hart,2025020458,2025-12-07,VGK,NYR,1,24,22
20252026,8480313,Logan Thompson,2025020459,2025-12-07,WSH,CBJ,1,39,39
20252026,8482982,Jet Greaves,2025020459,2025-12-07,CBJ,WSH,1,37,36
20252026,8478024,Ville Husso,2025020460,2025-12-07,ANA,CHI,1,20,19
20252026,8482821,Arvid Soderblom,2025020460,2025-12-07,CHI,ANA,1,53,46
20252026,8477992,Jonas Johansson,2025020461,2025-12-08,TBL,TOR,1,24,23
20252026,8483710,Dennis Hildeby,2025020461,2025-12-08,TOR,TBL,1,29,29
20252026,8475311,Darcy Kuemper,2025020462,2025-12-08,LAK,UTA,1,21,19
20252026,8478872,Karel Vejmelka,2025020462,2025-12-08,UTA,LAK,1,26,23
20252026,8479312,Alex Lyon,2025020463,2025-12-08,BUF,CGY,0,4,4
20252026,8480045,Ukko-Pekka Luukkonen,2025020463,2025-12-08,BUF,CGY,1,22,17
20252026,8481692,Dustin Wolf,2025020463,2025-12-08,CGY,BUF,1,29,25
20252026,8476434,John Gibson,2025020464,2025-12-08,DET,VAN,1,39,39
20252026,8480947,Kevin Lankinen,2025020464,2025-12-08,VAN,DET,1,14,11
20252026,8484268,Nikita Tolopilo,2025020464,2025-12-08,VAN,DET,0,6,6
20252026,8475831,Philipp Grubauer,2025020465,2025-12-08,SEA,MIN,1,27,25
20252026,8479406,Filip Gustavsson,2025020465,2025-12-08,MIN,SEA,1,24,23
20252026,8477992,Jonas Johansson,2025020466,2025-12-09,TBL,MTL,1,27,26
20252026,8478470,Samuel Montembeault,2025020466,2025-12-09,MTL,TBL,0,13,10
20252026,8482487,Jakub Dobes,2025020466,2025-12-09,MTL,TBL,1,14,11
20252026,8474593,Jacob Markstrom,2025020467,2025-12-09,NJD,OTT,1,38,35
20252026,8476999,Linus Ullmark,2025020467,2025-12-09,OTT,NJD,1,32,28
20252026,8478009,Ilya Sorokin,2025020468,2025-12-09,NYI,VGK,1,37,33
20252026,8479394,Carter Hart,2025020468,2025-12-09,VGK,NYI,1,27,23
20252026,8477968,Alex Nedeljkovic,2025020469,2025-12-09,SJS,PHI,1,29,26
20252026,8478435,Dan Vladar,2025020469,2025-12-09,PHI,SJS,1,18,17
20252026,8478024,Ville Husso,2025020470,2025-12-09,ANA,PIT,1,47,44
20252026,8481668,Arturs Silovs,2025020470,2025-12-09,PIT,ANA,1,28,26
20252026,8482982,Jet Greaves,2025020471,2025-12-09,CBJ,CAR,1,31,28
20252026,8483548,Brandon Bussi,2025020471,2025-12-09,CAR,CBJ,1,24,23
20252026,8480280,Jeremy Swayman,2025020472,2025-12-09,BOS,STL,1,26,24
20252026,8480981,Joel Hofer,2025020472,2025-12-09,STL,BOS,1,30,26
20252026,8477480,Eric Comrie,2025020473,2025-12-09,WPG,DAL,1,19,15
20252026,8479193,Casey DeSmith,2025020473,2025-12-09,DAL,WPG,1,33,30
20252026,8479312,Alex Lyon,2025020474,2025-12-09,BUF,EDM,0,24,21
20252026,8479973,Stuart Skinner,2025020474,2025-12-09,EDM,BUF,1,28,24
20252026,8481551,Colten Ellis,2025020474,2025-12-09,BUF,EDM,1,6,6
20252026,8475809,Scott Wedgewood,2025020475,2025-12-09,COL,NSH,1,31,28
20252026,8477424,Juuse Saros,2025020475,2025-12-09,NSH,COL,1,42,39
20252026,8478406,Mackenzie Blackwood,2025020475,2025-12-09,COL,NSH,0,0,0
20252026,8478048,Igor Shesterkin,2025020476,2025-12-10,NYR,CHI,1,25,22
20252026,8481519,Spencer Knight,2025020476,2025-12-10,CHI,NYR,1,21,21
20252026,8476434,John Gibson,2025020477,2025-12-10,DET,CGY,1,37,34
20252026,8482445,Devin Cooley,2025020477,2025-12-10,CGY,DET,1,29,25
20252026,8475683,Sergei Bobrovsky,2025020478,2025-12-10,FLA,UTA,1,30,27
20252026,8478872,Karel Vejmelka,2025020478,2025-12-10,UTA,FLA,1,36,32
20252026,8476341,Anton Forsberg,2025020479,2025-12-10,LAK,SEA,1,33,30
20252026,8478916,Joey Daccord,2025020479,2025-12-10,SEA,LAK,1,26,24
20252026,8477968,Alex Nedeljkovic,2025020480,2025-12-11,SJS,TOR,1,30,28
20252026,8483710,Dennis Hildeby,2025020480,2025-12-11,TOR,SJS,1,32,29
20252026,8474593,Jacob Markstrom,2025020481,2025-12-11,NJD,TBL,1,7,4
20252026,8474596,Jake Allen,2025020481,2025-12-11,NJD,TBL,0,28,23
20252026,8477992,Jonas Johansson,2025020481,2025-12-11,TBL,NJD,1,37,33
20252026,8478024,Ville Husso,2025020482,2025-12-11,ANA,NYI,1,37,32
20252026,8479496,David Rittich,2025020482,2025-12-11,NYI,ANA,1,33,31
20252026,8478435,Dan Vladar,2025020483,2025-12-11,PHI,VGK,1,22,19
20252026,8481033,Akira Schmid,2025020483,2025-12-11,VGK,PHI,1,19,17
20252026,8477465,Tristan Jarry,2025020484,2025-12-11,PIT,MTL,1,29,25
20252026,8484170,Jacob Fowler,2025020484,2025-12-11,MTL,PIT,1,38,36
20252026,8480313,Logan Thompson,2025020485,2025-12-11,WSH,CAR,1,39,37
20252026,8483548,Brandon Bussi,2025020485,2025-12-11,CAR,WSH,1,25,23
20252026,8476999,Linus Ullmark,2025020486,2025-12-11,OTT,CBJ,1,27,24
20252026,8478007,Elvis Merzlikins,2025020486,2025-12-11,CBJ,OTT,1,5,2
20252026,8482982,Jet Greaves,2025020486,2025-12-11,CBJ,OTT,0,23,21
20252026,8476412,Jordan Binnington,2025020487,2025-12-11,STL,NSH,1,25,19
20252026,8477424,Juuse Saros,2025020487,2025-12-11,NSH,STL,1,26,24
20252026,8480981,Joel Hofer,2025020487,2025-12-11,STL,NSH,0,7,6
20252026,8479406,Filip Gustavsson,2025020488,2025-12-11,MIN,DAL,1,18,16
20252026,8479979,Jake Oettinger,2025020488,2025-12-11,DAL,MIN,1,30,27
20252026,8476914,Joonas Korpisalo,2025020489,2025-12-11,BOS,WPG,1,29,26
20252026,8477480,Eric Comrie,2025020489,2025-12-11,WPG,BOS,1,23,18
20252026,8478406,Mackenzie Blackwood,2025020490,2025-12-11,COL,FLA,1,25,23
20252026,8480193,Daniil Tarasov,2025020490,2025-12-11,FLA,COL,1,42,36
20252026,8475660,Cam Talbot,2025020491,2025-12-11,DET,EDM,1,28,25
20252026,8479973,Stuart Skinner,2025020491,2025-12-11,EDM,DET,1,28,27
20252026,8477967,Thatcher Demko,2025020492,2025-12-11,VAN,BUF,1,15,12
20252026,8479312,Alex Lyon,2025020492,2025-12-11,BUF,VAN,1,32,30
20252026,8480981,Joel Hofer,2025020493,2025-12-12,STL,CHI,1,29,27
20252026,8481519,Spencer Knight,2025020493,2025-12-12,CHI,STL,1,26,23
20252026,8475831,Philipp Grubauer,2025020494,2025-12-12,SEA,UTA,1,31,28
20252026,8478872,Karel Vejmelka,2025020494,2025-12-12,UTA,SEA,1,37,34
20252026,8474596,Jake Allen,2025020495,2025-12-13,NJD,ANA,1,31,30
20252026,8480843,Lukas Dostal,2025020495,2025-12-13,ANA,NJD,1,21,18
20252026,8482447,Leevi Merilainen,2025020496,2025-12-13,OTT,MIN,1,25,22
20252026,8482661,Jesper Wallstedt,2025020496,2025-12-13,MIN,OTT,1,36,34
20252026,8481668,Arturs Silovs,2025020497,2025-12-13,PIT,SJS,1,31,25
20252026,8482137,Yaroslav Askarov,2025020497,2025-12-13,SJS,PIT,1,43,38
20252026,8477990,Brandon Halverson,2025020498,2025-12-13,TBL,NYI,0,0,0
20252026,8477992,Jonas Johansson,2025020498,2025-12-13,TBL,NYI,1,17,15
20252026,8478009,Ilya Sorokin,2025020498,2025-12-13,NYI,TBL,1,34,32
20252026,8477465,Tristan Jarry,2025020499,2025-12-13,EDM,TOR,1,28,25
20252026,8482515,Artur Akhtyamov,2025020499,2025-12-13,TOR,EDM,0,5,5
20252026,8483710,Dennis Hildeby,2025020499,2025-12-13,TOR,EDM,1,32,27
20252026,8478048,Igor Shesterkin,2025020500,2025-12-13,NYR,MTL,1,18,14
20252026,8484170,Jacob Fowler,2025020500,2025-12-13,MTL,NYR,1,29,24
20252026,8481035,Samuel Ersson,2025020501,2025-12-13,PHI,CAR,1,21,18
20252026,8481611,Pyotr Kochetkov,2025020501,2025-12-13,CAR,PHI,1,18,15
20252026,8479394,Carter Hart,2025020502,2025-12-13,VGK,CBJ,1,30,28
20252026,8482982,Jet Greaves,2025020502,2025-12-13,CBJ,VGK,1,26,23
20252026,8476945,Connor Hellebuyck,2025020503,2025-12-13,WPG,WSH,1,25,24
20252026,8480313,Logan Thompson,2025020503,2025-12-13,WSH,WPG,1,35,30
20252026,8476434,John Gibson,2025020504,2025-12-13,DET,CHI,1,26,26
20252026,8482821,Arvid Soderblom,2025020504,2025-12-13,CHI,DET,1,23,20
20252026,8475683,Sergei Bobrovsky,2025020505,2025-12-13,FLA,DAL,1,15,15
20252026,8479979,Jake Oettinger,2025020505,2025-12-13,DAL,FLA,1,22,19
20252026,8475809,Scott Wedgewood,2025020506,2025-12-13,COL,NSH,1,29,27
20252026,8481020,Justus Annunen,2025020506,2025-12-13,NSH,COL,1,40,37
20252026,8475311,Darcy Kuemper,2025020507,2025-12-13,LAK,CGY,1,38,36
20252026,8481692,Dustin Wolf,2025020507,2025-12-13,CGY,LAK,1,22,21
20252026,8474593,Jacob Markstrom,2025020508,2025-12-14,NJD,VAN,1,15,13
20252026,8477967,Thatcher Demko,2025020508,2025-12-14,VAN,NJD,1,26,25
20252026,8478872,Karel Vejmelka,2025020509,2025-12-14,UTA,PIT,1,16,12
20252026,8483703,Sergei Murashov,2025020509,2025-12-14,PIT,UTA,1,36,31
20252026,8478435,Dan Vladar,2025020510,2025-12-14,PHI,CAR,1,32,30
20252026,8483548,Brandon Bussi,2025020510,2025-12-14,CAR,PHI,1,26,24
20252026,8479406,Filip Gustavsson,2025020511,2025-12-14,MIN,BOS,1,31,29
20252026,8480280,Jeremy Swayman,2025020511,2025-12-14,BOS,MIN,1,31,25
20252026,8475717,Calvin Pickard,2025020512,2025-12-14,EDM,MTL,1,27,23
20252026,8482487,Jakub Dobes,2025020512,2025-12-14,MTL,EDM,1,28,27
20252026,8478916,Joey Daccord,2025020513,2025-12-14,SEA,BUF,1,22,20
20252026,8479312,Alex Lyon,2025020513,2025-12-14,BUF,SEA,1,24,23
20252026,8475683,Sergei Bobrovsky,2025020514,2025-12-15,FLA,TBL,1,28,26
20252026,8477992,Jonas Johansson,2025020514,2025-12-15,TBL,FLA,1,24,19
20252026,8478048,Igor Shesterkin,2025020515,2025-12-15,NYR,ANA,1,25,22
20252026,8480843,Lukas Dostal,2025020515,2025-12-15,ANA,NYR,1,27,26
20252026,8476945,Connor Hellebuyck,2025020516,2025-12-15,WPG,OTT,1,31,28
20252026,8476999,Linus Ullmark,2025020516,2025-12-15,OTT,WPG,1,25,23
20252026,8477424,Juuse Saros,2025020517,2025-12-15,NSH,STL,1,22,20
20252026,8480981,Joel Hofer,2025020517,2025-12-15,STL,NSH,1,25,21
20252026,8475311,Darcy Kuemper,2025020518,2025-12-15,LAK,DAL,1,5,5
20252026,8476341,Anton Forsberg,2025020518,2025-12-15,LAK,DAL,0,20,17
20252026,8479193,Casey DeSmith,2025020518,2025-12-15,DAL,LAK,1,28,27
20252026,8477970,Vitek Vanecek,2025020519,2025-12-16,UTA,BOS,1,23,19
20252026,8480280,Jeremy Swayman,2025020519,2025-12-16,BOS,UTA,1,21,20
20252026,8479361,Joseph Woll,2025020520,2025-12-16,TOR,CHI,1,25,23
20252026,8481519,Spencer Knight,2025020520,2025-12-16,CHI,TOR,1,27,24
20252026,8478435,Dan Vladar,2025020521,2025-12-16,PHI,MTL,1,22,21
20252026,8484170,Jacob Fowler,2025020521,2025-12-16,MTL,PHI,1,20,17
20252026,8476434,John Gibson,2025020522,2025-12-16,DET,NYI,1,18,16
20252026,8478009,Ilya Sorokin,2025020522,2025-12-16,NYI,DET,1,21,18
20252026,8471734,Jonathan Quick,2025020523,2025-12-16,NYR,VAN,1,16,14
20252026,8477967,Thatcher Demko,2025020523,2025-12-16,VAN,NYR,1,23,23
20252026,8477465,Tristan Jarry,2025020524,2025-12-16,EDM,PIT,1,30,26
20252026,8479973,Stuart Skinner,2025020524,2025-12-16,PIT,EDM,1,22,17
20252026,8478024,Ville Husso,2025020525,2025-12-16,ANA,CBJ,1,28,24
20252026,8482982,Jet Greaves,2025020525,2025-12-16,CBJ,ANA,1,27,24
20252026,8479292,Charlie Lindgren,2025020526,2025-12-16,WSH,MIN,1,32,27
20252026,8479406,Filip Gustavsson,2025020526,2025-12-16,MIN,WSH,1,25,25
20252026,8481692,Dustin Wolf,2025020527,2025-12-16,CGY,SJS,1,25,20
20252026,8482137,Yaroslav Askarov,2025020527,2025-12-16,SJS,CGY,1,30,27
20252026,8475831,Philipp Grubauer,2025020528,2025-12-16,SEA,COL,1,38,34
20252026,8478406,Mackenzie Blackwood,2025020528,2025-12-16,COL,SEA,1,38,35
20252026,8476341,Anton Forsberg,2025020529,2025-12-17,LAK,FLA,1,29,26
20252026,8480193,Daniil Tarasov,2025020529,2025-12-17,FLA,LAK,1,29,27
20252026,8475660,Cam Talbot,2025020530,2025-12-17,DET,UTA,1,28,24
20252026,8478872,Karel Vejmelka,2025020530,2025-12-17,UTA,DET,1,28,27
20252026,8476945,Connor Hellebuyck,2025020531,2025-12-17,WPG,STL,1,26,25
20252026,8480981,Joel Hofer,2025020531,2025-12-17,STL,WPG,1,24,24
20252026,8477424,Juuse Saros,2025020532,2025-12-17,NSH,CAR,1,36,33
20252026,8481611,Pyotr Kochetkov,2025020532,2025-12-17,CAR,NSH,1,26,25
20252026,8474596,Jake Allen,2025020533,2025-12-17,NJD,VGK,1,37,36
20252026,8479394,Carter Hart,2025020533,2025-12-17,VGK,NJD,1,33,32
20252026,8475717,Calvin Pickard,2025020534,2025-12-18,EDM,BOS,0,13,13
20252026,8477465,Tristan Jarry,2025020534,2025-12-18,EDM,BOS,1,13,12
20252026,8480280,Jeremy Swayman,2025020534,2025-12-18,BOS,EDM,1,25,22
20252026,8479312,Alex Lyon,2025020535,2025-12-18,BUF,PHI,1,27,24
20252026,8481035,Samuel Ersson,2025020535,2025-12-18,PHI,BUF,1,27,23
20252026,8481519,Spencer Knight,2025020536,2025-12-18,CHI,MTL,1,34,31
20252026,8482487,Jakub Dobes,2025020536,2025-12-18,MTL,CHI,1,15,14
20252026,8476999,Linus Ullmark,2025020537,2025-12-18,OTT,PIT,1,25,25
20252026,8481668,Arturs Silovs,2025020537,2025-12-18,PIT,OTT,1,26,22
20252026,8476341,Anton Forsberg,2025020538,2025-12-18,LAK,TBL,1,32,31
20252026,8476883,Andrei Vasilevskiy,2025020538,2025-12-18,TBL,LAK,1,20,18
20252026,8480313,Logan Thompson,2025020539,2025-12-18,WSH,TOR,1,22,22
20252026,8483710,Dennis Hildeby,2025020539,2025-12-18,TOR,WSH,1,29,25
20252026,8482661,Jesper Wallstedt,2025020540,2025-12-18,MIN,CBJ,1,29,27
20252026,8482982,Jet Greaves,2025020540,2025-12-18,CBJ,MIN,1,26,23
20252026,8476412,Jordan Binnington,2025020541,2025-12-18,STL,NYR,1,31,29
20252026,8478048,Igor Shesterkin,2025020541,2025-12-18,NYR,STL,1,27,26
20252026,8478916,Joey Daccord,2025020542,2025-12-18,SEA,CGY,1,45,42
20252026,8481692,Dustin Wolf,2025020542,2025-12-18,CGY,SEA,1,23,21
20252026,8477968,Alex Nedeljkovic,2025020543,2025-12-18,SJS,DAL,1,29,25
20252026,8479979,Jake Oettinger,2025020543,2025-12-18,DAL,SJS,1,37,34
20252026,8475683,Sergei Bobrovsky,2025020544,2025-12-19,FLA,CAR,1,29,26
20252026,8483548,Brandon Bussi,2025020544,2025-12-19,CAR,FLA,1,41,38
20252026,8477967,Thatcher Demko,2025020545,2025-12-19,VAN,NYI,1,24,23
20252026,8478009,Ilya Sorokin,2025020545,2025-12-19,NYI,VAN,1,30,27
20252026,8475809,Scott Wedgewood,2025020546,2025-12-19,COL,WPG,1,22,20
20252026,8476945,Connor Hellebuyck,2025020546,2025-12-19,WPG,COL,1,26,23
20252026,8474593,Jacob Markstrom,2025020547,2025-12-19,NJD,UTA,1,33,32
20252026,8478872,Karel Vejmelka,2025020547,2025-12-19,UTA,NJD,1,22,20
20252026,8475852,Petr Mrazek,2025020548,2025-12-19,ANA,DAL,0,18,14
20252026,8479193,Casey DeSmith,2025020548,2025-12-19,DAL,ANA,1,25,22
20252026,8480843,Lukas Dostal,2025020548,2025-12-19,ANA,DAL,1,7,3
20252026,8478048,Igor Shesterkin,2025020549,2025-12-20,NYR,PHI,1,32,28
20252026,8481035,Samuel Ersson,2025020549,2025-12-20,PHI,NYR,1,27,23
20252026,8476434,John Gibson,2025020550,2025-12-20,DET,WSH,1,26,24
20252026,8480313,Logan Thompson,2025020550,2025-12-20,WSH,DET,1,40,36
20252026,8482447,Leevi Merilainen,2025020551,2025-12-20,OTT,CHI,1,24,20
20252026,8482821,Arvid Soderblom,2025020551,2025-12-20,CHI,OTT,1,40,34
20252026,8475717,Calvin Pickard,2025020552,2025-12-20,EDM,MIN,1,36,32
20252026,8479406,Filip Gustavsson,2025020552,2025-12-20,MIN,EDM,1,30,28
20252026,8479312,Alex Lyon,2025020553,2025-12-20,BUF,NYI,1,34,32
20252026,8479496,David Rittich,2025020553,2025-12-20,NYI,BUF,1,32,30
20252026,8480193,Daniil Tarasov,2025020554,2025-12-20,FLA,STL,1,31,26
20252026,8480981,Joel Hofer,2025020554,2025-12-20,STL,FLA,1,29,27
20252026,8480280,Jeremy Swayman,2025020555,2025-12-20,BOS,VAN,1,23,19
20252026,8480947,Kevin Lankinen,2025020555,2025-12-20,VAN,BOS,1,43,39
20252026,8479973,Stuart Skinner,2025020556,2025-12-20,PIT,MTL,1,20,17
20252026,8484170,Jacob Fowler,2025020556,2025-12-20,MTL,PIT,1,31,31
20252026,8476883,Andrei Vasilevskiy,2025020557,2025-12-20,TBL,CAR,1,22,18
20252026,8481611,Pyotr Kochetkov,2025020557,2025-12-20,CAR,TBL,1,28,23
20252026,8477424,Juuse Saros,2025020558,2025-12-20,NSH,TOR,1,22,19
20252026,8479361,Joseph Woll,2025020558,2025-12-20,TOR,NSH,1,32,29
20252026,8481033,Akira Schmid,2025020559,2025-12-20,VGK,CGY,1,25,20
20252026,8482445,Devin Cooley,2025020559,2025-12-20,CGY,VGK,1,37,34
20252026,8478007,Elvis Merzlikins,2025020560,2025-12-20,CBJ,ANA,1,28,24
20252026,8480843,Lukas Dostal,2025020560,2025-12-20,ANA,CBJ,1,26,23
20252026,8478916,Joey Daccord,2025020561,2025-12-20,SEA,SJS,1,36,35
20252026,8482137,Yaroslav Askarov,2025020561,2025-12-20,SJS,SEA,1,31,28
20252026,8475660,Cam Talbot,2025020562,2025-12-21,DET,WSH,1,33,31
20252026,8479292,Charlie Lindgren,2025020562,2025-12-21,WSH,DET,1,27,24
20252026,8478406,Mackenzie Blackwood,2025020563,2025-12-21,COL,MIN,1,29,28
20252026,8482661,Jesper Wallstedt,2025020563,2025-12-21,MIN,COL,1,41,37
20252026,8476914,Joonas Korpisalo,2025020564,2025-12-21,BOS,OTT,1,17,12
20252026,8476999,Linus Ullmark,2025020564,2025-12-21,OTT,BOS,1,20,18
20252026,8480280,Jeremy Swayman,2025020564,2025-12-21,BOS,OTT,0,11,10
20252026,8474596,Jake Allen,2025020565,2025-12-21,NJD,BUF,1,24,22
20252026,8480045,Ukko-Pekka Luukkonen,2025020565,2025-12-21,BUF,NJD,1,27,26
20252026,8481668,Arturs Silovs,2025020566,2025-12-21,PIT,MTL,1,25,22
20252026,8482487,Jakub Dobes,2025020566,2025-12-21,MTL,PIT,1,31,28
20252026,8471734,Jonathan Quick,2025020567,2025-12-21,NYR,NSH,1,31,30
20252026,8481020,Justus Annunen,2025020567,2025-12-21,NSH,NYR,1,17,16
20252026,8479979,Jake Oettinger,2025020568,2025-12-21,DAL,TOR,1,28,27
20252026,8483710,Dennis Hildeby,2025020568,2025-12-21,TOR,DAL,1,21,17
20252026,8476945,Connor Hellebuyck,2025020569,2025-12-21,WPG,UTA,1,22,18
20252026,8478872,Karel Vejmelka,2025020569,2025-12-21,UTA,WPG,1,26,23
20252026,8478971,Connor Ingram,2025020570,2025-12-21,EDM,VGK,1,31,28
20252026,8479394,Carter Hart,2025020570,2025-12-21,VGK,EDM,1,21,17
20252026,8476412,Jordan Binnington,2025020571,2025-12-22,STL,TBL,1,17,13
20252026,8476883,Andrei Vasilevskiy,2025020571,2025-12-22,TBL,STL,1,24,23
20252026,8477967,Thatcher Demko,2025020572,2025-12-22,VAN,PHI,1,38,34
20252026,8478435,Dan Vladar,2025020572,2025-12-22,PHI,VAN,1,25,23
20252026,8475831,Philipp Grubauer,2025020573,2025-12-22,SEA,ANA,1,41,40
20252026,8480843,Lukas Dostal,2025020573,2025-12-22,ANA,SEA,1,20,18
20252026,8476341,Anton Forsberg,2025020574,2025-12-22,LAK,CBJ,1,30,27
20252026,8482982,Jet Greaves,2025020574,2025-12-22,CBJ,LAK,1,24,23
20252026,8479361,Joseph Woll,2025020575,2025-12-23,TOR,PIT,1,32,29
20252026,8479973,Stuart Skinner,2025020575,2025-12-23,PIT,TOR,1,29,25
20252026,8478048,Igor Shesterkin,2025020576,2025-12-23,NYR,WSH,1,32,29
20252026,8480313,Logan Thompson,2025020576,2025-12-23,WSH,NYR,1,20,14
20252026,8480280,Jeremy Swayman,2025020577,2025-12-23,BOS,MTL,1,29,23
20252026,8484170,Jacob Fowler,2025020577,2025-12-23,MTL,BOS,1,28,26
20252026,8476999,Linus Ullmark,2025020578,2025-12-23,OTT,BUF,1,25,22
20252026,8479312,Alex Lyon,2025020578,2025-12-23,BUF,OTT,1,26,24
20252026,8476434,John Gibson,2025020579,2025-12-23,DET,DAL,1,22,19
20252026,8479193,Casey DeSmith,2025020579,2025-12-23,DAL,DET,1,25,21
20252026,8474593,Jacob Markstrom,2025020580,2025-12-23,NJD,NYI,1,25,23
20252026,8479496,David Rittich,2025020580,2025-12-23,NYI,NJD,1,32,31
20252026,8475683,Sergei Bobrovsky,2025020581,2025-12-23,FLA,CAR,1,19,17
20252026,8475883,Frederik Andersen,2025020581,2025-12-23,CAR,FLA,1,22,17
20252026,8477424,Juuse Saros,2025020582,2025-12-23,NSH,MIN,1,32,30
20252026,8479406,Filip Gustavsson,2025020582,2025-12-23,MIN,NSH,1,29,26
20252026,8481035,Samuel Ersson,2025020583,2025-12-23,PHI,CHI,1,21,20
20252026,8481519,Spencer Knight,2025020583,2025-12-23,CHI,PHI,1,25,23
20252026,8475809,Scott Wedgewood,2025020584,2025-12-23,COL,UTA,1,32,32
20252026,8477970,Vitek Vanecek,2025020584,2025-12-23,UTA,COL,1,26,25
20252026,8478971,Connor Ingram,2025020585,2025-12-23,EDM,CGY,1,19,18
20252026,8481692,Dustin Wolf,2025020585,2025-12-23,CGY,EDM,1,39,34
20252026,8477968,Alex Nedeljkovic,2025020586,2025-12-23,SJS,VGK,0,10,7
20252026,8479394,Carter Hart,2025020586,2025-12-23,VGK,SJS,1,23,21
20252026,8482137,Yaroslav Askarov,2025020586,2025-12-23,SJS,VGK,1,16,12
20252026,8477831,Pheonix Copley,2025020587,2025-12-23,LAK,SEA,1,28,25
20252026,8478916,Joey Daccord,2025020587,2025-12-23,SEA,LAK,1,37,35
20252026,8478048,Igor Shesterkin,2025020588,2025-12-27,NYR,NYI,1,25,24
20252026,8479496,David Rittich,2025020588,2025-12-27,NYI,NYR,1,27,27
20252026,8476914,Joonas Korpisalo,2025020589,2025-12-27,BOS,BUF,1,33,30
20252026,8480045,Ukko-Pekka Luukkonen,2025020589,2025-12-27,BUF,BOS,1,23,22
20252026,8476999,Linus Ullmark,2025020590,2025-12-27,OTT,TOR,1,14,10
20252026,8479361,Joseph Woll,2025020590,2025-12-27,TOR,OTT,1,31,26
20252026,8482447,Leevi Merilainen,2025020590,2025-12-27,OTT,TOR,0,18,16
20252026,8475683,Sergei Bobrovsky,2025020591,2025-12-27,FLA,TBL,1,24,21
20252026,8476883,Andrei Vasilevskiy,2025020591,2025-12-27,TBL,FLA,1,26,24
20252026,8474596,Jake Allen,2025020592,2025-12-27,NJD,WSH,1,33,29
20252026,8480313,Logan Thompson,2025020592,2025-12-27,WSH,NJD,1,38,35
20252026,8476434,John Gibson,2025020593,2025-12-27,DET,CAR,1,37,33
20252026,8483548,Brandon Bussi,2025020593,2025-12-27,CAR,DET,1,20,18
20252026,8476945,Connor Hellebuyck,2025020594,2025-12-27,WPG,MIN,1,19,15
20252026,8482661,Jesper Wallstedt,2025020594,2025-12-27,MIN,WPG,1,26,23
20252026,8477424,Juuse Saros,2025020595,2025-12-27,NSH,STL,1,20,17
20252026,8480981,Joel Hofer,2025020595,2025-12-27,STL,NSH,1,32,30
20252026,8479979,Jake Oettinger,2025020596,2025-12-27,DAL,CHI,1,33,30
20252026,8482821,Arvid Soderblom,2025020596,2025-12-27,CHI,DAL,1,31,28
20252026,8476341,Anton Forsberg,2025020597,2025-12-27,LAK,ANA,1,26,25
20252026,8480843,Lukas Dostal,2025020597,2025-12-27,ANA,LAK,1,30,24
20252026,8478971,Connor Ingram,2025020598,2025-12-27,EDM,CGY,1,32,29
20252026,8481692,Dustin Wolf,2025020598,2025-12-27,CGY,EDM,1,31,29
20252026,8477967,Thatcher Demko,2025020599,2025-12-27,VAN,SJS,1,36,32
20252026,8482137,Yaroslav Askarov,2025020599,2025-12-27,SJS,VAN,1,27,24
20252026,8475809,Scott Wedgewood,2025020600,2025-12-27,COL,VGK,1,25,20
20252026,8479394,Carter Hart,2025020600,2025-12-27,VGK,COL,1,39,34
20252026,8475660,Cam Talbot,2025020601,2025-12-28,DET,TOR,1,27,25
20252026,8483710,Dennis Hildeby,2025020601,2025-12-28,TOR,DET,1,36,33
20252026,8477992,Jonas Johansson,2025020602,2025-12-28,TBL,MTL,1,35,31
20252026,8484170,Jacob Fowler,2025020602,2025-12-28,MTL,TBL,1,21,17
20252026,8479496,David Rittich,2025020603,2025-12-28,NYI,CBJ,1,34,31
20252026,8482982,Jet Greaves,2025020603,2025-12-28,CBJ,NYI,1,26,24
20252026,8481519,Spencer Knight,2025020604,2025-12-28,CHI,PIT,1,9,5
20252026,8481668,Arturs Silovs,2025020604,2025-12-28,PIT,CHI,1,24,21
20252026,8482821,Arvid Soderblom,2025020604,2025-12-28,CHI,PIT,0,15,12
20252026,8475831,Philipp Grubauer,2025020605,2025-12-28,SEA,PHI,1,33,32
20252026,8478435,Dan Vladar,2025020605,2025-12-28,PHI,SEA,1,18,16
20252026,8482447,Leevi Merilainen,2025020606,2025-12-29,OTT,CBJ,1,22,18
20252026,8482982,Jet Greaves,2025020606,2025-12-29,CBJ,OTT,1,28,27
20252026,8475683,Sergei Bobrovsky,2025020607,2025-12-29,FLA,WSH,1,27,24
20252026,8480313,Logan Thompson,2025020607,2025-12-29,WSH,FLA,1,28,24
20252026,8478048,Igor Shesterkin,2025020608,2025-12-29,NYR,CAR,1,35,32
20252026,8483548,Brandon Bussi,2025020608,2025-12-29,CAR,NYR,1,20,18
20252026,8475717,Calvin Pickard,2025020609,2025-12-29,EDM,WPG,1,42,41
20252026,8476945,Connor Hellebuyck,2025020609,2025-12-29,WPG,EDM,1,20,18
20252026,8479312,Alex Lyon,2025020610,2025-12-29,BUF,STL,1,18,16
20252026,8480981,Joel Hofer,2025020610,2025-12-29,STL,BUF,1,33,30
20252026,8476341,Anton Forsberg,2025020611,2025-12-29,LAK,COL,1,25,21
20252026,8478406,Mackenzie Blackwood,2025020611,2025-12-29,COL,LAK,1,25,23
20252026,8477424,Juuse Saros,2025020612,2025-12-29,NSH,UTA,1,31,28
20252026,8477970,Vitek Vanecek,2025020612,2025-12-29,UTA,NSH,1,26,22
20252026,8480280,Jeremy Swayman,2025020613,2025-12-29,BOS,CGY,1,20,19
20252026,8481692,Dustin Wolf,2025020613,2025-12-29,CGY,BOS,1,26,25
20252026,8479394,Carter Hart,2025020614,2025-12-29,VGK,MIN,1,12,7
20252026,8479406,Filip Gustavsson,2025020614,2025-12-29,MIN,VGK,1,16,14
20252026,8481033,Akira Schmid,2025020614,2025-12-29,VGK,MIN,0,15,15
20252026,8475852,Petr Mrazek,2025020615,2025-12-29,ANA,SJS,0,4,3
20252026,8480843,Lukas Dostal,2025020615,2025-12-29,ANA,SJS,1,9,5
20252026,8482137,Yaroslav Askarov,2025020615,2025-12-29,SJS,ANA,1,42,38
20252026,8478916,Joey Daccord,2025020616,2025-12-29,SEA,VAN,1,24,22
20252026,8480947,Kevin Lankinen,2025020616,2025-12-29,VAN,SEA,1,39,37
20252026,8474593,Jacob Markstrom,2025020617,2025-12-30,NJD,TOR,1,29,26
20252026,8479361,Joseph Woll,2025020617,2025-12-30,TOR,NJD,1,33,33
20252026,8478470,Samuel Montembeault,2025020618,2025-12-30,MTL,FLA,1,30,28
20252026,8480193,Daniil Tarasov,2025020618,2025-12-30,FLA,MTL,1,29,26
20252026,8475883,Frederik Andersen,2025020619,2025-12-30,CAR,PIT,1,28,23
20252026,8479973,Stuart Skinner,2025020619,2025-12-30,PIT,CAR,1,28,27
20252026,8479496,David Rittich,2025020620,2025-12-30,NYI,CHI,1,19,17
20252026,8481519,Spencer Knight,2025020620,2025-12-30,CHI,NYI,1,21,19
20252026,8477967,Thatcher Demko,2025020621,2025-12-30,VAN,PHI,1,31,27
20252026,8478435,Dan Vladar,2025020621,2025-12-30,PHI,VAN,1,35,32
20252026,8471734,Jonathan Quick,2025020622,2025-12-31,NYR,WSH,1,26,21
20252026,8479292,Charlie Lindgren,2025020622,2025-12-31,WSH,NYR,1,25,22
20252026,8481020,Justus Annunen,2025020623,2025-12-31,NSH,VGK,1,31,29
20252026,8481033,Akira Schmid,2025020623,2025-12-31,VGK,NSH,1,19,15
20252026,8476883,Andrei Vasilevskiy,2025020624,2025-12-31,TBL,ANA,1,28,25
20252026,8480843,Lukas Dostal,2025020624,2025-12-31,ANA,TBL,1,29,25
20252026,8482137,Yaroslav Askarov,2025020625,2025-12-31,SJS,MIN,1,23,20
20252026,8482661,Jesper Wallstedt,2025020625,2025-12-31,MIN,SJS,1,28,25
20252026,8476434,John Gibson,2025020626,2025-12-31,DET,WPG,1,24,23
20252026,8476945,Connor Hellebuyck,2025020626,2025-12-31,WPG,DET,1,19,17
20252026,8474596,Jake Allen,2025020627,2025-12-31,NJD,CBJ,1,35,33
20252026,8482982,Jet Greaves,2025020627,2025-12-31,CBJ,NJD,1,33,30
20252026,8479193,Casey DeSmith,2025020628,2025-12-31,DAL,BUF,1,31,27
20252026,8480045,Ukko-Pekka Luukkonen,2025020628,2025-12-31,BUF,DAL,1,29,28
20252026,8476412,Jordan Binnington,2025020629,2025-12-31,STL,COL,1,43,37
20252026,8478406,Mackenzie Blackwood,2025020629,2025-12-31,COL,STL,1,13,12
20252026,8481035,Samuel Ersson,2025020630,2025-12-31,PHI,CGY,1,26,21
20252026,8481692,Dustin Wolf,2025020630,2025-12-31,CGY,PHI,1,26,26
20252026,8478971,Connor Ingram,2025020631,2025-12-31,EDM,BOS,1,29,23
20252026,8480280,Jeremy Swayman,2025020631,2025-12-31,BOS,EDM,1,36,34
20252026,8480313,Logan Thompson,2025020632,2026-01-01,WSH,OTT,1,32,28
20252026,8482447,Leevi Merilainen,2025020632,2026-01-01,OTT,WSH,1,29,26
20252026,8477405,Marcus Hogberg,2025020633,2026-01-01,NYI,UTA,0,7,5
20252026,8478872,Karel Vejmelka,2025020633,2026-01-01,UTA,NYI,1,22,20
20252026,8479496,David Rittich,2025020633,2026-01-01,NYI,UTA,1,14,9
20252026,8477480,Eric Comrie,2025020634,2026-01-01,WPG,TOR,1,30,24
20252026,8479361,Joseph Woll,2025020634,2026-01-01,TOR,WPG,1,17,13
20252026,8483710,Dennis Hildeby,2025020634,2026-01-01,TOR,WPG,0,23,22
20252026,8475660,Cam Talbot,2025020635,2026-01-01,DET,PIT,1,31,27
20252026,8481668,Arturs Silovs,2025020635,2026-01-01,PIT,DET,1,27,24
20252026,8482487,Jakub Dobes,2025020636,2026-01-01,MTL,CAR,1,25,20
20252026,8483548,Brandon Bussi,2025020636,2026-01-01,CAR,MTL,1,22,16
20252026,8479979,Jake Oettinger,2025020637,2026-01-01,DAL,CHI,1,21,17
20252026,8481519,Spencer Knight,2025020637,2026-01-01,CHI,DAL,1,25,22
20252026,8475831,Philipp Grubauer,2025020638,2026-01-01,SEA,NSH,1,25,24
20252026,8477424,Juuse Saros,2025020638,2026-01-01,NSH,SEA,1,22,19
20252026,8475311,Darcy Kuemper,2025020639,2026-01-01,LAK,TBL,1,23,19
20252026,8477992,Jonas Johansson,2025020639,2026-01-01,TBL,LAK,1,20,17
20252026,8479394,Carter Hart,2025020640,2026-01-02,VGK,STL,1,19,15
20252026,8480981,Joel Hofer,2025020640,2026-01-02,STL,VGK,1,25,22
20252026,8475683,Sergei Bobrovsky,2025020641,2026-01-02,FLA,NYR,1,19,15
20252026,8478048,Igor Shesterkin,2025020641,2026-01-02,NYR,FLA,1,37,36
20252026,8477967,Thatcher Demko,2025020642,2026-01-02,VAN,SEA,1,28,25
20252026,8478916,Joey Daccord,2025020642,2026-01-02,SEA,VAN,1,24,21
20252026,8479406,Filip Gustavsson,2025020643,2026-01-02,MIN,ANA,1,28,26
20252026,8480843,Lukas Dostal,2025020643,2026-01-02,ANA,MIN,1,34,29
20252026,8476434,John Gibson,2025020644,2026-01-03,DET,PIT,1,29,27
20252026,8479973,Stuart Skinner,2025020644,2026-01-03,PIT,DET,1,12,11
20252026,8474593,Jacob Markstrom,2025020645,2026-01-03,NJD,UTA,1,31,30
20252026,8478872,Karel Vejmelka,2025020645,2026-01-03,UTA,NJD,1,30,26
20252026,8480045,Ukko-Pekka Luukkonen,2025020646,2026-01-03,BUF,CBJ,1,34,30
20252026,8482982,Jet Greaves,2025020646,2026-01-03,CBJ,BUF,1,33,32
20252026,8475717,Calvin Pickard,2025020647,2026-01-03,EDM,PHI,1,28,24
20252026,8478435,Dan Vladar,2025020647,2026-01-03,PHI,EDM,1,25,23
20252026,8476412,Jordan Binnington,2025020648,2026-01-03,STL,MTL,1,26,26
20252026,8484170,Jacob Fowler,2025020648,2026-01-03,MTL,STL,1,19,17
20252026,8476883,Andrei Vasilevskiy,2025020649,2026-01-03,TBL,SJS,1,22,19
20252026,8477968,Alex Nedeljkovic,2025020649,2026-01-03,SJS,TBL,0,16,12
20252026,8482137,Yaroslav Askarov,2025020649,2026-01-03,SJS,TBL,1,10,7
20252026,8476945,Connor Hellebuyck,2025020650,2026-01-03,WPG,OTT,1,27,23
20252026,8482447,Leevi Merilainen,2025020650,2026-01-03,OTT,WPG,1,23,21
20252026,8479361,Joseph Woll,2025020651,2026-01-03,TOR,NYI,1,25,21
20252026,8479496,David Rittich,2025020651,2026-01-03,NYI,TOR,1,21,18
20252026,8480313,Logan Thompson,2025020652,2026-01-03,WSH,CHI,1,33,31
20252026,8481519,Spencer Knight,2025020652,2026-01-03,CHI,WSH,1,34,32
20252026,8475809,Scott Wedgewood,2025020653,2026-01-03,COL,CAR,1,28,25
20252026,8475883,Frederik Andersen,2025020653,2026-01-03,CAR,COL,1,34,30
20252026,8477424,Juuse Saros,2025020654,2026-01-03,NSH,CGY,1,23,20
20252026,8481692,Dustin Wolf,2025020654,2026-01-03,CGY,NSH,1,36,32
20252026,8475311,Darcy Kuemper,2025020655,2026-01-03,LAK,MIN,1,28,24
20252026,8482661,Jesper Wallstedt,2025020655,2026-01-03,MIN,LAK,1,38,35
20252026,8480280,Jeremy Swayman,2025020656,2026-01-03,BOS,VAN,1,34,32
20252026,8480947,Kevin Lankinen,2025020656,2026-01-03,VAN,BOS,1,22,19
20252026,8478470,Samuel Montembeault,2025020657,2026-01-04,MTL,DAL,1,27,24
20252026,8479979,Jake Oettinger,2025020657,2026-01-04,DAL,MTL,1,28,24
20252026,8481668,Arturs Silovs,2025020658,2026-01-04,PIT,CBJ,1,25,21
20252026,8482982,Jet Greaves,2025020658,2026-01-04,CBJ,PIT,1,43,38
20252026,8475809,Scott Wedgewood,2025020659,2026-01-04,COL,FLA,1,25,23
20252026,8480193,Daniil Tarasov,2025020659,2026-01-04,FLA,COL,1,28,27
20252026,8474596,Jake Allen,2025020660,2026-01-04,NJD,CAR,1,29,27
20252026,8483548,Brandon Bussi,2025020660,2026-01-04,CAR,NJD,1,29,28
20252026,8481033,Akira Schmid,2025020661,2026-01-04,VGK,CHI,1,20,17
20252026,8482821,Arvid Soderblom,2025020661,2026-01-04,CHI,VGK,1,15,13
20252026,8471734,Jonathan Quick,2025020662,2026-01-05,NYR,UTA,0,18,15
20252026,8478048,Igor Shesterkin,2025020662,2026-01-05,NYR,UTA,1,9,9
20252026,8478872,Karel Vejmelka,2025020662,2026-01-05,UTA,NYR,1,24,22
20252026,8475852,Petr Mrazek,2025020663,2026-01-05,ANA,WSH,1,24,19
20252026,8479292,Charlie Lindgren,2025020663,2026-01-05,WSH,ANA,1,45,41
20252026,8480843,Lukas Dostal,2025020663,2026-01-05,ANA,WSH,0,3,3
20252026,8476434,John Gibson,2025020664,2026-01-05,DET,OTT,1,37,34
20252026,8482411,Hunter Shepard,2025020664,2026-01-05,OTT,DET,0,12,10
20252026,8482447,Leevi Merilainen,2025020664,2026-01-05,OTT,DET,1,9,6
20252026,8475831,Philipp Grubauer,2025020665,2026-01-05,SEA,CGY,1,42,41
20252026,8481692,Dustin Wolf,2025020665,2026-01-05,CGY,SEA,1,27,23
20252026,8475311,Darcy Kuemper,2025020666,2026-01-05,LAK,MIN,1,35,33
20252026,8479406,Filip Gustavsson,2025020666,2026-01-05,MIN,LAK,1,32,29
20252026,8477967,Thatcher Demko,2025020667,2026-01-06,VAN,BUF,1,19,15
20252026,8480045,Ukko-Pekka Luukkonen,2025020667,2026-01-06,BUF,VAN,1,37,34
20252026,8475809,Scott Wedgewood,2025020668,2026-01-06,COL,TBL,1,27,24
20252026,8476883,Andrei Vasilevskiy,2025020668,2026-01-06,TBL,COL,1,33,31
20252026,8474593,Jacob Markstrom,2025020669,2026-01-06,NJD,NYI,1,24,15
20252026,8478009,Ilya Sorokin,2025020669,2026-01-06,NYI,NJD,1,44,44
20252026,8478435,Dan Vladar,2025020670,2026-01-06,PHI,ANA,1,18,16
20252026,8480843,Lukas Dostal,2025020670,2026-01-06,ANA,PHI,1,38,34
20252026,8479193,Casey DeSmith,2025020671,2026-01-06,DAL,CAR,0,18,17
20252026,8479979,Jake Oettinger,2025020671,2026-01-06,DAL,CAR,1,15,10
20252026,8483548,Brandon Bussi,2025020671,2026-01-06,CAR,DAL,1,23,21
20252026,8475683,Sergei Bobrovsky,2025020672,2026-01-06,FLA,TOR,1,22,19
20252026,8479361,Joseph Woll,2025020672,2026-01-06,TOR,FLA,1,32,31
20252026,8476945,Connor Hellebuyck,2025020673,2026-01-06,WPG,VGK,1,31,27
20252026,8479394,Carter Hart,2025020673,2026-01-06,VGK,WPG,1,20,17
20252026,8477424,Juuse Saros,2025020674,2026-01-06,NSH,EDM,1,43,37
20252026,8478971,Connor Ingram,2025020674,2026-01-06,EDM,NSH,1,26,24
20252026,8477968,Alex Nedeljkovic,2025020675,2026-01-06,SJS,CBJ,1,36,34
20252026,8482982,Jet Greaves,2025020675,2026-01-06,CBJ,SJS,1,34,31
20252026,8478916,Joey Daccord,2025020676,2026-01-06,SEA,BOS,1,36,32
20252026,8480280,Jeremy Swayman,2025020676,2026-01-06,BOS,SEA,1,26,20
20252026,8479193,Casey DeSmith,2025020677,2026-01-07,DAL,WSH,1,24,23
20252026,8480313,Logan Thompson,2025020677,2026-01-07,WSH,DAL,1,35,32
20252026,8481692,Dustin Wolf,2025020678,2026-01-07,CGY,MTL,1,36,32
20252026,8484170,Jacob Fowler,2025020678,2026-01-07,MTL,CGY,1,29,28
20252026,8476412,Jordan Binnington,2025020679,2026-01-07,STL,CHI,1,35,28
20252026,8481519,Spencer Knight,2025020679,2026-01-07,CHI,STL,1,30,27
20252026,8478872,Karel Vejmelka,2025020680,2026-01-07,UTA,OTT,1,33,32
20252026,8482447,Leevi Merilainen,2025020680,2026-01-07,OTT,UTA,1,21,18
20252026,8475311,Darcy Kuemper,2025020681,2026-01-07,LAK,SJS,1,28,24
20252026,8482137,Yaroslav Askarov,2025020681,2026-01-07,SJS,LAK,1,26,23
20252026,8476914,Joonas Korpisalo,2025020682,2026-01-08,BOS,CGY,1,29,28
20252026,8481692,Dustin Wolf,2025020682,2026-01-08,CGY,BOS,1,30,26
20252026,8475683,Sergei Bobrovsky,2025020683,2026-01-08,FLA,MTL,1,19,14
20252026,8478470,Samuel Montembeault,2025020683,2026-01-08,MTL,FLA,1,27,25
20252026,8476434,John Gibson,2025020684,2026-01-08,DET,VAN,1,24,23
20252026,8480947,Kevin Lankinen,2025020684,2026-01-08,VAN,DET,1,24,20
20252026,8471734,Jonathan Quick,2025020685,2026-01-08,NYR,BUF,1,20,16
20252026,8481551,Colten Ellis,2025020685,2026-01-08,BUF,NYR,1,32,30
20252026,8478435,Dan Vladar,2025020686,2026-01-08,PHI,TOR,1,23,21
20252026,8483710,Dennis Hildeby,2025020686,2026-01-08,TOR,PHI,1,23,22
20252026,8474596,Jake Allen,2025020687,2026-01-08,NJD,PIT,1,29,25
20252026,8479973,Stuart Skinner,2025020687,2026-01-08,PIT,NJD,1,29,28
20252026,8475883,Frederik Andersen,2025020688,2026-01-08,CAR,ANA,1,13,11
20252026,8478024,Ville Husso,2025020688,2026-01-08,ANA,CAR,1,34,30
20252026,8477424,Juuse Saros,2025020689,2026-01-08,NSH,NYI,1,31,30
20252026,8479496,David Rittich,2025020689,2026-01-08,NYI,NSH,1,27,26
20252026,8475717,Calvin Pickard,2025020690,2026-01-08,EDM,WPG,1,16,13
20252026,8476945,Connor Hellebuyck,2025020690,2026-01-08,WPG,EDM,1,30,26
20252026,8475809,Scott Wedgewood,2025020691,2026-01-08,COL,OTT,1,31,29
20252026,8481544,Mads Sogaard,2025020691,2026-01-08,OTT,COL,0,16,11
20252026,8482447,Leevi Merilainen,2025020691,2026-01-08,OTT,COL,1,18,15
20252026,8479394,Carter Hart,2025020692,2026-01-08,VGK,CBJ,1,1,0
20252026,8481033,Akira Schmid,2025020692,2026-01-08,VGK,CBJ,0,24,22
20252026,8482982,Jet Greaves,2025020692,2026-01-08,CBJ,VGK,1,26,21
20252026,8475831,Philipp Grubauer,2025020693,2026-01-08,SEA,MIN,1,34,31
20252026,8482661,Jesper Wallstedt,2025020693,2026-01-08,MIN,SEA,1,28,26
20252026,8480313,Logan Thompson,2025020694,2026-01-09,WSH,CHI,1,24,23
20252026,8482123,Drew Commesso,2025020694,2026-01-09,CHI,WSH,1,24,19
20252026,8475311,Darcy Kuemper,2025020695,2026-01-09,LAK,WPG,1,16,11
20252026,8476341,Anton Forsberg,2025020695,2026-01-09,LAK,WPG,0,4,4
20252026,8477480,Eric Comrie,2025020695,2026-01-09,WPG,LAK,1,24,23
20252026,8478872,Karel Vejmelka,2025020696,2026-01-09,UTA,STL,1,28,26
20252026,8480981,Joel Hofer,2025020696,2026-01-09,STL,UTA,1,23,19
20252026,8471734,Jonathan Quick,2025020697,2026-01-10,NYR,BOS,1,20,14
20252026,8477484,Spencer Martin,2025020697,2026-01-10,NYR,BOS,0,14,10
20252026,8480280,Jeremy Swayman,2025020697,2026-01-10,BOS,NYR,1,29,27
20252026,8481668,Arturs Silovs,2025020698,2026-01-10,PIT,CGY,1,25,23
20252026,8482445,Devin Cooley,2025020698,2026-01-10,CGY,PIT,1,28,27
20252026,8478007,Elvis Merzlikins,2025020699,2026-01-10,CBJ,COL,1,31,27
20252026,8481529,Trent Miner,2025020699,2026-01-10,COL,CBJ,1,29,29
20252026,8477968,Alex Nedeljkovic,2025020700,2026-01-10,SJS,DAL,1,20,16
20252026,8479193,Casey DeSmith,2025020700,2026-01-10,DAL,SJS,1,31,26
20252026,8480045,Ukko-Pekka Luukkonen,2025020701,2026-01-10,BUF,ANA,1,36,33
20252026,8480843,Lukas Dostal,2025020701,2026-01-10,ANA,BUF,1,31,27
20252026,8477967,Thatcher Demko,2025020702,2026-01-10,VAN,TOR,1,6,3
20252026,8479361,Joseph Woll,2025020702,2026-01-10,TOR,VAN,1,29,29
20252026,8480947,Kevin Lankinen,2025020702,2026-01-10,VAN,TOR,0,18,16
20252026,8476434,John Gibson,2025020703,2026-01-10,DET,MTL,1,27,27
20252026,8484170,Jacob Fowler,2025020703,2026-01-10,MTL,DET,1,23,20
20252026,8475683,Sergei Bobrovsky,2025020704,2026-01-10,FLA,OTT,1,19,17
20252026,8482447,Leevi Merilainen,2025020704,2026-01-10,OTT,FLA,1,21,18
20252026,8476883,Andrei Vasilevskiy,2025020705,2026-01-10,TBL,PHI,1,20,18
20252026,8481035,Samuel Ersson,2025020705,2026-01-10,PHI,TBL,1,23,16
20252026,8478916,Joey Daccord,2025020706,2026-01-10,SEA,CAR,1,36,33
20252026,8483548,Brandon Bussi,2025020706,2026-01-10,CAR,SEA,1,12,10
20252026,8477424,Juuse Saros,2025020707,2026-01-10,NSH,CHI,1,20,18
20252026,8482123,Drew Commesso,2025020707,2026-01-10,CHI,NSH,1,36,36
20252026,8478009,Ilya Sorokin,2025020708,2026-01-10,NYI,MIN,1,36,33
20252026,8479406,Filip Gustavsson,2025020708,2026-01-10,MIN,NYI,1,27,24
20252026,8476341,Anton Forsberg,2025020709,2026-01-10,LAK,EDM,1,26,23
20252026,8478971,Connor Ingram,2025020709,2026-01-10,EDM,LAK,1,30,27
20252026,8476412,Jordan Binnington,2025020710,2026-01-10,STL,VGK,1,24,21
20252026,8481033,Akira Schmid,2025020710,2026-01-10,VGK,STL,1,19,17
20252026,8474596,Jake Allen,2025020711,2026-01-11,NJD,WPG,1,22,18
20252026,8476945,Connor Hellebuyck,2025020711,2026-01-11,WPG,NJD,1,27,24
20252026,8476914,Joonas Korpisalo,2025020712,2026-01-11,BOS,PIT,1,27,27
20252026,8479973,Stuart Skinner,2025020712,2026-01-11,PIT,BOS,1,19,18
20252026,8479292,Charlie Lindgren,2025020713,2026-01-11,WSH,NSH,1,21,18
20252026,8481020,Justus Annunen,2025020713,2026-01-11,NSH,WSH,1,32,30
20252026,8477970,Vitek Vanecek,2025020714,2026-01-11,UTA,CBJ,1,36,33
20252026,8482982,Jet Greaves,2025020714,2026-01-11,CBJ,UTA,1,27,25
20252026,8482137,Yaroslav Askarov,2025020715,2026-01-11,SJS,VGK,1,31,25
20252026,8482761,Carl Lindbom,2025020715,2026-01-11,VGK,SJS,1,20,18
20252026,8475683,Sergei Bobrovsky,2025020716,2026-01-12,FLA,BUF,1,23,20
20252026,8481551,Colten Ellis,2025020716,2026-01-12,BUF,FLA,1,31,28
20252026,8475883,Frederik Andersen,2025020717,2026-01-12,CAR,DET,1,18,14
20252026,8476434,John Gibson,2025020717,2026-01-12,DET,CAR,1,34,31
20252026,8471734,Jonathan Quick,2025020718,2026-01-12,NYR,SEA,1,28,25
20252026,8475831,Philipp Grubauer,2025020718,2026-01-12,SEA,NYR,1,22,20
20252026,8477992,Jonas Johansson,2025020719,2026-01-12,TBL,PHI,1,21,20
20252026,8478435,Dan Vladar,2025020719,2026-01-12,PHI,TBL,1,25,21
20252026,8482487,Jakub Dobes,2025020720,2026-01-12,MTL,VAN,1,23,20
20252026,8484268,Nikita Tolopilo,2025020720,2026-01-12,VAN,MTL,1,41,35
20252026,8474593,Jacob Markstrom,2025020721,2026-01-12,NJD,MIN,1,23,21
20252026,8482661,Jesper Wallstedt,2025020721,2026-01-12,MIN,NJD,1,29,24
20252026,8478971,Connor Ingram,2025020722,2026-01-12,EDM,CHI,1,30,29
20252026,8481519,Spencer Knight,2025020722,2026-01-12,CHI,EDM,1,36,33
20252026,8479361,Joseph Woll,2025020723,2026-01-12,TOR,COL,1,34,31
20252026,8481529,Trent Miner,2025020723,2026-01-12,COL,TOR,1,31,28
20252026,8475311,Darcy Kuemper,2025020724,2026-01-12,LAK,DAL,1,17,15
20252026,8479979,Jake Oettinger,2025020724,2026-01-12,DAL,LAK,1,25,24
20252026,8480947,Kevin Lankinen,2025020725,2026-01-13,VAN,OTT,1,40,38
20252026,8482447,Leevi Merilainen,2025020725,2026-01-13,OTT,VAN,1,20,19
20252026,8476883,Andrei Vasilevskiy,2025020726,2026-01-13,TBL,PIT,1,27,26
20252026,8481668,Arturs Silovs,2025020726,2026-01-13,PIT,TBL,1,31,30
20252026,8478470,Samuel Montembeault,2025020727,2026-01-13,MTL,WSH,1,42,39
20252026,8480313,Logan Thompson,2025020727,2026-01-13,WSH,MTL,1,25,23
20252026,8481692,Dustin Wolf,2025020728,2026-01-13,CGY,CBJ,1,42,38
20252026,8482982,Jet Greaves,2025020728,2026-01-13,CBJ,CGY,1,32,29
20252026,8475660,Cam Talbot,2025020729,2026-01-13,DET,BOS,1,40,38
20252026,8480280,Jeremy Swayman,2025020729,2026-01-13,BOS,DET,1,24,24
20252026,8480981,Joel Hofer,2025020730,2026-01-13,STL,CAR,1,33,33
20252026,8483548,Brandon Bussi,2025020730,2026-01-13,CAR,STL,1,31,28
20252026,8477424,Juuse Saros,2025020731,2026-01-13,NSH,EDM,1,31,28
20252026,8477465,Tristan Jarry,2025020731,2026-01-13,EDM,NSH,1,27,23
20252026,8476945,Connor Hellebuyck,2025020732,2026-01-13,WPG,NYI,1,27,23
20252026,8478009,Ilya Sorokin,2025020732,2026-01-13,NYI,WPG,1,22,17
20252026,8478872,Karel Vejmelka,2025020733,2026-01-13,UTA,TOR,1,20,19
20252026,8483710,Dennis Hildeby,2025020733,2026-01-13,TOR,UTA,1,41,35
20252026,8479193,Casey DeSmith,2025020734,2026-01-13,DAL,ANA,1,24,22
20252026,8480843,Lukas Dostal,2025020734,2026-01-13,ANA,DAL,1,25,24
20252026,8474593,Jacob Markstrom,2025020735,2026-01-14,NJD,SEA,1,17,15
20252026,8475831,Philipp Grubauer,2025020735,2026-01-14,SEA,NJD,1,26,23
20252026,8478435,Dan Vladar,2025020736,2026-01-14,PHI,BUF,1,6,4
20252026,8480045,Ukko-Pekka Luukkonen,2025020736,2026-01-14,BUF,PHI,1,22,20
20252026,8481035,Samuel Ersson,2025020736,2026-01-14,PHI,BUF,0,8,6
20252026,8471734,Jonathan Quick,2025020737,2026-01-14,NYR,OTT,1,17,11
20252026,8477484,Spencer Martin,2025020737,2026-01-14,NYR,OTT,0,12,11
20252026,8482447,Leevi Merilainen,2025020737,2026-01-14,OTT,NYR,1,22,18
20252026,8475311,Darcy Kuemper,2025020738,2026-01-14,LAK,VGK,1,27,24
20252026,8481033,Akira Schmid,2025020738,2026-01-14,VGK,LAK,1,24,22
20252026,8478916,Joey Daccord,2025020739,2026-01-15,SEA,BOS,1,23,20
20252026,8480280,Jeremy Swayman,2025020739,2026-01-15,BOS,SEA,1,28,26
20252026,8481551,Colten Ellis,2025020740,2026-01-15,BUF,MTL,1,23,20
20252026,8484170,Jacob Fowler,2025020740,2026-01-15,MTL,BUF,1,26,22
20252026,8479973,Stuart Skinner,2025020741,2026-01-15,PIT,PHI,1,34,31
20252026,8481035,Samuel Ersson,2025020741,2026-01-15,PHI,PIT,1,14,11
20252026,8482783,Aleksei Kolosov,2025020741,2026-01-15,PHI,PIT,0,16,13
20252026,8477968,Alex Nedeljkovic,2025020742,2026-01-15,SJS,WSH,1,23,21
20252026,8480313,Logan Thompson,2025020742,2026-01-15,WSH,SJS,1,26,23
20252026,8478007,Elvis Merzlikins,2025020743,2026-01-15,CBJ,VAN,1,31,30
20252026,8480947,Kevin Lankinen,2025020743,2026-01-15,VAN,CBJ,1,36,32
20252026,8476945,Connor Hellebuyck,2025020744,2026-01-15,WPG,MIN,1,34,32
20252026,8479406,Filip Gustavsson,2025020744,2026-01-15,MIN,WPG,0,9,9
20252026,8482661,Jesper Wallstedt,2025020744,2026-01-15,MIN,WPG,1,20,14
20252026,8481519,Spencer Knight,2025020745,2026-01-15,CHI,CGY,1,22,20
20252026,8482445,Devin Cooley,2025020745,2026-01-15,CGY,CHI,1,23,22
20252026,8478872,Karel Vejmelka,2025020746,2026-01-15,UTA,DAL,1,27,26
20252026,8479979,Jake Oettinger,2025020746,2026-01-15,DAL,UTA,1,27,25
20252026,8478009,Ilya Sorokin,2025020747,2026-01-15,NYI,EDM,1,35,35
20252026,8478971,Connor Ingram,2025020747,2026-01-15,EDM,NYI,1,18,17
20252026,8478499,Adin Hill,2025020748,2026-01-15,VGK,TOR,1,28,23
20252026,8479361,Joseph Woll,2025020748,2026-01-15,TOR,VGK,1,33,27
20252026,8476434,John Gibson,2025020749,2026-01-16,DET,SJS,1,22,20
20252026,8482137,Yaroslav Askarov,2025020749,2026-01-16,SJS,DET,1,24,21
20252026,8475683,Sergei Bobrovsky,2025020750,2026-01-16,FLA,CAR,1,36,27
20252026,8483548,Brandon Bussi,2025020750,2026-01-16,CAR,FLA,1,16,15
20252026,8476883,Andrei Vasilevskiy,2025020751,2026-01-16,TBL,STL,1,21,19
20252026,8480981,Joel Hofer,2025020751,2026-01-16,STL,TBL,1,36,34
20252026,8477424,Juuse Saros,2025020752,2026-01-16,NSH,COL,1,43,40
20252026,8478406,Mackenzie Blackwood,2025020752,2026-01-16,COL,NSH,1,28,23
20252026,8475311,Darcy Kuemper,2025020753,2026-01-16,LAK,ANA,1,28,26
20252026,8480843,Lukas Dostal,2025020753,2026-01-16,ANA,LAK,1,28,26
20252026,8479406,Filip Gustavsson,2025020754,2026-01-17,MIN,BUF,1,24,20
20252026,8480045,Ukko-Pekka Luukkonen,2025020754,2026-01-17,BUF,MIN,1,36,31
20252026,8477484,Spencer Martin,2025020755,2026-01-17,NYR,PHI,1,28,25
20252026,8481035,Samuel Ersson,2025020755,2026-01-17,PHI,NYR,0,25,22
20252026,8482783,Aleksei Kolosov,2025020755,2026-01-17,PHI,NYR,1,3,0
20252026,8479496,David Rittich,2025020756,2026-01-17,NYI,CGY,1,19,15
20252026,8481692,Dustin Wolf,2025020756,2026-01-17,CGY,NYI,1,30,28
20252026,8475831,Philipp Grubauer,2025020757,2026-01-17,SEA,UTA,1,30,25
20252026,8478872,Karel Vejmelka,2025020757,2026-01-17,UTA,SEA,1,21,18
20252026,8478470,Samuel Montembeault,2025020758,2026-01-17,MTL,OTT,1,34,29
20252026,8482447,Leevi Merilainen,2025020758,2026-01-17,OTT,MTL,1,19,13
20252026,8474593,Jacob Markstrom,2025020759,2026-01-17,NJD,CAR,1,35,31
20252026,8475883,Frederik Andersen,2025020759,2026-01-17,CAR,NJD,1,30,29
20252026,8478007,Elvis Merzlikins,2025020760,2026-01-17,CBJ,PIT,1,33,30
20252026,8481668,Arturs Silovs,2025020760,2026-01-17,PIT,CBJ,1,26,23
20252026,8480193,Daniil Tarasov,2025020761,2026-01-17,FLA,WSH,1,24,22
20252026,8480313,Logan Thompson,2025020761,2026-01-17,WSH,FLA,1,29,26
20252026,8476945,Connor Hellebuyck,2025020762,2026-01-17,WPG,TOR,1,37,33
20252026,8483710,Dennis Hildeby,2025020762,2026-01-17,TOR,WPG,1,30,27
20252026,8476914,Joonas Korpisalo,2025020763,2026-01-17,BOS,CHI,1,24,22
20252026,8482821,Arvid Soderblom,2025020763,2026-01-17,CHI,BOS,1,23,18
20252026,8477465,Tristan Jarry,2025020764,2026-01-17,EDM,VAN,1,31,31
20252026,8484268,Nikita Tolopilo,2025020764,2026-01-17,VAN,EDM,1,35,29
20252026,8481020,Justus Annunen,2025020765,2026-01-17,NSH,VGK,1,36,29
20252026,8481033,Akira Schmid,2025020765,2026-01-17,VGK,NSH,1,29,27
20252026,8476341,Anton Forsberg,2025020766,2026-01-17,LAK,ANA,1,33,31
20252026,8478024,Ville Husso,2025020766,2026-01-17,ANA,LAK,1,18,17
20252026,8476883,Andrei Vasilevskiy,2025020767,2026-01-18,TBL,DAL,1,20,19
20252026,8479979,Jake Oettinger,2025020767,2026-01-18,DAL,TBL,1,25,22
20252026,8473503,James Reimer,2025020768,2026-01-18,OTT,DET,1,34,30
20252026,8476434,John Gibson,2025020768,2026-01-18,DET,OTT,1,22,19
20252026,8476412,Jordan Binnington,2025020769,2026-01-18,STL,EDM,1,28,23
20252026,8478971,Connor Ingram,2025020769,2026-01-18,EDM,STL,1,27,27
20252026,8480045,Ukko-Pekka Luukkonen,2025020770,2026-01-19,BUF,CAR,1,29,27
20252026,8483548,Brandon Bussi,2025020770,2026-01-19,CAR,BUF,1,18,17
20252026,8475809,Scott Wedgewood,2025020771,2026-01-19,COL,WSH,1,24,22
20252026,8479292,Charlie Lindgren,2025020771,2026-01-19,WSH,COL,1,44,39
20252026,8478916,Joey Daccord,2025020772,2026-01-19,SEA,PIT,1,31,26
20252026,8479973,Stuart Skinner,2025020772,2026-01-19,PIT,SEA,1,23,20
20252026,8475683,Sergei Bobrovsky,2025020773,2026-01-19,FLA,SJS,1,27,24
20252026,8477968,Alex Nedeljkovic,2025020773,2026-01-19,SJS,FLA,1,36,35
20252026,8479361,Joseph Woll,2025020774,2026-01-19,TOR,MIN,1,29,24
20252026,8479406,Filip Gustavsson,2025020774,2026-01-19,MIN,TOR,1,30,27
20252026,8483710,Dennis Hildeby,2025020774,2026-01-19,TOR,MIN,0,9,9
20252026,8478499,Adin Hill,2025020775,2026-01-19,VGK,PHI,1,17,15
20252026,8481035,Samuel Ersson,2025020775,2026-01-19,PHI,VGK,1,25,24
20252026,8476945,Connor Hellebuyck,2025020776,2026-01-19,WPG,CHI,1,23,22
20252026,8481519,Spencer Knight,2025020776,2026-01-19,CHI,WPG,1,32,32
20252026,8474593,Jacob Markstrom,2025020777,2026-01-19,NJD,CGY,1,22,21
20252026,8482445,Devin Cooley,2025020777,2026-01-19,CGY,NJD,1,32,30
20252026,8478009,Ilya Sorokin,2025020778,2026-01-19,NYI,VAN,1,32,29
20252026,8480947,Kevin Lankinen,2025020778,2026-01-19,VAN,NYI,1,33,29
20252026,8477484,Spencer Martin,2025020779,2026-01-19,NYR,ANA,1,25,21
20252026,8480843,Lukas Dostal,2025020779,2026-01-19,ANA,NYR,1,22,19
20252026,8482487,Jakub Dobes,2025020780,2026-01-20,MTL,MIN,1,20,17
20252026,8482661,Jesper Wallstedt,2025020780,2026-01-20,MIN,MTL,1,33,29
20252026,8476883,Andrei Vasilevskiy,2025020781,2026-01-20,TBL,SJS,1,23,22
20252026,8482137,Yaroslav Askarov,2025020781,2026-01-20,SJS,TBL,1,19,16
20252026,8473503,James Reimer,2025020782,2026-01-20,OTT,CBJ,1,22,21
20252026,8478007,Elvis Merzlikins,2025020782,2026-01-20,CBJ,OTT,1,7,5
20252026,8482982,Jet Greaves,2025020782,2026-01-20,CBJ,OTT,0,13,12
20252026,8476914,Joonas Korpisalo,2025020783,2026-01-20,BOS,DAL,0,3,3
20252026,8479979,Jake Oettinger,2025020783,2026-01-20,DAL,BOS,1,18,16
20252026,8480280,Jeremy Swayman,2025020783,2026-01-20,BOS,DAL,1,34,28
20252026,8477424,Juuse Saros,2025020784,2026-01-20,NSH,BUF,1,19,15
20252026,8479312,Alex Lyon,2025020784,2026-01-20,BUF,NSH,1,34,31
20252026,8481020,Justus Annunen,2025020784,2026-01-20,NSH,BUF,0,13,13
20252026,8477480,Eric Comrie,2025020785,2026-01-20,WPG,STL,1,23,22
20252026,8480981,Joel Hofer,2025020785,2026-01-20,STL,WPG,1,15,13
20252026,8474596,Jake Allen,2025020786,2026-01-20,NJD,EDM,1,23,22
20252026,8477465,Tristan Jarry,2025020786,2026-01-20,EDM,NJD,1,17,15
20252026,8471734,Jonathan Quick,2025020787,2026-01-20,NYR,LAK,1,27,23
20252026,8475311,Darcy Kuemper,2025020787,2026-01-20,LAK,NYR,1,8,6
20252026,8476341,Anton Forsberg,2025020787,2026-01-20,LAK,NYR,0,28,27
20252026,8476434,John Gibson,2025020788,2026-01-21,DET,TOR,1,31,30
20252026,8479361,Joseph Woll,2025020788,2026-01-21,TOR,DET,1,41,39
20252026,8475809,Scott Wedgewood,2025020789,2026-01-21,COL,ANA,1,16,15
20252026,8480843,Lukas Dostal,2025020789,2026-01-21,ANA,COL,1,41,40
20252026,8478872,Karel Vejmelka,2025020790,2026-01-21,UTA,PHI,1,29,25
20252026,8481035,Samuel Ersson,2025020790,2026-01-21,PHI,UTA,1,27,22
20252026,8479973,Stuart Skinner,2025020791,2026-01-21,PIT,CGY,1,19,18
20252026,8481692,Dustin Wolf,2025020791,2026-01-21,CGY,PIT,1,25,21
20252026,8480313,Logan Thompson,2025020792,2026-01-21,WSH,VAN,1,25,21
20252026,8480947,Kevin Lankinen,2025020792,2026-01-21,VAN,WSH,1,32,29
20252026,8475831,Philipp Grubauer,2025020793,2026-01-21,SEA,NYI,1,25,24
20252026,8478009,Ilya Sorokin,2025020793,2026-01-21,NYI,SEA,1,24,21
20252026,8476914,Joonas Korpisalo,2025020794,2026-01-22,BOS,VGK,1,33,30
20252026,8481033,Akira Schmid,2025020794,2026-01-22,VGK,BOS,1,29,25
20252026,8478470,Samuel Montembeault,2025020795,2026-01-22,MTL,BUF,1,16,13
20252026,8480045,Ukko-Pekka Luukkonen,2025020795,2026-01-22,BUF,MTL,1,34,32
20252026,8475883,Frederik Andersen,2025020796,2026-01-22,CAR,CHI,1,22,19
20252026,8481519,Spencer Knight,2025020796,2026-01-22,CHI,CAR,1,31,28
20252026,8479193,Casey DeSmith,2025020797,2026-01-22,DAL,CBJ,1,22,21
20252026,8482982,Jet Greaves,2025020797,2026-01-22,CBJ,DAL,1,28,28
20252026,8473503,James Reimer,2025020798,2026-01-22,OTT,NSH,1,26,22
20252026,8477424,Juuse Saros,2025020798,2026-01-22,NSH,OTT,1,26,23
20252026,8476945,Connor Hellebuyck,2025020799,2026-01-22,WPG,FLA,1,20,19
20252026,8480193,Daniil Tarasov,2025020799,2026-01-22,FLA,WPG,1,18,17
20252026,8477465,Tristan Jarry,2025020800,2026-01-22,EDM,PIT,1,23,17
20252026,8481668,Arturs Silovs,2025020800,2026-01-22,PIT,EDM,1,32,30
20252026,8475660,Cam Talbot,2025020801,2026-01-22,DET,MIN,1,39,35
20252026,8479406,Filip Gustavsson,2025020801,2026-01-22,MIN,DET,1,34,31
20252026,8476932,Anthony Stolarz,2025020802,2026-01-23,TOR,VGK,1,30,25
20252026,8478499,Adin Hill,2025020802,2026-01-23,VGK,TOR,1,21,18
20252026,8476883,Andrei Vasilevskiy,2025020803,2026-01-23,TBL,CHI,1,19,18
20252026,8482821,Arvid Soderblom,2025020803,2026-01-23,CHI,TBL,1,31,30
20252026,8476412,Jordan Binnington,2025020804,2026-01-23,STL,DAL,1,19,16
20252026,8479979,Jake Oettinger,2025020804,2026-01-23,DAL,STL,1,22,20
20252026,8478406,Mackenzie Blackwood,2025020805,2026-01-23,COL,PHI,1,19,13
20252026,8481035,Samuel Ersson,2025020805,2026-01-23,PHI,COL,1,35,32
20252026,8480313,Logan Thompson,2025020806,2026-01-23,WSH,CGY,1,26,25
20252026,8482445,Devin Cooley,2025020806,2026-01-23,CGY,WSH,1,37,35
20252026,8474593,Jacob Markstrom,2025020807,2026-01-23,NJD,VAN,1,25,21
20252026,8480947,Kevin Lankinen,2025020807,2026-01-23,VAN,NJD,1,24,19
20252026,8477484,Spencer Martin,2025020808,2026-01-23,NYR,SJS,1,32,29
20252026,8477968,Alex Nedeljkovic,2025020808,2026-01-23,SJS,NYR,1,29,28
20252026,8475831,Philipp Grubauer,2025020809,2026-01-23,SEA,ANA,1,30,27
20252026,8480843,Lukas Dostal,2025020809,2026-01-23,ANA,SEA,1,22,20
20252026,8479312,Alex Lyon,2025020810,2026-01-24,BUF,NYI,1,26,26
20252026,8479496,David Rittich,2025020810,2026-01-24,NYI,BUF,1,20,16
20252026,8477424,Juuse Saros,2025020811,2026-01-24,NSH,UTA,1,30,26
20252026,8478872,Karel Vejmelka,2025020811,2026-01-24,UTA,NSH,1,29,27
20252026,8478470,Samuel Montembeault,2025020812,2026-01-24,MTL,BOS,1,20,16
20252026,8480280,Jeremy Swayman,2025020812,2026-01-24,BOS,MTL,1,25,22
20252026,8473503,James Reimer,2025020813,2026-01-24,OTT,CAR,1,19,15
20252026,8483548,Brandon Bussi,2025020813,2026-01-24,CAR,OTT,1,37,36
20252026,8477992,Jonas Johansson,2025020814,2026-01-24,TBL,CBJ,1,29,23
20252026,8482982,Jet Greaves,2025020814,2026-01-24,CBJ,TBL,1,30,25
20252026,8476434,John Gibson,2025020815,2026-01-24,DET,WPG,1,27,26
20252026,8476945,Connor Hellebuyck,2025020815,2026-01-24,WPG,DET,1,30,26
20252026,8475311,Darcy Kuemper,2025020816,2026-01-24,LAK,STL,1,29,25
20252026,8480981,Joel Hofer,2025020816,2026-01-24,STL,LAK,1,28,24
20252026,8475683,Sergei Bobrovsky,2025020817,2026-01-24,FLA,MIN,1,21,18
20252026,8479406,Filip Gustavsson,2025020817,2026-01-24,MIN,FLA,1,34,30
20252026,8477465,Tristan Jarry,2025020818,2026-01-24,EDM,WSH,0,15,13
20252026,8478971,Connor Ingram,2025020818,2026-01-24,EDM,WSH,1,12,9
20252026,8479292,Charlie Lindgren,2025020818,2026-01-24,WSH,EDM,1,40,34
20252026,8478406,Mackenzie Blackwood,2025020819,2026-01-25,COL,TOR,1,33,32
20252026,8479361,Joseph Woll,2025020819,2026-01-25,TOR,COL,1,36,33
20252026,8474593,Jacob Markstrom,2025020820,2026-01-25,NJD,SEA,1,18,15
20252026,8478916,Joey Daccord,2025020820,2026-01-25,SEA,NJD,1,29,27
20252026,8478499,Adin Hill,2025020821,2026-01-25,VGK,OTT,1,32,25
20252026,8481544,Mads Sogaard,2025020821,2026-01-25,OTT,VGK,1,20,19
20252026,8479973,Stuart Skinner,2025020822,2026-01-25,PIT,VAN,1,32,30
20252026,8480947,Kevin Lankinen,2025020822,2026-01-25,VAN,PIT,1,25,22
20252026,8480193,Daniil Tarasov,2025020823,2026-01-25,FLA,CHI,1,22,21
20252026,8481519,Spencer Knight,2025020823,2026-01-25,CHI,FLA,1,24,20
20252026,8480843,Lukas Dostal,2025020824,2026-01-25,ANA,CGY,1,35,32
20252026,8481692,Dustin Wolf,2025020824,2026-01-25,CGY,ANA,1,21,17
20252026,8476883,Andrei Vasilevskiy,2025020825,2026-01-26,TBL,UTA,1,28,28
20252026,8478872,Karel Vejmelka,2025020825,2026-01-26,UTA,TBL,1,29,27
20252026,8471734,Jonathan Quick,2025020826,2026-01-26,NYR,BOS,1,24,21
20252026,8476914,Joonas Korpisalo,2025020826,2026-01-26,BOS,NYR,1,28,24
20252026,8478009,Ilya Sorokin,2025020827,2026-01-26,NYI,PHI,1,21,21
20252026,8481035,Samuel Ersson,2025020827,2026-01-26,PHI,NYI,1,23,19
20252026,8477465,Tristan Jarry,2025020829,2026-01-26,EDM,ANA,1,41,37
20252026,8478024,Ville Husso,2025020829,2026-01-26,ANA,EDM,1,30,25
20252026,8477424,Juuse Saros,2025020830,2026-01-27,NSH,BOS,1,28,25
20252026,8480280,Jeremy Swayman,2025020830,2026-01-27,BOS,NSH,1,30,28
20252026,8479361,Joseph Woll,2025020831,2026-01-27,TOR,BUF,1,30,24
20252026,8480045,Ukko-Pekka Luukkonen,2025020831,2026-01-27,BUF,TOR,1,5,3
20252026,8481551,Colten Ellis,2025020831,2026-01-27,BUF,TOR,0,18,16
20252026,8481033,Akira Schmid,2025020832,2026-01-27,VGK,MTL,1,26,23
20252026,8482487,Jakub Dobes,2025020832,2026-01-27,MTL,VGK,1,34,32
20252026,8476341,Anton Forsberg,2025020833,2026-01-27,LAK,DET,1,28,27
20252026,8476434,John Gibson,2025020833,2026-01-27,DET,LAK,1,21,19
20252026,8475683,Sergei Bobrovsky,2025020834,2026-01-27,FLA,UTA,1,19,16
20252026,8477970,Vitek Vanecek,2025020834,2026-01-27,UTA,FLA,1,30,27
20252026,8474596,Jake Allen,2025020835,2026-01-27,NJD,WPG,1,26,22
20252026,8476945,Connor Hellebuyck,2025020835,2026-01-27,WPG,NJD,1,29,26
20252026,8476412,Jordan Binnington,2025020836,2026-01-27,STL,DAL,1,24,20
20252026,8479979,Jake Oettinger,2025020836,2026-01-27,DAL,STL,1,26,23
20252026,8481519,Spencer Knight,2025020837,2026-01-27,CHI,MIN,1,23,20
20252026,8482661,Jesper Wallstedt,2025020837,2026-01-27,MIN,CHI,1,32,29
20252026,8480947,Kevin Lankinen,2025020838,2026-01-27,VAN,SJS,1,6,3
20252026,8482137,Yaroslav Askarov,2025020838,2026-01-27,SJS,VAN,1,25,23
20252026,8484268,Nikita Tolopilo,2025020838,2026-01-27,VAN,SJS,0,27,25
20252026,8475831,Philipp Grubauer,2025020839,2026-01-27,SEA,WSH,1,20,19
20252026,8480313,Logan Thompson,2025020839,2026-01-27,WSH,SEA,1,32,27
20252026,8478007,Elvis Merzlikins,2025020840,2026-01-28,CBJ,PHI,1,27,24
20252026,8478435,Dan Vladar,2025020840,2026-01-28,PHI,CBJ,1,30,26
20252026,8473503,James Reimer,2025020841,2026-01-28,OTT,COL,1,18,16
20252026,8478406,Mackenzie Blackwood,2025020841,2026-01-28,COL,OTT,1,21,18
20252026,8477484,Spencer Martin,2025020842,2026-01-28,NYR,NYI,1,36,31
20252026,8479496,David Rittich,2025020842,2026-01-28,NYI,NYR,1,16,14
20252026,8478435,Dan Vladar,2025020843,2026-01-29,PHI,BOS,0,6,6
20252026,8480280,Jeremy Swayman,2025020843,2026-01-29,BOS,PHI,1,36,33
20252026,8481035,Samuel Ersson,2025020843,2026-01-29,PHI,BOS,1,20,15
20252026,8475311,Darcy Kuemper,2025020844,2026-01-29,LAK,BUF,1,31,28
20252026,8479312,Alex Lyon,2025020844,2026-01-29,BUF,LAK,1,38,37
20252026,8475809,Scott Wedgewood,2025020845,2026-01-29,COL,MTL,1,28,21
20252026,8482487,Jakub Dobes,2025020845,2026-01-29,MTL,COL,1,29,26
20252026,8476434,John Gibson,2025020846,2026-01-29,DET,WSH,1,23,20
20252026,8479292,Charlie Lindgren,2025020846,2026-01-29,WSH,DET,1,21,18
20252026,8476883,Andrei Vasilevskiy,2025020847,2026-01-29,TBL,WPG,1,24,23
20252026,8476945,Connor Hellebuyck,2025020847,2026-01-29,WPG,TBL,1,36,33
20252026,8474593,Jacob Markstrom,2025020848,2026-01-29,NJD,NSH,1,29,27
20252026,8481020,Justus Annunen,2025020848,2026-01-29,NSH,NJD,1,35,32
20252026,8471734,Jonathan Quick,2025020849,2026-01-29,NYR,NYI,1,21,19
20252026,8478009,Ilya Sorokin,2025020849,2026-01-29,NYI,NYR,1,21,20
20252026,8481668,Arturs Silovs,2025020850,2026-01-29,PIT,CHI,1,20,18
20252026,8482821,Arvid Soderblom,2025020850,2026-01-29,CHI,PIT,1,45,39
20252026,8478872,Karel Vejmelka,2025020851,2026-01-29,UTA,CAR,1,33,28
20252026,8483548,Brandon Bussi,2025020851,2026-01-29,CAR,UTA,1,25,21
20252026,8480193,Daniil Tarasov,2025020852,2026-01-29,FLA,STL,1,31,26
20252026,8480981,Joel Hofer,2025020852,2026-01-29,STL,FLA,1,20,16
20252026,8479406,Filip Gustavsson,2025020853,2026-01-29,MIN,CGY,1,30,29
20252026,8482445,Devin Cooley,2025020853,2026-01-29,CGY,MIN,1,23,20
20252026,8478971,Connor Ingram,2025020854,2026-01-29,EDM,SJS,1,21,18
20252026,8482137,Yaroslav Askarov,2025020854,2026-01-29,SJS,EDM,1,32,28
20252026,8480843,Lukas Dostal,2025020855,2026-01-29,ANA,VAN,1,25,24
20252026,8480947,Kevin Lankinen,2025020855,2026-01-29,VAN,ANA,0,1,1
20252026,8484268,Nikita Tolopilo,2025020855,2026-01-29,VAN,ANA,1,32,32
20252026,8478499,Adin Hill,2025020856,2026-01-29,VGK,DAL,1,27,23
20252026,8479979,Jake Oettinger,2025020856,2026-01-29,DAL,VGK,1,21,17
20252026,8476932,Anthony Stolarz,2025020857,2026-01-29,TOR,SEA,1,21,17
20252026,8478916,Joey Daccord,2025020857,2026-01-29,SEA,TOR,1,31,29
20252026,8478007,Elvis Merzlikins,2025020858,2026-01-30,CBJ,CHI,1,24,22
20252026,8481519,Spencer Knight,2025020858,2026-01-30,CHI,CBJ,1,25,22
20252026,8475311,Darcy Kuemper,2025020859,2026-01-31,LAK,PHI,1,21,19
20252026,8478435,Dan Vladar,2025020859,2026-01-31,PHI,LAK,1,21,18
20252026,8475660,Cam Talbot,2025020860,2026-01-31,DET,COL,0,4,3
20252026,8476434,John Gibson,2025020860,2026-01-31,DET,COL,1,17,13
20252026,8478406,Mackenzie Blackwood,2025020860,2026-01-31,COL,DET,1,28,28
20252026,8471734,Jonathan Quick,2025020861,2026-01-31,NYR,PIT,1,33,28
20252026,8479973,Stuart Skinner,2025020861,2026-01-31,PIT,NYR,1,20,15
20252026,8475683,Sergei Bobrovsky,2025020862,2026-01-31,FLA,WPG,1,21,19
20252026,8477480,Eric Comrie,2025020862,2026-01-31,WPG,FLA,1,28,27
20252026,8477968,Alex Nedeljkovic,2025020863,2026-01-31,SJS,CGY,1,42,39
20252026,8481692,Dustin Wolf,2025020863,2026-01-31,CGY,SJS,1,25,23
20252026,8475883,Frederik Andersen,2025020864,2026-01-31,CAR,WSH,1,42,38
20252026,8483532,Clay Stevenson,2025020864,2026-01-31,WSH,CAR,1,22,19
20252026,8479312,Alex Lyon,2025020865,2026-01-31,BUF,MTL,1,30,27
20252026,8482487,Jakub Dobes,2025020865,2026-01-31,MTL,BUF,1,38,36
20252026,8474596,Jake Allen,2025020866,2026-01-31,NJD,OTT,1,33,30
20252026,8476999,Linus Ullmark,2025020866,2026-01-31,OTT,NJD,1,27,26
20252026,8477424,Juuse Saros,2025020867,2026-01-31,NSH,NYI,1,30,27
20252026,8478009,Ilya Sorokin,2025020867,2026-01-31,NYI,NSH,1,42,38
20252026,8476412,Jordan Binnington,2025020868,2026-01-31,STL,CBJ,1,22,18
20252026,8482982,Jet Greaves,2025020868,2026-01-31,CBJ,STL,1,33,30
20252026,8479361,Joseph Woll,2025020869,2026-01-31,TOR,VAN,1,30,28
20252026,8484268,Nikita Tolopilo,2025020869,2026-01-31,VAN,TOR,1,41,39
20252026,8478872,Karel Vejmelka,2025020870,2026-01-31,UTA,DAL,1,32,29
20252026,8479193,Casey DeSmith,2025020870,2026-01-31,DAL,UTA,1,14,12
20252026,8477465,Tristan Jarry,2025020871,2026-01-31,EDM,MIN,1,20,15
20252026,8478971,Connor Ingram,2025020871,2026-01-31,EDM,MIN,0,9,7
20252026,8482661,Jesper Wallstedt,2025020871,2026-01-31,MIN,EDM,1,42,39
20252026,8478916,Joey Daccord,2025020872,2026-01-31,SEA,VGK,1,29,27
20252026,8481033,Akira Schmid,2025020872,2026-01-31,VGK,SEA,1,22,19
20252026,8476883,Andrei Vasilevskiy,2025020873,2026-02-01,TBL,BOS,1,34,29
20252026,8480280,Jeremy Swayman,2025020873,2026-02-01,BOS,TBL,1,46,41
20252026,8476341,Anton Forsberg,2025020874,2026-02-01,LAK,CAR,1,34,31
20252026,8483548,Brandon Bussi,2025020874,2026-02-01,CAR,LAK,1,13,11
20252026,8478499,Adin Hill,2025020875,2026-02-01,VGK,ANA,1,22,19
20252026,8480843,Lukas Dostal,2025020875,2026-02-01,ANA,VGK,1,31,28
20252026,8475683,Sergei Bobrovsky,2025020876,2026-02-02,FLA,BUF,1,20,15
20252026,8479312,Alex Lyon,2025020876,2026-02-02,BUF,FLA,1,42,39
20252026,8476999,Linus Ullmark,2025020877,2026-02-02,OTT,PIT,1,16,14
20252026,8481668,Arturs Silovs,2025020877,2026-02-02,PIT,OTT,1,31,28
20252026,8479496,David Rittich,2025020878,2026-02-02,NYI,WSH,1,24,21
20252026,8483532,Clay Stevenson,2025020878,2026-02-02,WSH,NYI,1,30,29
20252026,8479406,Filip Gustavsson,2025020879,2026-02-02,MIN,MTL,1,20,17
20252026,8482487,Jakub Dobes,2025020879,2026-02-02,MTL,MIN,1,24,20
20252026,8477424,Juuse Saros,2025020880,2026-02-02,NSH,STL,1,21,16
20252026,8480981,Joel Hofer,2025020880,2026-02-02,STL,NSH,1,28,22
20252026,8481020,Justus Annunen,2025020880,2026-02-02,NSH,STL,0,13,13
20252026,8477968,Alex Nedeljkovic,2025020881,2026-02-02,SJS,CHI,0,7,5
20252026,8481519,Spencer Knight,2025020881,2026-02-02,CHI,SJS,1,27,24
20252026,8482137,Yaroslav Askarov,2025020881,2026-02-02,SJS,CHI,1,10,6
20252026,8476945,Connor Hellebuyck,2025020882,2026-02-02,WPG,DAL,1,28,24
20252026,8479979,Jake Oettinger,2025020882,2026-02-02,DAL,WPG,1,27,24
20252026,8476434,John Gibson,2025020883,2026-02-02,DET,COL,1,21,21
20252026,8478406,Mackenzie Blackwood,2025020883,2026-02-02,COL,DET,1,24,23
20252026,8478872,Karel Vejmelka,2025020884,2026-02-02,UTA,VAN,1,24,22
20252026,8480947,Kevin Lankinen,2025020884,2026-02-02,VAN,UTA,1,19,13
20252026,8479361,Joseph Woll,2025020885,2026-02-02,TOR,CGY,1,30,28
20252026,8481692,Dustin Wolf,2025020885,2026-02-02,CGY,TOR,1,21,18
20252026,8476883,Andrei Vasilevskiy,2025020886,2026-02-03,TBL,BUF,1,26,23
20252026,8481551,Colten Ellis,2025020886,2026-02-03,BUF,TBL,1,35,31
20252026,8474593,Jacob Markstrom,2025020887,2026-02-03,NJD,CBJ,1,25,23
20252026,8478007,Elvis Merzlikins,2025020887,2026-02-03,CBJ,NJD,1,24,24
20252026,8478009,Ilya Sorokin,2025020888,2026-02-03,NYI,PIT,1,35,31
20252026,8479973,Stuart Skinner,2025020888,2026-02-03,PIT,NYI,1,23,18
20252026,8478435,Dan Vladar,2025020889,2026-02-03,PHI,WSH,1,28,26
20252026,8483532,Clay Stevenson,2025020889,2026-02-03,WSH,PHI,1,21,18
20252026,8473503,James Reimer,2025020890,2026-02-03,OTT,CAR,1,19,15
20252026,8483548,Brandon Bussi,2025020890,2026-02-03,CAR,OTT,1,27,24
20252026,8476932,Anthony Stolarz,2025020891,2026-02-03,TOR,EDM,1,36,34
20252026,8478971,Connor Ingram,2025020891,2026-02-03,EDM,TOR,1,26,22
20252026,8475831,Philipp Grubauer,2025020892,2026-02-03,SEA,ANA,1,31,27
20252026,8480843,Lukas Dostal,2025020892,2026-02-03,ANA,SEA,1,28,26
20252026,8475683,Sergei Bobrovsky,2025020893,2026-02-04,FLA,BOS,1,29,25
20252026,8476914,Joonas Korpisalo,2025020893,2026-02-04,BOS,FLA,1,26,22
20252026,8481519,Spencer Knight,2025020894,2026-02-04,CHI,CBJ,1,19,16
20252026,8482982,Jet Greaves,2025020894,2026-02-04,CBJ,CHI,1,21,21
20252026,8476945,Connor Hellebuyck,2025020895,2026-02-04,WPG,MTL,1,26,22
20252026,8478470,Samuel Montembeault,2025020895,2026-02-04,MTL,WPG,1,37,36
20252026,8477424,Juuse Saros,2025020896,2026-02-04,NSH,MIN,1,43,37
20252026,8479406,Filip Gustavsson,2025020896,2026-02-04,MIN,NSH,1,35,30
20252026,8478406,Mackenzie Blackwood,2025020897,2026-02-04,COL,SJS,1,25,23
20252026,8482137,Yaroslav Askarov,2025020897,2026-02-04,SJS,COL,1,41,38
20252026,8476434,John Gibson,2025020898,2026-02-04,DET,UTA,1,24,21
20252026,8478872,Karel Vejmelka,2025020898,2026-02-04,UTA,DET,1,30,29
20252026,8476412,Jordan Binnington,2025020899,2026-02-04,STL,DAL,1,28,23
20252026,8479979,Jake Oettinger,2025020899,2026-02-04,DAL,STL,1,18,14
20252026,8477465,Tristan Jarry,2025020900,2026-02-04,EDM,CGY,1,25,21
20252026,8482445,Devin Cooley,2025020900,2026-02-04,CGY,EDM,1,39,36
20252026,8480947,Kevin Lankinen,2025020901,2026-02-04,VAN,VGK,1,31,26
20252026,8481033,Akira Schmid,2025020901,2026-02-04,VGK,VAN,1,23,21
20252026,8475311,Darcy Kuemper,2025020902,2026-02-04,LAK,SEA,1,23,19
20252026,8478916,Joey Daccord,2025020902,2026-02-04,SEA,LAK,1,27,25
20252026,8479312,Alex Lyon,2025020903,2026-02-05,BUF,PIT,1,31,27
20252026,8481668,Arturs Silovs,2025020903,2026-02-05,PIT,BUF,1,27,25
20252026,8475683,Sergei Bobrovsky,2025020904,2026-02-05,FLA,TBL,0,3,2
20252026,8476883,Andrei Vasilevskiy,2025020904,2026-02-05,TBL,FLA,1,34,33
20252026,8480193,Daniil Tarasov,2025020904,2026-02-05,FLA,TBL,1,25,20
20252026,8474596,Jake Allen,2025020905,2026-02-05,NJD,NYI,1,13,11
20252026,8478009,Ilya Sorokin,2025020905,2026-02-05,NYI,NJD,1,24,23
20252026,8471734,Jonathan Quick,2025020906,2026-02-05,NYR,CAR,1,42,41
20252026,8483548,Brandon Bussi,2025020906,2026-02-05,CAR,NYR,1,16,16
20252026,8473503,James Reimer,2025020907,2026-02-05,OTT,PHI,1,16,15
20252026,8478435,Dan Vladar,2025020907,2026-02-05,PHI,OTT,1,27,25
20252026,8480313,Logan Thompson,2025020908,2026-02-05,WSH,NSH,1,29,27
20252026,8481020,Justus Annunen,2025020908,2026-02-05,NSH,WSH,1,30,26
20252026,8476341,Anton Forsberg,2025020909,2026-02-05,LAK,VGK,1,22,18
20252026,8478499,Adin Hill,2025020909,2026-02-05,VGK,LAK,1,33,32
20252026,8474596,Jake Allen,2025020910,2026-02-25,NJD,BUF,1,30,28
20252026,8480045,Ukko-Pekka Luukkonen,2025020910,2026-02-25,BUF,NJD,1,28,27
20252026,8478435,Dan Vladar,2025020911,2026-02-25,PHI,WSH,1,28,26
20252026,8480313,Logan Thompson,2025020911,2026-02-25,WSH,PHI,1,24,23
20252026,8476883,Andrei Vasilevskiy,2025020912,2026-02-25,TBL,TOR,1,34,32
20252026,8476932,Anthony Stolarz,2025020912,2026-02-25,TOR,TBL,1,36,32
20252026,8478916,Joey Daccord,2025020913,2026-02-25,SEA,DAL,1,32,28
20252026,8479193,Casey DeSmith,2025020913,2026-02-25,DAL,SEA,1,19,18
20252026,8475809,Scott Wedgewood,2025020914,2026-02-25,COL,UTA,1,30,28
20252026,8478872,Karel Vejmelka,2025020914,2026-02-25,UTA,COL,1,26,22
20252026,8477480,Eric Comrie,2025020915,2026-02-25,WPG,VAN,1,23,21
20252026,8484268,Nikita Tolopilo,2025020915,2026-02-25,VAN,WPG,1,28,25
20252026,8476341,Anton Forsberg,2025020916,2026-02-25,LAK,VGK,1,24,19
20252026,8478499,Adin Hill,2025020916,2026-02-25,VGK,LAK,1,19,15
20252026,8477465,Tristan Jarry,2025020917,2026-02-25,EDM,ANA,1,25,20
20252026,8478971,Connor Ingram,2025020917,2026-02-25,EDM,ANA,0,4,3
20252026,8480843,Lukas Dostal,2025020917,2026-02-25,ANA,EDM,1,27,22
20252026,8476914,Joonas Korpisalo,2025020918,2026-02-26,BOS,CBJ,1,38,36
20252026,8478007,Elvis Merzlikins,2025020918,2026-02-26,CBJ,BOS,1,22,19
20252026,8480022,Michael DiPietro,2025020918,2026-02-26,BOS,CBJ,0,2,2
20252026,8478009,Ilya Sorokin,2025020919,2026-02-26,NYI,MTL,1,25,22
20252026,8478470,Samuel Montembeault,2025020919,2026-02-26,MTL,NYI,1,26,22
20252026,8476434,John Gibson,2025020920,2026-02-26,DET,OTT,1,27,26
20252026,8476999,Linus Ullmark,2025020920,2026-02-26,OTT,DET,1,20,18
20252026,8475683,Sergei Bobrovsky,2025020921,2026-02-26,FLA,TOR,1,30,29
20252026,8479361,Joseph Woll,2025020921,2026-02-26,TOR,FLA,1,35,32
20252026,8474593,Jacob Markstrom,2025020922,2026-02-26,NJD,PIT,1,36,33
20252026,8481668,Arturs Silovs,2025020922,2026-02-26,PIT,NJD,1,30,29
20252026,8477992,Jonas Johansson,2025020923,2026-02-26,TBL,CAR,1,33,28
20252026,8483548,Brandon Bussi,2025020923,2026-02-26,CAR,TBL,1,28,24
20252026,8478048,Igor Shesterkin,2025020924,2026-02-26,NYR,PHI,1,24,21
20252026,8481035,Samuel Ersson,2025020924,2026-02-26,PHI,NYR,1,24,22
20252026,8475831,Philipp Grubauer,2025020925,2026-02-26,SEA,STL,1,31,27
20252026,8480981,Joel Hofer,2025020925,2026-02-26,STL,SEA,1,24,23
20252026,8481020,Justus Annunen,2025020926,2026-02-26,NSH,CHI,1,23,21
20252026,8481519,Spencer Knight,2025020926,2026-02-26,CHI,NSH,1,25,22
20252026,8478406,Mackenzie Blackwood,2025020927,2026-02-26,COL,MIN,1,34,31
20252026,8479406,Filip Gustavsson,2025020927,2026-02-26,MIN,COL,1,45,44
20252026,8482661,Jesper Wallstedt,2025020927,2026-02-26,MIN,COL,0,2,1
20252026,8481692,Dustin Wolf,2025020928,2026-02-26,CGY,SJS,1,35,34
20252026,8482137,Yaroslav Askarov,2025020928,2026-02-26,SJS,CGY,1,28,25
20252026,8475311,Darcy Kuemper,2025020929,2026-02-26,LAK,EDM,1,15,11
20252026,8476341,Anton Forsberg,2025020929,2026-02-26,LAK,EDM,0,22,18
20252026,8478971,Connor Ingram,2025020929,2026-02-26,EDM,LAK,1,22,21
20252026,8479312,Alex Lyon,2025020930,2026-02-27,BUF,FLA,1,29,28
20252026,8480193,Daniil Tarasov,2025020930,2026-02-27,FLA,BUF,1,38,36
20252026,8480313,Logan Thompson,2025020931,2026-02-27,WSH,VGK,1,26,24
20252026,8481033,Akira Schmid,2025020931,2026-02-27,VGK,WSH,1,30,27
20252026,8478872,Karel Vejmelka,2025020932,2026-02-27,UTA,MIN,1,23,21
20252026,8482661,Jesper Wallstedt,2025020932,2026-02-27,MIN,UTA,1,37,32
20252026,8476945,Connor Hellebuyck,2025020933,2026-02-27,WPG,ANA,1,40,35
20252026,8480843,Lukas Dostal,2025020933,2026-02-27,ANA,WPG,1,33,29
20252026,8478048,Igor Shesterkin,2025020934,2026-02-28,NYR,PIT,1,34,32
20252026,8479973,Stuart Skinner,2025020934,2026-02-28,PIT,NYR,1,25,23
20252026,8478435,Dan Vladar,2025020935,2026-02-28,PHI,BOS,1,27,26
20252026,8480280,Jeremy Swayman,2025020935,2026-02-28,BOS,PHI,1,16,14
20252026,8478971,Connor Ingram,2025020936,2026-02-28,EDM,SJS,1,33,28
20252026,8482137,Yaroslav Askarov,2025020936,2026-02-28,SJS,EDM,1,24,20
20252026,8478009,Ilya Sorokin,2025020937,2026-02-28,NYI,CBJ,1,30,27
20252026,8482982,Jet Greaves,2025020937,2026-02-28,CBJ,NYI,1,27,23
20252026,8478406,Mackenzie Blackwood,2025020938,2026-02-28,COL,CHI,1,15,14
20252026,8481519,Spencer Knight,2025020938,2026-02-28,CHI,COL,1,34,32
20252026,8476932,Anthony Stolarz,2025020939,2026-02-28,TOR,OTT,0,12,12
20252026,8476999,Linus Ullmark,2025020939,2026-02-28,OTT,TOR,1,23,21
20252026,8479361,Joseph Woll,2025020939,2026-02-28,TOR,OTT,1,28,23
20252026,8479292,Charlie Lindgren,2025020940,2026-02-28,WSH,MTL,1,23,19
20252026,8482487,Jakub Dobes,2025020940,2026-02-28,MTL,WSH,1,29,27
20252026,8476883,Andrei Vasilevskiy,2025020941,2026-02-28,TBL,BUF,1,14,9
20252026,8477992,Jonas Johansson,2025020941,2026-02-28,TBL,BUF,0,21,20
20252026,8480045,Ukko-Pekka Luukkonen,2025020941,2026-02-28,BUF,TBL,1,38,36
20252026,8475660,Cam Talbot,2025020942,2026-02-28,DET,CAR,1,36,31
20252026,8475883,Frederik Andersen,2025020942,2026-02-28,CAR,DET,1,29,27
20252026,8474593,Jacob Markstrom,2025020943,2026-02-28,NJD,STL,1,26,25
20252026,8476412,Jordan Binnington,2025020943,2026-02-28,STL,NJD,1,32,30
20252026,8476341,Anton Forsberg,2025020944,2026-02-28,LAK,CGY,1,29,29
20252026,8481692,Dustin Wolf,2025020944,2026-02-28,CGY,LAK,1,36,35
20252026,8477424,Juuse Saros,2025020945,2026-02-28,NSH,DAL,1,25,22
20252026,8479979,Jake Oettinger,2025020945,2026-02-28,DAL,NSH,1,27,25
20252026,8478916,Joey Daccord,2025020946,2026-02-28,SEA,VAN,1,28,27
20252026,8480947,Kevin Lankinen,2025020946,2026-02-28,VAN,SEA,1,24,20
20252026,8478499,Adin Hill,2025020947,2026-03-01,VGK,PIT,1,22,17
20252026,8481668,Arturs Silovs,2025020947,2026-03-01,PIT,VGK,1,22,22
20252026,8475683,Sergei Bobrovsky,2025020948,2026-03-01,FLA,NYI,1,26,21
20252026,8479496,David Rittich,2025020948,2026-03-01,NYI,FLA,1,33,29
20252026,8478872,Karel Vejmelka,2025020949,2026-03-01,UTA,CHI,1,28,24
20252026,8482821,Arvid Soderblom,2025020949,2026-03-01,CHI,UTA,1,22,22
20252026,8476945,Connor Hellebuyck,2025020950,2026-03-01,WPG,SJS,1,33,31
20252026,8477968,Alex Nedeljkovic,2025020950,2026-03-01,SJS,WPG,1,28,27
20252026,8479406,Filip Gustavsson,2025020951,2026-03-01,MIN,STL,1,23,21
20252026,8480981,Joel Hofer,2025020951,2026-03-01,STL,MIN,1,23,22
20252026,8480843,Lukas Dostal,2025020952,2026-03-01,ANA,CGY,1,34,32
20252026,8482445,Devin Cooley,2025020952,2026-03-01,CGY,ANA,1,36,34
20252026,8478007,Elvis Merzlikins,2025020953,2026-03-02,CBJ,NYR,1,33,29
20252026,8478048,Igor Shesterkin,2025020953,2026-03-02,NYR,CBJ,1,29,24
20252026,8476932,Anthony Stolarz,2025020954,2026-03-02,TOR,PHI,1,25,23
20252026,8478435,Dan Vladar,2025020954,2026-03-02,PHI,TOR,1,31,29
20252026,8475660,Cam Talbot,2025020955,2026-03-02,DET,NSH,0,19,18
20252026,8476434,John Gibson,2025020955,2026-03-02,DET,NSH,1,11,10
20252026,8477424,Juuse Saros,2025020955,2026-03-02,NSH,DET,1,30,27
20252026,8479979,Jake Oettinger,2025020956,2026-03-02,DAL,VAN,1,14,13
20252026,8484268,Nikita Tolopilo,2025020956,2026-03-02,VAN,DAL,1,37,31
20252026,8475883,Frederik Andersen,2025020957,2026-03-02,CAR,SEA,1,15,13
20252026,8478916,Joey Daccord,2025020957,2026-03-02,SEA,CAR,1,36,35
20252026,8476341,Anton Forsberg,2025020958,2026-03-02,LAK,COL,1,38,35
20252026,8478406,Mackenzie Blackwood,2025020958,2026-03-02,COL,LAK,1,21,19
20252026,8479973,Stuart Skinner,2025020959,2026-03-03,PIT,BOS,1,28,26
20252026,8480280,Jeremy Swayman,2025020959,2026-03-03,BOS,PIT,1,35,34
20252026,8479312,Alex Lyon,2025020960,2026-03-03,BUF,VGK,1,29,27
20252026,8481033,Akira Schmid,2025020960,2026-03-03,VGK,BUF,1,28,25
20252026,8474593,Jacob Markstrom,2025020961,2026-03-03,NJD,FLA,1,21,20
20252026,8475683,Sergei Bobrovsky,2025020961,2026-03-03,FLA,NJD,1,31,28
20252026,8478872,Karel Vejmelka,2025020962,2026-03-03,UTA,WSH,1,25,23
20252026,8480313,Logan Thompson,2025020962,2026-03-03,WSH,UTA,1,23,20
20252026,8478007,Elvis Merzlikins,2025020963,2026-03-03,CBJ,NSH,0,2,2
20252026,8481020,Justus Annunen,2025020963,2026-03-03,NSH,CBJ,1,27,24
20252026,8482982,Jet Greaves,2025020963,2026-03-03,CBJ,NSH,1,23,21
20252026,8476945,Connor Hellebuyck,2025020964,2026-03-03,WPG,CHI,1,19,17
20252026,8481519,Spencer Knight,2025020964,2026-03-03,CHI,WPG,1,32,29
20252026,8479193,Casey DeSmith,2025020965,2026-03-03,DAL,CGY,1,21,20
20252026,8481692,Dustin Wolf,2025020965,2026-03-03,CGY,DAL,1,17,13
20252026,8482445,Devin Cooley,2025020965,2026-03-03,CGY,DAL,0,18,16
20252026,8476999,Linus Ullmark,2025020966,2026-03-03,OTT,EDM,1,37,32
20252026,8478971,Connor Ingram,2025020966,2026-03-03,EDM,OTT,1,21,17
20252026,8476883,Andrei Vasilevskiy,2025020967,2026-03-03,TBL,MIN,1,21,17
20252026,8479406,Filip Gustavsson,2025020967,2026-03-03,MIN,TBL,1,25,24
20252026,8475809,Scott Wedgewood,2025020968,2026-03-03,COL,ANA,1,28,27
20252026,8480843,Lukas Dostal,2025020968,2026-03-03,ANA,COL,1,26,21
20252026,8482137,Yaroslav Askarov,2025020969,2026-03-03,SJS,MTL,1,36,31
20252026,8482487,Jakub Dobes,2025020969,2026-03-03,MTL,SJS,1,27,21
20252026,8475660,Cam Talbot,2025020970,2026-03-04,DET,VGK,1,25,21
20252026,8478499,Adin Hill,2025020970,2026-03-04,VGK,DET,1,26,23
20252026,8474593,Jacob Markstrom,2025020971,2026-03-04,NJD,TOR,1,27,24
20252026,8476932,Anthony Stolarz,2025020971,2026-03-04,TOR,NJD,1,47,44
20252026,8480947,Kevin Lankinen,2025020972,2026-03-04,VAN,CAR,1,22,18
20252026,8483548,Brandon Bussi,2025020972,2026-03-04,CAR,VAN,1,22,18
20252026,8484268,Nikita Tolopilo,2025020972,2026-03-04,VAN,CAR,0,10,9
20252026,8478024,Ville Husso,2025020973,2026-03-04,ANA,NYI,1,43,42
20252026,8479496,David Rittich,2025020973,2026-03-04,NYI,ANA,1,25,21
20252026,8475831,Philipp Grubauer,2025020974,2026-03-04,SEA,STL,1,27,24
20252026,8480981,Joel Hofer,2025020974,2026-03-04,STL,SEA,1,36,34
20252026,8478048,Igor Shesterkin,2025020975,2026-03-05,NYR,TOR,1,32,30
20252026,8479361,Joseph Woll,2025020975,2026-03-05,TOR,NYR,1,23,18
20252026,8477970,Vitek Vanecek,2025020976,2026-03-05,UTA,PHI,1,16,16
20252026,8478435,Dan Vladar,2025020976,2026-03-05,PHI,UTA,1,22,20
20252026,8480045,Ukko-Pekka Luukkonen,2025020977,2026-03-05,BUF,PIT,1,28,27
20252026,8481668,Arturs Silovs,2025020977,2026-03-05,PIT,BUF,1,25,21
20252026,8480193,Daniil Tarasov,2025020978,2026-03-05,FLA,CBJ,1,27,24
20252026,8482982,Jet Greaves,2025020978,2026-03-05,CBJ,FLA,1,28,26
20252026,8476914,Joonas Korpisalo,2025020979,2026-03-05,BOS,NSH,1,28,23
20252026,8477424,Juuse Saros,2025020979,2026-03-05,NSH,BOS,1,23,20
20252026,8476883,Andrei Vasilevskiy,2025020980,2026-03-05,TBL,WPG,1,29,26
20252026,8476945,Connor Hellebuyck,2025020980,2026-03-05,WPG,TBL,1,27,26
20252026,8476999,Linus Ullmark,2025020981,2026-03-05,OTT,CGY,1,20,19
20252026,8482445,Devin Cooley,2025020981,2026-03-05,CGY,OTT,1,35,33
20252026,8475311,Darcy Kuemper,2025020982,2026-03-05,LAK,NYI,1,35,32
20252026,8478009,Ilya Sorokin,2025020982,2026-03-05,NYI,LAK,1,35,30
20252026,8475683,Sergei Bobrovsky,2025020983,2026-03-06,FLA,DET,1,29,28
20252026,8476434,John Gibson,2025020983,2026-03-06,DET,FLA,1,22,20
20252026,8475809,Scott Wedgewood,2025020984,2026-03-06,COL,DAL,0,10,10
20252026,8478406,Mackenzie Blackwood,2025020984,2026-03-06,COL,DAL,1,11,7
20252026,8479979,Jake Oettinger,2025020984,2026-03-06,DAL,COL,1,29,25
20252026,8482821,Arvid Soderblom,2025020985,2026-03-06,CHI,VAN,1,20,16
20252026,8484268,Nikita Tolopilo,2025020985,2026-03-06,VAN,CHI,1,23,20
20252026,8475883,Frederik Andersen,2025020986,2026-03-06,CAR,EDM,1,16,13
20252026,8477465,Tristan Jarry,2025020986,2026-03-06,EDM,CAR,1,31,26
20252026,8478470,Samuel Montembeault,2025020987,2026-03-06,MTL,ANA,1,33,28
20252026,8480843,Lukas Dostal,2025020987,2026-03-06,ANA,MTL,1,28,23
20252026,8479406,Filip Gustavsson,2025020988,2026-03-06,MIN,VGK,1,31,29
20252026,8481033,Akira Schmid,2025020988,2026-03-06,VGK,MIN,1,24,20
20252026,8476412,Jordan Binnington,2025020989,2026-03-06,STL,SJS,1,25,23
20252026,8477968,Alex Nedeljkovic,2025020989,2026-03-06,SJS,STL,1,14,11
20252026,8476341,Anton Forsberg,2025020828,2026-03-09,LAK,CBJ,1,32,28
20252026,8482982,Jet Greaves,2025020828,2026-03-09,CBJ,LAK,1,31,26
20252026,8480280,Jeremy Swayman,2025020990,2026-03-07,BOS,WSH,1,23,22
20252026,8480313,Logan Thompson,2025020990,2026-03-07,WSH,BOS,1,29,27
20252026,8471734,Jonathan Quick,2025020991,2026-03-07,NYR,NJD,1,34,29
20252026,8474593,Jacob Markstrom,2025020991,2026-03-07,NJD,NYR,1,20,17
20252026,8477424,Juuse Saros,2025020992,2026-03-07,NSH,BUF,1,24,21
20252026,8479312,Alex Lyon,2025020992,2026-03-07,BUF,NSH,1,25,23
20252026,8478435,Dan Vladar,2025020993,2026-03-07,PHI,PIT,1,23,20
20252026,8479973,Stuart Skinner,2025020993,2026-03-07,PIT,PHI,1,16,13
20252026,8476883,Andrei Vasilevskiy,2025020994,2026-03-07,TBL,TOR,1,29,27
20252026,8476932,Anthony Stolarz,2025020994,2026-03-07,TOR,TBL,1,32,28
20252026,8478007,Elvis Merzlikins,2025020995,2026-03-07,CBJ,UTA,1,25,20
20252026,8478872,Karel Vejmelka,2025020995,2026-03-07,UTA,CBJ,1,31,27
20252026,8476945,Connor Hellebuyck,2025020996,2026-03-07,WPG,VAN,1,23,21
20252026,8480947,Kevin Lankinen,2025020996,2026-03-07,VAN,WPG,1,36,33
20252026,8475311,Darcy Kuemper,2025020997,2026-03-07,LAK,MTL,1,23,19
20252026,8482487,Jakub Dobes,2025020997,2026-03-07,MTL,LAK,1,39,36
20252026,8481692,Dustin Wolf,2025020998,2026-03-07,CGY,CAR,1,29,25
20252026,8483548,Brandon Bussi,2025020998,2026-03-07,CAR,CGY,1,25,20
20252026,8478009,Ilya Sorokin,2025020999,2026-03-07,NYI,SJS,1,31,30
20252026,8482137,Yaroslav Askarov,2025020999,2026-03-07,SJS,NYI,1,34,32
20252026,8476999,Linus Ullmark,2025021000,2026-03-07,OTT,SEA,1,21,17
20252026,8478916,Joey Daccord,2025021000,2026-03-07,SEA,OTT,1,37,30
20252026,8475809,Scott Wedgewood,2025021001,2026-03-08,COL,MIN,1,34,32
20252026,8482661,Jesper Wallstedt,2025021001,2026-03-08,MIN,COL,1,36,34
20252026,8476914,Joonas Korpisalo,2025021002,2026-03-08,BOS,PIT,1,40,35
20252026,8481668,Arturs Silovs,2025021002,2026-03-08,PIT,BOS,1,28,24
20252026,8477992,Jonas Johansson,2025021003,2026-03-08,TBL,BUF,1,42,34
20252026,8480045,Ukko-Pekka Luukkonen,2025021003,2026-03-08,BUF,TBL,1,28,22
20252026,8479193,Casey DeSmith,2025021004,2026-03-08,DAL,CHI,1,19,16
20252026,8482821,Arvid Soderblom,2025021004,2026-03-08,CHI,DAL,1,31,27
20252026,8474593,Jacob Markstrom,2025021005,2026-03-08,NJD,DET,1,30,27
20252026,8475660,Cam Talbot,2025021005,2026-03-08,DET,NJD,0,10,10
20252026,8476434,John Gibson,2025021005,2026-03-08,DET,NJD,1,21,21
20252026,8478024,Ville Husso,2025021006,2026-03-08,ANA,STL,1,34,31
20252026,8480981,Joel Hofer,2025021006,2026-03-08,STL,ANA,1,22,22
20252026,8478499,Adin Hill,2025021007,2026-03-08,VGK,EDM,1,18,15
20252026,8478971,Connor Ingram,2025021007,2026-03-08,EDM,VGK,1,26,24
20252026,8478048,Igor Shesterkin,2025021008,2026-03-09,NYR,PHI,1,34,32
20252026,8478435,Dan Vladar,2025021008,2026-03-09,PHI,NYR,1,24,18
20252026,8481035,Samuel Ersson,2025021008,2026-03-09,PHI,NYR,0,3,3
20252026,8480313,Logan Thompson,2025021009,2026-03-09,WSH,CGY,1,26,23
20252026,8482445,Devin Cooley,2025021009,2026-03-09,CGY,WSH,1,28,22
20252026,8477970,Vitek Vanecek,2025021010,2026-03-09,UTA,CHI,1,26,23
20252026,8482123,Drew Commesso,2025021010,2026-03-09,CHI,UTA,1,25,23
20252026,8473503,James Reimer,2025021011,2026-03-09,OTT,VAN,1,16,16
20252026,8480947,Kevin Lankinen,2025021011,2026-03-09,VAN,OTT,1,23,22
20252026,8475311,Darcy Kuemper,2025021012,2026-03-10,LAK,BOS,1,23,21
20252026,8480280,Jeremy Swayman,2025021012,2026-03-10,BOS,LAK,1,16,15
20252026,8479312,Alex Lyon,2025021013,2026-03-10,BUF,SJS,1,20,17
20252026,8482137,Yaroslav Askarov,2025021013,2026-03-10,SJS,BUF,1,25,20
20252026,8479361,Joseph Woll,2025021014,2026-03-10,TOR,MTL,1,32,30
20252026,8482487,Jakub Dobes,2025021014,2026-03-10,MTL,TOR,1,18,17
20252026,8476883,Andrei Vasilevskiy,2025021015,2026-03-10,TBL,CBJ,1,31,27
20252026,8478007,Elvis Merzlikins,2025021015,2026-03-10,CBJ,TBL,1,18,16
20252026,8476434,John Gibson,2025021016,2026-03-10,DET,FLA,1,28,24
20252026,8480193,Daniil Tarasov,2025021016,2026-03-10,FLA,DET,1,28,25
20252026,8471734,Jonathan Quick,2025021017,2026-03-10,NYR,CGY,1,21,21
20252026,8481692,Dustin Wolf,2025021017,2026-03-10,CGY,NYR,1,29,25
20252026,8475883,Frederik Andersen,2025021018,2026-03-10,CAR,PIT,1,28,24
20252026,8479973,Stuart Skinner,2025021018,2026-03-10,PIT,CAR,1,44,40
20252026,8478009,Ilya Sorokin,2025021019,2026-03-10,NYI,STL,1,23,20
20252026,8480981,Joel Hofer,2025021019,2026-03-10,STL,NYI,1,49,46
20252026,8478499,Adin Hill,2025021020,2026-03-10,VGK,DAL,1,16,14
20252026,8479979,Jake Oettinger,2025021020,2026-03-10,DAL,VGK,1,27,26
20252026,8478872,Karel Vejmelka,2025021021,2026-03-10,UTA,MIN,1,30,25
20252026,8479406,Filip Gustavsson,2025021021,2026-03-10,MIN,UTA,1,25,25
20252026,8476945,Connor Hellebuyck,2025021022,2026-03-10,WPG,ANA,1,34,31
20252026,8480843,Lukas Dostal,2025021022,2026-03-10,ANA,WPG,1,13,12
20252026,8477465,Tristan Jarry,2025021023,2026-03-10,EDM,COL,0,12,11
20252026,8478406,Mackenzie Blackwood,2025021023,2026-03-10,COL,EDM,1,24,20
20252026,8478971,Connor Ingram,2025021023,2026-03-10,EDM,COL,1,18,16
20252026,8477424,Juuse Saros,2025021024,2026-03-10,NSH,SEA,1,45,43
20252026,8478916,Joey Daccord,2025021024,2026-03-10,SEA,NSH,1,26,23
20252026,8476999,Linus Ullmark,2025021025,2026-03-11,OTT,MTL,1,23,20
20252026,8484170,Jacob Fowler,2025021025,2026-03-11,MTL,OTT,1,34,32
20252026,8480313,Logan Thompson,2025021026,2026-03-11,WSH,PHI,1,21,18
20252026,8481035,Samuel Ersson,2025021026,2026-03-11,PHI,WSH,1,23,22
20252026,8477968,Alex Nedeljkovic,2025021027,2026-03-12,SJS,BOS,1,41,39
20252026,8480280,Jeremy Swayman,2025021027,2026-03-12,BOS,SJS,1,28,24
20252026,8479292,Charlie Lindgren,2025021028,2026-03-12,WSH,BUF,1,30,29
20252026,8480045,Ukko-Pekka Luukkonen,2025021028,2026-03-12,BUF,WSH,1,22,20
20252026,8479361,Joseph Woll,2025021029,2026-03-12,TOR,ANA,1,40,36
20252026,8480843,Lukas Dostal,2025021029,2026-03-12,ANA,TOR,1,27,22
20252026,8476434,John Gibson,2025021030,2026-03-12,DET,TBL,1,28,25
20252026,8476883,Andrei Vasilevskiy,2025021030,2026-03-12,TBL,DET,1,25,24
20252026,8475683,Sergei Bobrovsky,2025021031,2026-03-12,FLA,CBJ,1,31,30
20252026,8478007,Elvis Merzlikins,2025021031,2026-03-12,CBJ,FLA,1,21,19
20252026,8474593,Jacob Markstrom,2025021032,2026-03-12,NJD,CGY,1,29,24
20252026,8481692,Dustin Wolf,2025021032,2026-03-12,CGY,NJD,1,32,28
20252026,8476412,Jordan Binnington,2025021033,2026-03-12,STL,CAR,1,32,31
20252026,8483548,Brandon Bussi,2025021033,2026-03-12,CAR,STL,1,16,14
20252026,8477465,Tristan Jarry,2025021034,2026-03-12,EDM,DAL,1,27,20
20252026,8479979,Jake Oettinger,2025021034,2026-03-12,DAL,EDM,1,32,30
20252026,8478435,Dan Vladar,2025021035,2026-03-12,PHI,MIN,1,23,21
20252026,8482661,Jesper Wallstedt,2025021035,2026-03-12,MIN,PHI,1,27,25
20252026,8476945,Connor Hellebuyck,2025021036,2026-03-12,WPG,NYR,1,16,11
20252026,8478048,Igor Shesterkin,2025021036,2026-03-12,NYR,WPG,1,26,23
20252026,8478872,Karel Vejmelka,2025021037,2026-03-12,UTA,CHI,1,23,20
20252026,8481519,Spencer Knight,2025021037,2026-03-12,CHI,UTA,1,31,29
20252026,8477424,Juuse Saros,2025021038,2026-03-12,NSH,VAN,1,27,24
20252026,8484268,Nikita Tolopilo,2025021038,2026-03-12,VAN,NSH,1,19,16
20252026,8478499,Adin Hill,2025021039,2026-03-12,VGK,PIT,1,26,24
20252026,8481668,Arturs Silovs,2025021039,2026-03-12,PIT,VGK,1,16,11
20252026,8475809,Scott Wedgewood,2025021040,2026-03-12,COL,SEA,1,29,28
20252026,8475831,Philipp Grubauer,2025021040,2026-03-12,SEA,COL,0,11,9
20252026,8478916,Joey Daccord,2025021040,2026-03-12,SEA,COL,1,15,12
20252026,8475311,Darcy Kuemper,2025021041,2026-03-13,LAK,NYI,1,23,21
20252026,8478009,Ilya Sorokin,2025021041,2026-03-13,NYI,LAK,1,27,24
20252026,8478971,Connor Ingram,2025021042,2026-03-13,EDM,STL,1,25,22
20252026,8480981,Joel Hofer,2025021042,2026-03-13,STL,EDM,1,38,36
20252026,8476999,Linus Ullmark,2025021043,2026-03-14,OTT,ANA,1,24,24
20252026,8478024,Ville Husso,2025021043,2026-03-14,ANA,OTT,1,28,26
20252026,8480280,Jeremy Swayman,2025021044,2026-03-14,BOS,WSH,1,28,26
20252026,8480313,Logan Thompson,2025021044,2026-03-14,WSH,BOS,1,34,32
20252026,8476945,Connor Hellebuyck,2025021045,2026-03-14,WPG,COL,1,29,28
20252026,8478406,Mackenzie Blackwood,2025021045,2026-03-14,COL,WPG,1,18,16
20252026,8478048,Igor Shesterkin,2025021046,2026-03-14,NYR,MIN,1,48,46
20252026,8479406,Filip Gustavsson,2025021046,2026-03-14,MIN,NYR,1,18,14
20252026,8479312,Alex Lyon,2025021047,2026-03-14,BUF,TOR,1,18,16
20252026,8479361,Joseph Woll,2025021047,2026-03-14,TOR,BUF,1,33,31
20252026,8477968,Alex Nedeljkovic,2025021048,2026-03-14,SJS,MTL,1,27,25
20252026,8482487,Jakub Dobes,2025021048,2026-03-14,MTL,SJS,1,21,18
20252026,8475883,Frederik Andersen,2025021049,2026-03-14,CAR,TBL,1,19,17
20252026,8476883,Andrei Vasilevskiy,2025021049,2026-03-14,TBL,CAR,1,34,31
20252026,8474596,Jake Allen,2025021050,2026-03-14,NJD,LAK,1,31,27
20252026,8476341,Anton Forsberg,2025021050,2026-03-14,LAK,NJD,1,27,22
20252026,8479496,David Rittich,2025021051,2026-03-14,NYI,CGY,1,32,30
20252026,8481692,Dustin Wolf,2025021051,2026-03-14,CGY,NYI,0,17,17
20252026,8482445,Devin Cooley,2025021051,2026-03-14,CGY,NYI,1,10,7
20252026,8478435,Dan Vladar,2025021052,2026-03-14,PHI,CBJ,1,28,27
20252026,8482982,Jet Greaves,2025021052,2026-03-14,CBJ,PHI,1,19,18
20252026,8476434,John Gibson,2025021053,2026-03-14,DET,DAL,1,24,21
20252026,8479979,Jake Oettinger,2025021053,2026-03-14,DAL,DET,1,24,22
20252026,8478872,Karel Vejmelka,2025021054,2026-03-14,UTA,PIT,1,23,19
20252026,8479973,Stuart Skinner,2025021054,2026-03-14,PIT,UTA,1,29,26
20252026,8475831,Philipp Grubauer,2025021055,2026-03-14,SEA,VAN,1,34,32
20252026,8484268,Nikita Tolopilo,2025021055,2026-03-14,VAN,SEA,1,33,28
20252026,8478499,Adin Hill,2025021056,2026-03-14,VGK,CHI,1,21,21
20252026,8481519,Spencer Knight,2025021056,2026-03-14,CHI,VGK,1,32,28
20252026,8476412,Jordan Binnington,2025021057,2026-03-15,STL,WPG,1,16,13
20252026,8477480,Eric Comrie,2025021057,2026-03-15,WPG,STL,1,31,29
20252026,8476316,Laurent Brossoit,2025021058,2026-03-15,SJS,OTT,1,23,18
20252026,8476999,Linus Ullmark,2025021058,2026-03-15,OTT,SJS,1,23,19
20252026,8480843,Lukas Dostal,2025021059,2026-03-15,ANA,MTL,1,30,27
20252026,8484170,Jacob Fowler,2025021059,2026-03-15,MTL,ANA,1,28,24
20252026,8476932,Anthony Stolarz,2025021060,2026-03-15,TOR,MIN,1,38,36
20252026,8482661,Jesper Wallstedt,2025021060,2026-03-15,MIN,TOR,1,25,22
20252026,8478971,Connor Ingram,2025021061,2026-03-15,EDM,NSH,1,27,26
20252026,8481020,Justus Annunen,2025021061,2026-03-15,NSH,EDM,1,29,27
20252026,8478916,Joey Daccord,2025021062,2026-03-15,SEA,FLA,1,25,23
20252026,8480193,Daniil Tarasov,2025021062,2026-03-15,FLA,SEA,1,25,19
20252026,8476434,John Gibson,2025021063,2026-03-16,DET,CGY,1,27,25
20252026,8481692,Dustin Wolf,2025021063,2026-03-16,CGY,DET,1,24,20
20252026,8474593,Jacob Markstrom,2025021064,2026-03-16,NJD,BOS,1,22,19
20252026,8476914,Joonas Korpisalo,2025021064,2026-03-16,BOS,NJD,1,34,30
20252026,8475311,Darcy Kuemper,2025021065,2026-03-16,LAK,NYR,1,22,21
20252026,8478048,Igor Shesterkin,2025021065,2026-03-16,NYR,LAK,1,25,22
20252026,8477970,Vitek Vanecek,2025021066,2026-03-16,UTA,DAL,1,30,27
20252026,8479193,Casey DeSmith,2025021066,2026-03-16,DAL,UTA,1,21,16
20252026,8475809,Scott Wedgewood,2025021067,2026-03-16,COL,PIT,1,5,2
20252026,8478406,Mackenzie Blackwood,2025021067,2026-03-16,COL,PIT,0,15,11
20252026,8481668,Arturs Silovs,2025021067,2026-03-16,PIT,COL,1,27,25
20252026,8478009,Ilya Sorokin,2025021068,2026-03-17,NYI,TOR,1,27,26
20252026,8479361,Joseph Woll,2025021068,2026-03-17,TOR,NYI,1,34,31
20252026,8480280,Jeremy Swayman,2025021069,2026-03-17,BOS,MTL,1,31,28
20252026,8482487,Jakub Dobes,2025021069,2026-03-17,MTL,BOS,1,28,26
20252026,8482982,Jet Greaves,2025021070,2026-03-17,CBJ,CAR,1,29,28
20252026,8483548,Brandon Bussi,2025021070,2026-03-17,CAR,CBJ,1,30,25
20252026,8476945,Connor Hellebuyck,2025021071,2026-03-17,WPG,NSH,1,23,20
20252026,8477424,Juuse Saros,2025021071,2026-03-17,NSH,WPG,1,39,36
20252026,8479406,Filip Gustavsson,2025021072,2026-03-17,MIN,CHI,1,24,21
20252026,8481519,Spencer Knight,2025021072,2026-03-17,CHI,MIN,1,37,33
20252026,8482661,Jesper Wallstedt,2025021072,2026-03-17,MIN,CHI,0,2,2
20252026,8477968,Alex Nedeljkovic,2025021073,2026-03-17,SJS,EDM,1,37,32
20252026,8478971,Connor Ingram,2025021073,2026-03-17,EDM,SJS,1,30,27
20252026,8475683,Sergei Bobrovsky,2025021074,2026-03-17,FLA,VAN,1,22,17
20252026,8480947,Kevin Lankinen,2025021074,2026-03-17,VAN,FLA,1,23,21
20252026,8478499,Adin Hill,2025021075,2026-03-17,VGK,BUF,1,24,23
20252026,8480045,Ukko-Pekka Luukkonen,2025021075,2026-03-17,BUF,VGK,1,29,29
20252026,8475831,Philipp Grubauer,2025021076,2026-03-17,SEA,TBL,1,25,20
20252026,8476883,Andrei Vasilevskiy,2025021076,2026-03-17,TBL,SEA,1,18,16
20252026,8471734,Jonathan Quick,2025021077,2026-03-18,NYR,NJD,1,39,33
20252026,8474593,Jacob Markstrom,2025021077,2026-03-18,NJD,NYR,1,18,15
20252026,8475883,Frederik Andersen,2025021078,2026-03-18,CAR,PIT,1,35,30
20252026,8479973,Stuart Skinner,2025021078,2026-03-18,PIT,CAR,1,44,38
20252026,8476999,Linus Ullmark,2025021079,2026-03-18,OTT,WSH,1,23,21
20252026,8480313,Logan Thompson,2025021079,2026-03-18,WSH,OTT,1,35,34
20252026,8475809,Scott Wedgewood,2025021080,2026-03-18,COL,DAL,1,18,17
20252026,8479979,Jake Oettinger,2025021080,2026-03-18,DAL,COL,1,34,33
20252026,8480981,Joel Hofer,2025021081,2026-03-18,STL,CGY,1,31,30
20252026,8482445,Devin Cooley,2025021081,2026-03-18,CGY,STL,1,26,25
20252026,8478435,Dan Vladar,2025021082,2026-03-18,PHI,ANA,1,36,34
20252026,8480843,Lukas Dostal,2025021082,2026-03-18,ANA,PHI,1,28,25
20252026,8476945,Connor Hellebuyck,2025021083,2026-03-19,WPG,BOS,1,27,21
20252026,8480280,Jeremy Swayman,2025021083,2026-03-19,BOS,WPG,1,24,23
20252026,8473503,James Reimer,2025021084,2026-03-19,OTT,NYI,1,19,17
20252026,8478009,Ilya Sorokin,2025021084,2026-03-19,NYI,OTT,1,27,24
20252026,8476434,John Gibson,2025021085,2026-03-19,DET,MTL,1,33,32
20252026,8482487,Jakub Dobes,2025021085,2026-03-19,MTL,DET,1,27,25
20252026,8478048,Igor Shesterkin,2025021086,2026-03-19,NYR,CBJ,1,36,31
20252026,8482982,Jet Greaves,2025021086,2026-03-19,CBJ,NYR,1,25,22
20252026,8478916,Joey Daccord,2025021087,2026-03-19,SEA,NSH,1,27,25
20252026,8481020,Justus Annunen,2025021087,2026-03-19,NSH,SEA,1,26,25
20252026,8481519,Spencer Knight,2025021088,2026-03-19,CHI,MIN,1,29,28
20252026,8482661,Jesper Wallstedt,2025021088,2026-03-19,MIN,CHI,1,26,24
20252026,8475683,Sergei Bobrovsky,2025021089,2026-03-19,FLA,EDM,1,21,21
20252026,8478971,Connor Ingram,2025021089,2026-03-19,EDM,FLA,1,23,19
20252026,8476883,Andrei Vasilevskiy,2025021090,2026-03-19,TBL,VAN,1,21,19
20252026,8480947,Kevin Lankinen,2025021090,2026-03-19,VAN,TBL,1,31,25
20252026,8478499,Adin Hill,2025021091,2026-03-19,VGK,UTA,1,3,0
20252026,8478872,Karel Vejmelka,2025021091,2026-03-19,UTA,VGK,1,28,28
20252026,8481033,Akira Schmid,2025021091,2026-03-19,VGK,UTA,0,14,14
20252026,8477968,Alex Nedeljkovic,2025021092,2026-03-19,SJS,BUF,1,16,11
20252026,8479312,Alex Lyon,2025021092,2026-03-19,BUF,SJS,1,23,23
20252026,8475311,Darcy Kuemper,2025021093,2026-03-19,LAK,PHI,1,20,17
20252026,8481035,Samuel Ersson,2025021093,2026-03-19,PHI,LAK,1,25,22
20252026,8479361,Joseph Woll,2025021094,2026-03-20,TOR,CAR,1,36,32
20252026,8483548,Brandon Bussi,2025021094,2026-03-20,CAR,TOR,1,26,23
20252026,8474596,Jake Allen,2025021095,2026-03-20,NJD,WSH,1,27,26
20252026,8480313,Logan Thompson,2025021095,2026-03-20,WSH,NJD,1,31,30
20252026,8478406,Mackenzie Blackwood,2025021096,2026-03-20,COL,CHI,1,20,19
20252026,8482821,Arvid Soderblom,2025021096,2026-03-20,CHI,COL,1,49,45
20252026,8480193,Daniil Tarasov,2025021097,2026-03-20,FLA,CGY,1,36,32
20252026,8481692,Dustin Wolf,2025021097,2026-03-20,CGY,FLA,1,25,24
20252026,8477970,Vitek Vanecek,2025021098,2026-03-20,UTA,ANA,1,22,20
20252026,8480843,Lukas Dostal,2025021098,2026-03-20,ANA,UTA,1,30,29
20252026,8476945,Connor Hellebuyck,2025021099,2026-03-21,WPG,PIT,1,32,28
20252026,8481668,Arturs Silovs,2025021099,2026-03-21,PIT,WPG,1,25,21
20252026,8481020,Justus Annunen,2025021100,2026-03-21,NSH,VGK,1,40,39
20252026,8481033,Akira Schmid,2025021100,2026-03-21,VGK,NSH,1,20,16
20252026,8479406,Filip Gustavsson,2025021101,2026-03-21,MIN,DAL,1,30,29
20252026,8479979,Jake Oettinger,2025021101,2026-03-21,DAL,MIN,1,28,26
20252026,8476341,Anton Forsberg,2025021102,2026-03-21,LAK,BUF,1,32,30
20252026,8480045,Ukko-Pekka Luukkonen,2025021102,2026-03-21,BUF,LAK,1,27,26
20252026,8477968,Alex Nedeljkovic,2025021103,2026-03-21,SJS,PHI,1,26,24
20252026,8478435,Dan Vladar,2025021103,2026-03-21,PHI,SJS,1,25,24
20252026,8478007,Elvis Merzlikins,2025021104,2026-03-21,CBJ,SEA,1,17,15
20252026,8478916,Joey Daccord,2025021104,2026-03-21,SEA,CBJ,1,27,23
20252026,8478009,Ilya Sorokin,2025021105,2026-03-21,NYI,MTL,1,32,26
20252026,8479496,David Rittich,2025021105,2026-03-21,NYI,MTL,0,4,3
20252026,8484170,Jacob Fowler,2025021105,2026-03-21,MTL,NYI,1,22,19
20252026,8476999,Linus Ullmark,2025021106,2026-03-21,OTT,TOR,1,14,12
20252026,8479361,Joseph Woll,2025021106,2026-03-21,TOR,OTT,1,44,39
20252026,8476412,Jordan Binnington,2025021107,2026-03-21,STL,VAN,1,15,14
20252026,8480947,Kevin Lankinen,2025021107,2026-03-21,VAN,STL,1,20,18
20252026,8476434,John Gibson,2025021108,2026-03-21,DET,BOS,1,26,23
20252026,8480280,Jeremy Swayman,2025021108,2026-03-21,BOS,DET,1,44,42
20252026,8476883,Andrei Vasilevskiy,2025021109,2026-03-21,TBL,EDM,1,27,26
20252026,8478971,Connor Ingram,2025021109,2026-03-21,EDM,TBL,1,27,23
20252026,8477480,Eric Comrie,2025021110,2026-03-22,WPG,NYR,1,29,27
20252026,8482193,Dylan Garand,2025021110,2026-03-22,NYR,WPG,1,37,35
20252026,8478406,Mackenzie Blackwood,2025021111,2026-03-22,COL,WSH,1,22,20
20252026,8480313,Logan Thompson,2025021111,2026-03-22,WSH,COL,1,24,21
20252026,8475883,Frederik Andersen,2025021112,2026-03-22,CAR,PIT,1,19,18
20252026,8479973,Stuart Skinner,2025021112,2026-03-22,PIT,CAR,1,25,21
20252026,8477424,Juuse Saros,2025021113,2026-03-22,NSH,CHI,1,29,27
20252026,8481519,Spencer Knight,2025021113,2026-03-22,CHI,NSH,1,33,30
20252026,8478009,Ilya Sorokin,2025021114,2026-03-22,NYI,CBJ,1,26,26
20252026,8482982,Jet Greaves,2025021114,2026-03-22,CBJ,NYI,1,22,21
20252026,8478499,Adin Hill,2025021115,2026-03-22,VGK,DAL,1,15,13
20252026,8479193,Casey DeSmith,2025021115,2026-03-22,DAL,VGK,1,33,30
20252026,8477992,Jonas Johansson,2025021116,2026-03-22,TBL,CGY,1,29,25
20252026,8482445,Devin Cooley,2025021116,2026-03-22,CGY,TBL,1,35,32
20252026,8478024,Ville Husso,2025021117,2026-03-22,ANA,BUF,1,29,24
20252026,8479312,Alex Lyon,2025021117,2026-03-22,BUF,ANA,1,33,27
20252026,8475311,Darcy Kuemper,2025021118,2026-03-22,LAK,UTA,1,34,30
20252026,8478872,Karel Vejmelka,2025021118,2026-03-22,UTA,LAK,1,36,33
20252026,8473503,James Reimer,2025021119,2026-03-23,OTT,NYR,1,10,9
20252026,8478048,Igor Shesterkin,2025021119,2026-03-23,NYR,OTT,1,33,31
20252026,8476932,Anthony Stolarz,2025021120,2026-03-24,TOR,BOS,1,20,18
20252026,8480280,Jeremy Swayman,2025021120,2026-03-24,BOS,TOR,1,34,31
20252026,8475883,Frederik Andersen,2025021121,2026-03-24,CAR,MTL,1,18,14
20252026,8482487,Jakub Dobes,2025021121,2026-03-24,MTL,CAR,1,43,41
20252026,8476434,John Gibson,2025021122,2026-03-24,DET,OTT,1,21,18
20252026,8476999,Linus Ullmark,2025021122,2026-03-24,OTT,DET,1,35,33
20252026,8475683,Sergei Bobrovsky,2025021123,2026-03-24,FLA,SEA,1,27,23
20252026,8478916,Joey Daccord,2025021123,2026-03-24,SEA,FLA,1,24,21
20252026,8478009,Ilya Sorokin,2025021124,2026-03-24,NYI,CHI,0,12,11
20252026,8479496,David Rittich,2025021124,2026-03-24,NYI,CHI,1,12,9
20252026,8482821,Arvid Soderblom,2025021124,2026-03-24,CHI,NYI,1,47,44
20252026,8478435,Dan Vladar,2025021125,2026-03-24,PHI,CBJ,1,19,16
20252026,8482982,Jet Greaves,2025021125,2026-03-24,CBJ,PHI,1,26,24
20252026,8475809,Scott Wedgewood,2025021126,2026-03-24,COL,PIT,1,32,30
20252026,8481668,Arturs Silovs,2025021126,2026-03-24,PIT,COL,1,29,24
20252026,8476883,Andrei Vasilevskiy,2025021127,2026-03-24,TBL,MIN,1,24,21
20252026,8479406,Filip Gustavsson,2025021127,2026-03-24,MIN,TBL,1,24,20
20252026,8480313,Logan Thompson,2025021128,2026-03-24,WSH,STL,1,26,24
20252026,8480981,Joel Hofer,2025021128,2026-03-24,STL,WSH,1,21,21
20252026,8477424,Juuse Saros,2025021129,2026-03-24,NSH,SJS,1,30,27
20252026,8477968,Alex Nedeljkovic,2025021129,2026-03-24,SJS,NSH,1,19,13
20252026,8474596,Jake Allen,2025021130,2026-03-24,NJD,DAL,1,27,23
20252026,8479193,Casey DeSmith,2025021130,2026-03-24,DAL,NJD,0,16,15
20252026,8479979,Jake Oettinger,2025021130,2026-03-24,DAL,NJD,1,8,4
20252026,8476945,Connor Hellebuyck,2025021131,2026-03-24,WPG,VGK,1,27,26
20252026,8478499,Adin Hill,2025021131,2026-03-24,VGK,WPG,1,20,17
20252026,8477465,Tristan Jarry,2025021132,2026-03-24,EDM,UTA,1,18,16
20252026,8477970,Vitek Vanecek,2025021132,2026-03-24,UTA,EDM,0,10,10
20252026,8478872,Karel Vejmelka,2025021132,2026-03-24,UTA,EDM,1,15,11
20252026,8475311,Darcy Kuemper,2025021133,2026-03-24,LAK,CGY,1,23,21
20252026,8481692,Dustin Wolf,2025021133,2026-03-24,CGY,LAK,1,25,23
20252026,8480843,Lukas Dostal,2025021134,2026-03-24,ANA,VAN,1,30,27
20252026,8480947,Kevin Lankinen,2025021134,2026-03-24,VAN,ANA,1,33,29
20252026,8476914,Joonas Korpisalo,2025021135,2026-03-25,BOS,BUF,1,25,22
20252026,8480045,Ukko-Pekka Luukkonen,2025021135,2026-03-25,BUF,BOS,1,31,27
20252026,8478048,Igor Shesterkin,2025021136,2026-03-25,NYR,TOR,1,18,14
20252026,8479361,Joseph Woll,2025021136,2026-03-25,TOR,NYR,1,43,40
20252026,8482487,Jakub Dobes,2025021137,2026-03-26,MTL,CBJ,1,26,25
20252026,8482982,Jet Greaves,2025021137,2026-03-26,CBJ,MTL,1,20,18
20252026,8476999,Linus Ullmark,2025021138,2026-03-26,OTT,PIT,1,40,37
20252026,8479973,Stuart Skinner,2025021138,2026-03-26,PIT,OTT,1,29,26
20252026,8475831,Philipp Grubauer,2025021139,2026-03-26,SEA,TBL,1,33,30
20252026,8476883,Andrei Vasilevskiy,2025021139,2026-03-26,TBL,SEA,1,20,16
20252026,8480193,Daniil Tarasov,2025021140,2026-03-26,FLA,MIN,1,50,47
20252026,8482661,Jesper Wallstedt,2025021140,2026-03-26,MIN,FLA,1,20,18
20252026,8478009,Ilya Sorokin,2025021141,2026-03-26,NYI,DAL,1,27,26
20252026,8479979,Jake Oettinger,2025021141,2026-03-26,DAL,NYI,1,25,23
20252026,8481035,Samuel Ersson,2025021142,2026-03-26,PHI,CHI,1,26,25
20252026,8481519,Spencer Knight,2025021142,2026-03-26,CHI,PHI,1,42,37
20252026,8477968,Alex Nedeljkovic,2025021143,2026-03-26,SJS,STL,0,12,10
20252026,8480981,Joel Hofer,2025021143,2026-03-26,STL,SJS,1,25,24
20252026,8482137,Yaroslav Askarov,2025021143,2026-03-26,SJS,STL,1,11,11
20252026,8474593,Jacob Markstrom,2025021144,2026-03-26,NJD,NSH,1,17,15
20252026,8481020,Justus Annunen,2025021144,2026-03-26,NSH,NJD,1,29,26
20252026,8476945,Connor Hellebuyck,2025021145,2026-03-26,WPG,COL,1,35,32
20252026,8478406,Mackenzie Blackwood,2025021145,2026-03-26,COL,WPG,1,24,22
20252026,8477970,Vitek Vanecek,2025021146,2026-03-26,UTA,WSH,1,23,17
20252026,8478872,Karel Vejmelka,2025021146,2026-03-26,UTA,WSH,0,1,1
20252026,8480313,Logan Thompson,2025021146,2026-03-26,WSH,UTA,1,40,36
20252026,8478024,Ville Husso,2025021147,2026-03-26,ANA,CGY,1,25,23
20252026,8482445,Devin Cooley,2025021147,2026-03-26,CGY,ANA,1,33,30
20252026,8478499,Adin Hill,2025021148,2026-03-26,VGK,EDM,1,29,25
20252026,8478971,Connor Ingram,2025021148,2026-03-26,EDM,VGK,1,29,26
20252026,8475311,Darcy Kuemper,2025021149,2026-03-26,LAK,VAN,1,19,19
20252026,8480947,Kevin Lankinen,2025021149,2026-03-26,VAN,LAK,1,37,34
20252026,8476434,John Gibson,2025021150,2026-03-27,DET,BUF,1,30,28
20252026,8479312,Alex Lyon,2025021150,2026-03-27,BUF,DET,1,19,15
20252026,8482193,Dylan Garand,2025021151,2026-03-27,NYR,CHI,1,28,27
20252026,8482821,Arvid Soderblom,2025021151,2026-03-27,CHI,NYR,1,38,32
20252026,8473503,James Reimer,2025021152,2026-03-28,OTT,TBL,1,27,23
20252026,8476883,Andrei Vasilevskiy,2025021152,2026-03-28,TBL,OTT,1,28,26
20252026,8478009,Ilya Sorokin,2025021153,2026-03-28,NYI,FLA,1,21,19
20252026,8480193,Daniil Tarasov,2025021153,2026-03-28,FLA,NYI,1,40,35
20252026,8478971,Connor Ingram,2025021154,2026-03-28,EDM,ANA,1,33,31
20252026,8480843,Lukas Dostal,2025021154,2026-03-28,ANA,EDM,1,33,30
20252026,8479406,Filip Gustavsson,2025021155,2026-03-28,MIN,BOS,1,30,25
20252026,8480280,Jeremy Swayman,2025021155,2026-03-28,BOS,MIN,1,34,31
20252026,8479973,Stuart Skinner,2025021156,2026-03-28,PIT,DAL,1,24,20
20252026,8479979,Jake Oettinger,2025021156,2026-03-28,DAL,PIT,1,12,9
20252026,8474593,Jacob Markstrom,2025021157,2026-03-28,NJD,CAR,1,33,29
20252026,8483548,Brandon Bussi,2025021157,2026-03-28,CAR,NJD,1,19,17
20252026,8477968,Alex Nedeljkovic,2025021158,2026-03-28,SJS,CBJ,1,24,22
20252026,8478007,Elvis Merzlikins,2025021158,2026-03-28,CBJ,SJS,1,36,33
20252026,8475831,Philipp Grubauer,2025021159,2026-03-28,SEA,BUF,1,36,34
20252026,8480045,Ukko-Pekka Luukkonen,2025021159,2026-03-28,BUF,SEA,1,34,32
20252026,8476412,Jordan Binnington,2025021160,2026-03-28,STL,TOR,1,13,12
20252026,8479361,Joseph Woll,2025021160,2026-03-28,TOR,STL,1,38,33
20252026,8477424,Juuse Saros,2025021161,2026-03-28,NSH,MTL,1,32,28
20252026,8484170,Jacob Fowler,2025021161,2026-03-28,MTL,NSH,1,24,23
20252026,8476945,Connor Hellebuyck,2025021162,2026-03-28,WPG,COL,1,23,21
20252026,8478406,Mackenzie Blackwood,2025021162,2026-03-28,COL,WPG,1,20,17
20252026,8475660,Cam Talbot,2025021163,2026-03-28,DET,PHI,0,4,4
20252026,8476434,John Gibson,2025021163,2026-03-28,DET,PHI,1,21,17
20252026,8478435,Dan Vladar,2025021163,2026-03-28,PHI,DET,1,35,32
20252026,8475311,Darcy Kuemper,2025021164,2026-03-28,LAK,UTA,1,16,11
20252026,8476341,Anton Forsberg,2025021164,2026-03-28,LAK,UTA,0,11,11
20252026,8478872,Karel Vejmelka,2025021164,2026-03-28,UTA,LAK,1,31,29
20252026,8480947,Kevin Lankinen,2025021165,2026-03-28,VAN,CGY,0,12,9
20252026,8481692,Dustin Wolf,2025021165,2026-03-28,CGY,VAN,1,34,31
20252026,8484268,Nikita Tolopilo,2025021165,2026-03-28,VAN,CGY,1,11,7
20252026,8478499,Adin Hill,2025021166,2026-03-28,VGK,WSH,1,22,18
20252026,8480313,Logan Thompson,2025021166,2026-03-28,WSH,VGK,1,29,25
20252026,8475683,Sergei Bobrovsky,2025021167,2026-03-29,FLA,NYR,1,21,19
20252026,8478048,Igor Shesterkin,2025021167,2026-03-29,NYR,FLA,1,27,26
20252026,8477992,Jonas Johansson,2025021168,2026-03-29,TBL,NSH,1,31,29
20252026,8481020,Justus Annunen,2025021168,2026-03-29,NSH,TBL,1,28,25
20252026,8475883,Frederik Andersen,2025021169,2026-03-29,CAR,MTL,1,18,15
20252026,8482487,Jakub Dobes,2025021169,2026-03-29,MTL,CAR,1,35,34
20252026,8480280,Jeremy Swayman,2025021170,2026-03-29,BOS,CBJ,1,25,22
20252026,8482982,Jet Greaves,2025021170,2026-03-29,CBJ,BOS,1,39,36
20252026,8474596,Jake Allen,2025021171,2026-03-29,NJD,CHI,1,31,28
20252026,8481519,Spencer Knight,2025021171,2026-03-29,CHI,NJD,1,39,35
20252026,8479193,Casey DeSmith,2025021172,2026-03-29,DAL,PHI,1,30,28
20252026,8481035,Samuel Ersson,2025021172,2026-03-29,PHI,DAL,1,18,17
20252026,8478009,Ilya Sorokin,2025021173,2026-03-30,NYI,PIT,1,29,22
20252026,8479496,David Rittich,2025021173,2026-03-30,NYI,PIT,0,3,2
20252026,8481668,Arturs Silovs,2025021173,2026-03-30,PIT,NYI,1,23,20
20252026,8475809,Scott Wedgewood,2025021174,2026-03-30,COL,CGY,1,29,27
20252026,8481692,Dustin Wolf,2025021174,2026-03-30,CGY,COL,1,16,12
20252026,8482445,Devin Cooley,2025021174,2026-03-30,CGY,COL,0,33,28
20252026,8478499,Adin Hill,2025021175,2026-03-30,VGK,VAN,1,24,22
20252026,8480947,Kevin Lankinen,2025021175,2026-03-30,VAN,VGK,1,33,30
20252026,8476932,Anthony Stolarz,2025021176,2026-03-30,TOR,ANA,1,32,28
20252026,8478024,Ville Husso,2025021176,2026-03-30,ANA,TOR,1,29,24
20252026,8480981,Joel Hofer,2025021177,2026-03-30,STL,SJS,1,29,24
20252026,8482137,Yaroslav Askarov,2025021177,2026-03-30,SJS,STL,1,26,22
20252026,8476914,Joonas Korpisalo,2025021178,2026-03-31,BOS,DAL,1,16,13
20252026,8479979,Jake Oettinger,2025021178,2026-03-31,DAL,BOS,1,22,18
20252026,8478009,Ilya Sorokin,2025021179,2026-03-31,NYI,BUF,1,32,29
20252026,8480045,Ukko-Pekka Luukkonen,2025021179,2026-03-31,BUF,NYI,1,28,25
20252026,8476883,Andrei Vasilevskiy,2025021180,2026-03-31,TBL,MTL,1,21,19
20252026,8482487,Jakub Dobes,2025021180,2026-03-31,MTL,TBL,1,37,36
20252026,8473503,James Reimer,2025021181,2026-03-31,OTT,FLA,0,13,12
20252026,8476999,Linus Ullmark,2025021181,2026-03-31,OTT,FLA,1,16,11
20252026,8480193,Daniil Tarasov,2025021181,2026-03-31,FLA,OTT,1,26,23
20252026,8474593,Jacob Markstrom,2025021182,2026-03-31,NJD,NYR,1,23,19
20252026,8478048,Igor Shesterkin,2025021182,2026-03-31,NYR,NJD,1,23,22
20252026,8475660,Cam Talbot,2025021183,2026-03-31,DET,PIT,0,18,16
20252026,8476434,John Gibson,2025021183,2026-03-31,DET,PIT,1,14,11
20252026,8479973,Stuart Skinner,2025021183,2026-03-31,PIT,DET,1,23,22
20252026,8478435,Dan Vladar,2025021184,2026-03-31,PHI,WSH,1,17,12
20252026,8480313,Logan Thompson,2025021184,2026-03-31,WSH,PHI,1,24,20
20252026,8482982,Jet Greaves,2025021185,2026-03-31,CBJ,CAR,1,32,28
20252026,8483548,Brandon Bussi,2025021185,2026-03-31,CAR,CBJ,1,25,23
20252026,8476945,Connor Hellebuyck,2025021186,2026-03-31,WPG,CHI,1,21,18
20252026,8481519,Spencer Knight,2025021186,2026-03-31,CHI,WPG,1,24,20
20252026,8475831,Philipp Grubauer,2025021187,2026-03-31,SEA,EDM,1,23,21
20252026,8478971,Connor Ingram,2025021187,2026-03-31,EDM,SEA,1,27,27
20252026,8475809,Scott Wedgewood,2025021188,2026-04-01,COL,VAN,0,6,5
20252026,8478406,Mackenzie Blackwood,2025021188,2026-04-01,COL,VAN,1,19,13
20252026,8480947,Kevin Lankinen,2025021188,2026-04-01,VAN,COL,1,30,24
20252026,8476341,Anton Forsberg,2025021189,2026-04-01,LAK,STL,1,24,23
20252026,8476412,Jordan Binnington,2025021189,2026-04-01,STL,LAK,1,26,24
20252026,8480843,Lukas Dostal,2025021190,2026-04-01,ANA,SJS,1,21,17
20252026,8482137,Yaroslav Askarov,2025021190,2026-04-01,SJS,ANA,1,31,28
20252026,8476999,Linus Ullmark,2025021191,2026-04-02,OTT,BUF,1,22,21
20252026,8480045,Ukko-Pekka Luukkonen,2025021191,2026-04-02,BUF,OTT,1,22,20
20252026,8476883,Andrei Vasilevskiy,2025021192,2026-04-02,TBL,PIT,1,24,21
20252026,8479973,Stuart Skinner,2025021192,2026-04-02,PIT,TBL,1,32,27
20252026,8475683,Sergei Bobrovsky,2025021193,2026-04-02,FLA,BOS,1,29,28
20252026,8480280,Jeremy Swayman,2025021193,2026-04-02,BOS,FLA,1,24,22
20252026,8474596,Jake Allen,2025021194,2026-04-02,NJD,WSH,1,32,29
20252026,8480313,Logan Thompson,2025021194,2026-04-02,WSH,NJD,1,29,23
20252026,8478048,Igor Shesterkin,2025021195,2026-04-02,NYR,MTL,1,25,22
20252026,8484170,Jacob Fowler,2025021195,2026-04-02,MTL,NYR,1,24,22
20252026,8476434,John Gibson,2025021196,2026-04-02,DET,PHI,1,34,32
20252026,8481035,Samuel Ersson,2025021196,2026-04-02,PHI,DET,1,19,15
20252026,8475883,Frederik Andersen,2025021197,2026-04-02,CAR,CBJ,1,10,9
20252026,8478007,Elvis Merzlikins,2025021197,2026-04-02,CBJ,CAR,1,21,16
20252026,8476945,Connor Hellebuyck,2025021198,2026-04-02,WPG,DAL,1,21,18
20252026,8479979,Jake Oettinger,2025021198,2026-04-02,DAL,WPG,1,22,22
20252026,8479406,Filip Gustavsson,2025021199,2026-04-02,MIN,VAN,1,33,31
20252026,8484268,Nikita Tolopilo,2025021199,2026-04-02,VAN,MIN,1,38,34
20252026,8477465,Tristan Jarry,2025021200,2026-04-02,EDM,CHI,1,18,17
20252026,8481519,Spencer Knight,2025021200,2026-04-02,CHI,EDM,1,33,32
20252026,8482821,Arvid Soderblom,2025021200,2026-04-02,CHI,EDM,0,5,4
20252026,8479394,Carter Hart,2025021201,2026-04-02,VGK,CGY,1,22,19
20252026,8481692,Dustin Wolf,2025021201,2026-04-02,CGY,VGK,1,34,28
20252026,8476932,Anthony Stolarz,2025021202,2026-04-02,TOR,SJS,1,24,21
20252026,8477968,Alex Nedeljkovic,2025021202,2026-04-02,SJS,TOR,1,20,19
20252026,8478872,Karel Vejmelka,2025021203,2026-04-02,UTA,SEA,1,27,25
20252026,8478916,Joey Daccord,2025021203,2026-04-02,SEA,UTA,1,31,25
20252026,8475311,Darcy Kuemper,2025021204,2026-04-02,LAK,NSH,1,34,30
20252026,8477424,Juuse Saros,2025021204,2026-04-02,NSH,LAK,1,33,29
20252026,8478009,Ilya Sorokin,2025021205,2026-04-03,NYI,PHI,1,21,17
20252026,8478435,Dan Vladar,2025021205,2026-04-03,PHI,NYI,1,22,21
20252026,8480843,Lukas Dostal,2025021206,2026-04-03,ANA,STL,1,29,23
20252026,8480981,Joel Hofer,2025021206,2026-04-03,STL,ANA,1,27,25
20252026,8471734,Jonathan Quick,2025021207,2026-04-04,NYR,DET,1,33,32
20252026,8476434,John Gibson,2025021207,2026-04-04,DET,NYR,1,19,16
20252026,8476999,Linus Ullmark,2025021208,2026-04-04,OTT,MIN,1,23,19
20252026,8482661,Jesper Wallstedt,2025021208,2026-04-04,MIN,OTT,1,34,33
20252026,8475809,Scott Wedgewood,2025021209,2026-04-04,COL,DAL,1,17,17
20252026,8479193,Casey DeSmith,2025021209,2026-04-04,DAL,COL,1,21,20
20252026,8476883,Andrei Vasilevskiy,2025021210,2026-04-04,TBL,BOS,1,22,21
20252026,8480280,Jeremy Swayman,2025021210,2026-04-04,BOS,TBL,1,22,20
20252026,8475683,Sergei Bobrovsky,2025021211,2026-04-04,FLA,PIT,1,19,13
20252026,8480193,Daniil Tarasov,2025021211,2026-04-04,FLA,PIT,0,12,9
20252026,8481668,Arturs Silovs,2025021211,2026-04-04,PIT,FLA,1,23,19
20252026,8474596,Jake Allen,2025021212,2026-04-04,NJD,MTL,1,29,26
20252026,8482487,Jakub Dobes,2025021212,2026-04-04,MTL,NJD,1,38,35
20252026,8479312,Alex Lyon,2025021213,2026-04-04,BUF,WSH,1,5,2
20252026,8480313,Logan Thompson,2025021213,2026-04-04,WSH,BUF,1,39,37
20252026,8481551,Colten Ellis,2025021213,2026-04-04,BUF,WSH,0,23,20
20252026,8478009,Ilya Sorokin,2025021214,2026-04-04,NYI,CAR,1,40,36
20252026,8483548,Brandon Bussi,2025021214,2026-04-04,CAR,NYI,1,16,13
20252026,8476945,Connor Hellebuyck,2025021215,2026-04-04,WPG,CBJ,1,16,15
20252026,8482982,Jet Greaves,2025021215,2026-04-04,CBJ,WPG,1,26,24
20252026,8478872,Karel Vejmelka,2025021216,2026-04-04,UTA,VAN,1,23,19
20252026,8484268,Nikita Tolopilo,2025021216,2026-04-04,VAN,UTA,1,24,18
20252026,8475311,Darcy Kuemper,2025021217,2026-04-04,LAK,TOR,1,20,14
20252026,8479361,Joseph Woll,2025021217,2026-04-04,TOR,LAK,1,40,33
20252026,8478971,Connor Ingram,2025021218,2026-04-04,EDM,VGK,1,33,28
20252026,8479394,Carter Hart,2025021218,2026-04-04,VGK,EDM,1,32,31
20252026,8478024,Ville Husso,2025021219,2026-04-04,ANA,CGY,1,19,15
20252026,8482445,Devin Cooley,2025021219,2026-04-04,CGY,ANA,1,39,36
20252026,8477424,Juuse Saros,2025021220,2026-04-04,NSH,SJS,1,27,24
20252026,8482137,Yaroslav Askarov,2025021220,2026-04-04,SJS,NSH,1,33,28
20252026,8475831,Philipp Grubauer,2025021221,2026-04-04,SEA,CHI,1,30,27
20252026,8482821,Arvid Soderblom,2025021221,2026-04-04,CHI,SEA,1,27,25
20252026,8475660,Cam Talbot,2025021222,2026-04-05,DET,MIN,1,20,15
20252026,8479406,Filip Gustavsson,2025021222,2026-04-05,MIN,DET,1,24,20
20252026,8480193,Daniil Tarasov,2025021223,2026-04-05,FLA,PIT,1,23,18
20252026,8481668,Arturs Silovs,2025021223,2026-04-05,PIT,FLA,1,31,29
20252026,8476914,Joonas Korpisalo,2025021224,2026-04-05,BOS,PHI,1,31,29
20252026,8478435,Dan Vladar,2025021224,2026-04-05,PHI,BOS,1,19,18
20252026,8475883,Frederik Andersen,2025021225,2026-04-05,CAR,OTT,1,30,25
20252026,8476999,Linus Ullmark,2025021225,2026-04-05,OTT,CAR,1,28,25
20252026,8474593,Jacob Markstrom,2025021226,2026-04-05,NJD,MTL,1,18,18
20252026,8484170,Jacob Fowler,2025021226,2026-04-05,MTL,NJD,1,19,17
20252026,8478048,Igor Shesterkin,2025021227,2026-04-05,NYR,WSH,1,21,20
20252026,8479292,Charlie Lindgren,2025021227,2026-04-05,WSH,NYR,1,33,25
20252026,8478406,Mackenzie Blackwood,2025021228,2026-04-05,COL,STL,1,29,26
20252026,8480981,Joel Hofer,2025021228,2026-04-05,STL,COL,1,28,26
20252026,8476883,Andrei Vasilevskiy,2025021229,2026-04-06,TBL,BUF,1,29,26
20252026,8480045,Ukko-Pekka Luukkonen,2025021229,2026-04-06,BUF,TBL,1,25,23
20252026,8475831,Philipp Grubauer,2025021230,2026-04-06,SEA,WPG,1,18,15
20252026,8476945,Connor Hellebuyck,2025021230,2026-04-06,WPG,SEA,1,24,22
20252026,8478916,Joey Daccord,2025021230,2026-04-06,SEA,WPG,0,12,10
20252026,8477968,Alex Nedeljkovic,2025021231,2026-04-06,SJS,CHI,1,29,27
20252026,8481519,Spencer Knight,2025021231,2026-04-06,CHI,SJS,1,23,20
20252026,8476341,Anton Forsberg,2025021232,2026-04-06,LAK,NSH,1,31,29
20252026,8477424,Juuse Saros,2025021232,2026-04-06,NSH,LAK,1,28,26
20252026,8480193,Daniil Tarasov,2025021233,2026-04-07,FLA,MTL,1,32,29
20252026,8482487,Jakub Dobes,2025021233,2026-04-07,MTL,FLA,1,33,30
20252026,8476999,Linus Ullmark,2025021234,2026-04-07,OTT,TBL,1,30,28
20252026,8477992,Jonas Johansson,2025021234,2026-04-07,TBL,OTT,1,31,26
20252026,8476434,John Gibson,2025021235,2026-04-07,DET,CBJ,1,35,32
20252026,8482982,Jet Greaves,2025021235,2026-04-07,CBJ,DET,1,37,34
20252026,8474593,Jacob Markstrom,2025021236,2026-04-07,NJD,PHI,1,19,15
20252026,8478435,Dan Vladar,2025021236,2026-04-07,PHI,NJD,1,24,23
20252026,8476914,Joonas Korpisalo,2025021237,2026-04-07,BOS,CAR,0,17,16
20252026,8480280,Jeremy Swayman,2025021237,2026-04-07,BOS,CAR,1,24,19
20252026,8483548,Brandon Bussi,2025021237,2026-04-07,CAR,BOS,1,21,16
20252026,8475809,Scott Wedgewood,2025021238,2026-04-07,COL,STL,1,19,18
20252026,8480981,Joel Hofer,2025021238,2026-04-07,STL,COL,1,37,34
20252026,8479979,Jake Oettinger,2025021239,2026-04-07,DAL,CGY,1,20,17
20252026,8482445,Devin Cooley,2025021239,2026-04-07,CGY,DAL,1,25,21
20252026,8478916,Joey Daccord,2025021240,2026-04-07,SEA,MIN,1,28,24
20252026,8482661,Jesper Wallstedt,2025021240,2026-04-07,MIN,SEA,1,27,25
20252026,8477465,Tristan Jarry,2025021241,2026-04-07,EDM,UTA,1,31,25
20252026,8478872,Karel Vejmelka,2025021241,2026-04-07,UTA,EDM,1,26,21
20252026,8479394,Carter Hart,2025021242,2026-04-07,VGK,VAN,1,11,10
20252026,8484268,Nikita Tolopilo,2025021242,2026-04-07,VAN,VGK,1,29,27
20252026,8480843,Lukas Dostal,2025021243,2026-04-07,ANA,NSH,1,25,20
20252026,8481020,Justus Annunen,2025021243,2026-04-07,NSH,ANA,1,43,43
20252026,8478048,Igor Shesterkin,2025021244,2026-04-08,NYR,BUF,1,26,22
20252026,8480045,Ukko-Pekka Luukkonen,2025021244,2026-04-08,BUF,NYR,1,20,17
20252026,8476932,Anthony Stolarz,2025021245,2026-04-08,TOR,WSH,1,2,2
20252026,8479361,Joseph Woll,2025021245,2026-04-08,TOR,WSH,0,17,14
20252026,8480313,Logan Thompson,2025021245,2026-04-08,WSH,TOR,1,22,22
20252026,8477465,Tristan Jarry,2025021246,2026-04-08,EDM,SJS,0,4,4
20252026,8477968,Alex Nedeljkovic,2025021246,2026-04-08,SJS,EDM,1,26,21
20252026,8478971,Connor Ingram,2025021246,2026-04-08,EDM,SJS,1,10,8
20252026,8481551,Colten Ellis,2025021247,2026-04-09,BUF,CBJ,1,37,37
20252026,8482982,Jet Greaves,2025021247,2026-04-09,CBJ,BUF,1,23,19
20252026,8476883,Andrei Vasilevskiy,2025021248,2026-04-09,TBL,MTL,1,21,19
20252026,8482487,Jakub Dobes,2025021248,2026-04-09,MTL,TBL,1,18,17
20252026,8475683,Sergei Bobrovsky,2025021249,2026-04-09,FLA,OTT,1,25,21
20252026,8476999,Linus Ullmark,2025021249,2026-04-09,OTT,FLA,1,23,22
20252026,8475660,Cam Talbot,2025021250,2026-04-09,DET,PHI,0,12,11
20252026,8476434,John Gibson,2025021250,2026-04-09,DET,PHI,1,15,13
20252026,8478435,Dan Vladar,2025021250,2026-04-09,PHI,DET,1,8,4
20252026,8481035,Samuel Ersson,2025021250,2026-04-09,PHI,DET,0,14,12
20252026,8474596,Jake Allen,2025021251,2026-04-09,NJD,PIT,1,29,25
20252026,8479973,Stuart Skinner,2025021251,2026-04-09,PIT,NJD,1,21,19
20252026,8478009,Ilya Sorokin,2025021252,2026-04-09,NYI,TOR,1,16,13
20252026,8482515,Artur Akhtyamov,2025021252,2026-04-09,TOR,NYI,1,44,39
20252026,8476412,Jordan Binnington,2025021253,2026-04-09,STL,WPG,1,34,31
20252026,8476945,Connor Hellebuyck,2025021253,2026-04-09,WPG,STL,1,22,20
20252026,8479406,Filip Gustavsson,2025021254,2026-04-09,MIN,DAL,1,20,15
20252026,8479979,Jake Oettinger,2025021254,2026-04-09,DAL,MIN,1,31,27
20252026,8475883,Frederik Andersen,2025021255,2026-04-09,CAR,CHI,1,25,23
20252026,8481519,Spencer Knight,2025021255,2026-04-09,CHI,CAR,1,22,15
20252026,8478406,Mackenzie Blackwood,2025021256,2026-04-09,COL,CGY,1,29,28
20252026,8481692,Dustin Wolf,2025021256,2026-04-09,CGY,COL,1,40,38
20252026,8477424,Juuse Saros,2025021257,2026-04-09,NSH,UTA,1,27,23
20252026,8478872,Karel Vejmelka,2025021257,2026-04-09,UTA,NSH,1,30,29
20252026,8480843,Lukas Dostal,2025021258,2026-04-09,ANA,SJS,1,19,18
20252026,8482137,Yaroslav Askarov,2025021258,2026-04-09,SJS,ANA,1,30,24
20252026,8478499,Adin Hill,2025021259,2026-04-09,VGK,SEA,1,33,30
20252026,8478916,Joey Daccord,2025021259,2026-04-09,SEA,VGK,1,35,32
20252026,8476341,Anton Forsberg,2025021260,2026-04-09,LAK,VAN,1,25,24
20252026,8484268,Nikita Tolopilo,2025021260,2026-04-09,VAN,LAK,1,26,22
20252026,8476883,Andrei Vasilevskiy,2025021261,2026-04-11,TBL,BOS,1,21,20
20252026,8480280,Jeremy Swayman,2025021261,2026-04-11,BOS,TBL,1,24,22
20252026,8476999,Linus Ullmark,2025021262,2026-04-11,OTT,NYI,1,23,23
20252026,8478009,Ilya Sorokin,2025021262,2026-04-11,NYI,OTT,1,15,13
20252026,8480313,Logan Thompson,2025021263,2026-04-11,WSH,PIT,1,11,8
20252026,8481668,Arturs Silovs,2025021263,2026-04-11,PIT,WSH,1,31,26
20252026,8476341,Anton Forsberg,2025021264,2026-04-11,LAK,EDM,1,27,27
20252026,8478971,Connor Ingram,2025021264,2026-04-11,EDM,LAK,1,21,20
20252026,8474596,Jake Allen,2025021265,2026-04-11,NJD,DET,1,28,25
20252026,8476434,John Gibson,2025021265,2026-04-11,DET,NJD,1,32,28
20252026,8480981,Joel Hofer,2025021266,2026-04-11,STL,CHI,1,34,31
20252026,8482821,Arvid Soderblom,2025021266,2026-04-11,CHI,STL,1,28,23
20252026,8481020,Justus Annunen,2025021267,2026-04-11,NSH,MIN,1,22,21
20252026,8482661,Jesper Wallstedt,2025021267,2026-04-11,MIN,NSH,1,22,20
20252026,8478048,Igor Shesterkin,2025021268,2026-04-11,NYR,DAL,1,18,17
20252026,8479979,Jake Oettinger,2025021268,2026-04-11,DAL,NYR,1,22,22
20252026,8475883,Frederik Andersen,2025021269,2026-04-11,CAR,UTA,1,27,26
20252026,8478872,Karel Vejmelka,2025021269,2026-04-11,UTA,CAR,1,28,25
20252026,8479361,Joseph Woll,2025021270,2026-04-11,TOR,FLA,1,23,19
20252026,8480193,Daniil Tarasov,2025021270,2026-04-11,FLA,TOR,1,19,17
20252026,8482487,Jakub Dobes,2025021271,2026-04-11,MTL,CBJ,1,33,28
20252026,8482982,Jet Greaves,2025021271,2026-04-11,CBJ,MTL,1,22,20
20252026,8476945,Connor Hellebuyck,2025021272,2026-04-11,WPG,PHI,1,20,15
20252026,8477480,Eric Comrie,2025021272,2026-04-11,WPG,PHI,0,3,1
20252026,8478435,Dan Vladar,2025021272,2026-04-11,PHI,WPG,1,28,27
20252026,8482445,Devin Cooley,2025021273,2026-04-11,CGY,SEA,1,20,17
20252026,8483668,Nikke Kokko,2025021273,2026-04-11,SEA,CGY,1,27,26
20252026,8478406,Mackenzie Blackwood,2025021274,2026-04-11,COL,VGK,1,29,26
20252026,8479394,Carter Hart,2025021274,2026-04-11,VGK,COL,1,32,30
20252026,8480947,Kevin Lankinen,2025021275,2026-04-11,VAN,SJS,1,32,29
20252026,8482137,Yaroslav Askarov,2025021275,2026-04-11,SJS,VAN,1,41,38
20252026,8479973,Stuart Skinner,2025021276,2026-04-12,PIT,WSH,1,26,24
20252026,8480313,Logan Thompson,2025021276,2026-04-12,WSH,PIT,1,24,24
20252026,8478009,Ilya Sorokin,2025021277,2026-04-12,NYI,MTL,1,22,18
20252026,8484170,Jacob Fowler,2025021277,2026-04-12,MTL,NYI,1,33,32
20252026,8476914,Joonas Korpisalo,2025021278,2026-04-12,BOS,CBJ,1,35,33
20252026,8482982,Jet Greaves,2025021278,2026-04-12,CBJ,BOS,1,22,19
20252026,8473503,James Reimer,2025021279,2026-04-12,OTT,NJD,1,30,26
20252026,8482076,Nico Daws,2025021279,2026-04-12,NJD,OTT,1,30,27
20252026,8480843,Lukas Dostal,2025021280,2026-04-12,ANA,VAN,1,26,22
20252026,8484268,Nikita Tolopilo,2025021280,2026-04-12,VAN,ANA,1,27,24
20252026,8477970,Vitek Vanecek,2025021281,2026-04-12,UTA,CGY,1,23,19
20252026,8481692,Dustin Wolf,2025021281,2026-04-12,CGY,UTA,1,29,28
20252026,8475660,Cam Talbot,2025021282,2026-04-13,DET,TBL,1,22,18
20252026,8476883,Andrei Vasilevskiy,2025021282,2026-04-13,TBL,DET,1,30,27
20252026,8471734,Jonathan Quick,2025021283,2026-04-13,NYR,FLA,1,16,13
20252026,8480193,Daniil Tarasov,2025021283,2026-04-13,FLA,NYR,1,27,25
20252026,8478435,Dan Vladar,2025021284,2026-04-13,PHI,CAR,1,26,24
20252026,8483548,Brandon Bussi,2025021284,2026-04-13,CAR,PHI,1,23,21
20252026,8479193,Casey DeSmith,2025021285,2026-04-13,DAL,TOR,1,27,22
20252026,8482515,Artur Akhtyamov,2025021285,2026-04-13,TOR,DAL,1,32,27
20252026,8479406,Filip Gustavsson,2025021286,2026-04-13,MIN,STL,1,21,16
20252026,8480981,Joel Hofer,2025021286,2026-04-13,STL,MIN,1,31,28
20252026,8477968,Alex Nedeljkovic,2025021287,2026-04-13,SJS,NSH,1,28,26
20252026,8481020,Justus Annunen,2025021287,2026-04-13,NSH,SJS,1,22,20
20252026,8480045,Ukko-Pekka Luukkonen,2025021288,2026-04-13,BUF,CHI,1,16,15
20252026,8481519,Spencer Knight,2025021288,2026-04-13,CHI,BUF,1,26,21
20252026,8475809,Scott Wedgewood,2025021289,2026-04-13,COL,EDM,1,31,30
20252026,8478971,Connor Ingram,2025021289,2026-04-13,EDM,COL,1,32,31
20252026,8476945,Connor Hellebuyck,2025021290,2026-04-13,WPG,VGK,1,38,32
20252026,8479394,Carter Hart,2025021290,2026-04-13,VGK,WPG,1,23,21
20252026,8476341,Anton Forsberg,2025021291,2026-04-13,LAK,SEA,1,33,30
20252026,8483668,Nikke Kokko,2025021291,2026-04-13,SEA,LAK,1,29,25
20252026,8480280,Jeremy Swayman,2025021292,2026-04-14,BOS,NJD,1,21,21
20252026,8482076,Nico Daws,2025021292,2026-04-14,NJD,BOS,1,26,22
20252026,8479496,David Rittich,2025021293,2026-04-14,NYI,CAR,1,21,19
20252026,8483548,Brandon Bussi,2025021293,2026-04-14,CAR,NYI,1,30,29
20252026,8481035,Samuel Ersson,2025021294,2026-04-14,PHI,MTL,1,29,27
20252026,8482487,Jakub Dobes,2025021294,2026-04-14,MTL,PHI,1,25,21
20252026,8482982,Jet Greaves,2025021295,2026-04-14,CBJ,WSH,1,21,19
20252026,8483532,Clay Stevenson,2025021295,2026-04-14,WSH,CBJ,1,28,27
20252026,8480843,Lukas Dostal,2025021296,2026-04-14,ANA,MIN,1,20,17
20252026,8482661,Jesper Wallstedt,2025021296,2026-04-14,MIN,ANA,1,37,35
20252026,8477480,Eric Comrie,2025021297,2026-04-14,WPG,UTA,1,35,31
20252026,8478872,Karel Vejmelka,2025021297,2026-04-14,UTA,WPG,1,24,21
20252026,8478406,Mackenzie Blackwood,2025021298,2026-04-14,COL,CGY,1,31,30
20252026,8481692,Dustin Wolf,2025021298,2026-04-14,CGY,COL,1,37,35
20252026,8476412,Jordan Binnington,2025021299,2026-04-14,STL,PIT,1,23,18
20252026,8479973,Stuart Skinner,2025021299,2026-04-14,PIT,STL,1,21,17
20252026,8481668,Arturs Silovs,2025021299,2026-04-14,PIT,STL,0,9,7
20252026,8475311,Darcy Kuemper,2025021300,2026-04-14,LAK,VAN,1,25,21
20252026,8480947,Kevin Lankinen,2025021300,2026-04-14,VAN,LAK,1,34,31
20252026,8479979,Jake Oettinger,2025021301,2026-04-15,DAL,BUF,1,24,21
20252026,8481551,Colten Ellis,2025021301,2026-04-15,BUF,DAL,1,28,25
20252026,8477990,Brandon Halverson,2025021302,2026-04-15,TBL,NYR,1,21,17
20252026,8482193,Dylan Garand,2025021302,2026-04-15,NYR,TBL,1,31,29
20252026,8475660,Cam Talbot,2025021303,2026-04-15,DET,FLA,0,13,9
20252026,8476434,John Gibson,2025021303,2026-04-15,DET,FLA,1,15,11
20252026,8480193,Daniil Tarasov,2025021303,2026-04-15,FLA,DET,1,26,25
20252026,8473503,James Reimer,2025021304,2026-04-15,OTT,TOR,1,20,19
20252026,8483710,Dennis Hildeby,2025021304,2026-04-15,TOR,OTT,1,37,35
20252026,8481519,Spencer Knight,2025021305,2026-04-15,CHI,SJS,1,17,15
20252026,8482137,Yaroslav Askarov,2025021305,2026-04-15,SJS,CHI,1,24,19
20252026,8479394,Carter Hart,2025021306,2026-04-15,VGK,SEA,1,23,22
20252026,8483668,Nikke Kokko,2025021306,2026-04-15,SEA,VGK,1,26,22
20252026,8477424,Juuse Saros,2025021307,2026-04-16,NSH,ANA,1,40,35
20252026,8478024,Ville Husso,2025021307,2026-04-16,ANA,NSH,1,21,17
20252026,8477480,Eric Comrie,2025021308,2026-04-16,WPG,SJS,1,33,27
20252026,8477968,Alex Nedeljkovic,2025021308,2026-04-16,SJS,WPG,1,27,26
20252026,8477970,Vitek Vanecek,2025021309,2026-04-16,UTA,STL,0,10,9
20252026,8478872,Karel Vejmelka,2025021309,2026-04-16,UTA,STL,1,18,15
20252026,8480981,Joel Hofer,2025021309,2026-04-16,STL,UTA,1,23,20
20252026,8476341,Anton Forsberg,2025021310,2026-04-16,LAK,CGY,1,19,17
20252026,8482949,Arsenii Sergeev,2025021310,2026-04-16,CGY,LAK,1,28,27
20252026,8478971,Connor Ingram,2025021311,2026-04-16,EDM,VAN,1,12,11
20252026,8480947,Kevin Lankinen,2025021311,2026-04-16,VAN,EDM,1,35,29
20252026,8475809,Scott Wedgewood,2025021312,2026-04-16,COL,SEA,1,22,22
20252026,8484910,Victor Ostman,2025021312,2026-04-16,SEA,COL,1,35,33
