season,player_id,name,game_id,date,team,opp,started,shots_against,saves
20242025,8474593,Jacob Markstrom,2024020001,2024-10-04,NJD,BUF,1,31,30
20242025,8480045,Ukko-Pekka Luukkonen,2024020001,2024-10-04,BUF,NJD,1,22,19
20242025,8474596,Jake Allen,2024020002,2024-10-05,NJD,BUF,1,18,17
20242025,8482221,Devon Levi,2024020002,2024-10-05,BUF,NJD,1,37,34
20242025,8475831,Philipp Grubauer,2024020003,2024-10-08,SEA,STL,1,25,22
20242025,8476412,Jordan Binnington,2024020003,2024-10-08,STL,SEA,1,32,30
20242025,8475683,Sergei Bobrovsky,2024020004,2024-10-08,FLA,BOS,1,28,24
20242025,8476914,Joonas Korpisalo,2024020004,2024-10-08,BOS,FLA,1,35,29
20242025,8475852,Petr Mrazek,2024020005,2024-10-08,CHI,UTA,1,26,22
20242025,8478971,Connor Ingram,2024020005,2024-10-08,UTA,CHI,1,26,24
20242025,8476932,Anthony Stolarz,2024020006,2024-10-09,TOR,MTL,1,27,26
20242025,8478470,Samuel Montembeault,2024020006,2024-10-09,MTL,TOR,1,48,48
20242025,8477465,Tristan Jarry,2024020007,2024-10-09,PIT,NYR,1,40,34
20242025,8478048,Igor Shesterkin,2024020007,2024-10-09,NYR,PIT,1,31,31
20242025,8475717,Calvin Pickard,2024020008,2024-10-09,EDM,WPG,0,7,6
20242025,8476945,Connor Hellebuyck,2024020008,2024-10-09,WPG,EDM,1,30,30
20242025,8479973,Stuart Skinner,2024020008,2024-10-09,EDM,WPG,1,13,8
20242025,8478435,Dan Vladar,2024020009,2024-10-09,CGY,VAN,1,24,19
20242025,8481668,Arturs Silovs,2024020009,2024-10-09,VAN,CGY,1,26,20
20242025,8478499,Adin Hill,2024020010,2024-10-09,VGK,COL,1,32,28
20242025,8480382,Alexandar Georgiev,2024020010,2024-10-09,COL,VGK,1,16,11
20242025,8481020,Justus Annunen,2024020010,2024-10-09,COL,VGK,0,4,2
20242025,8480051,Cayden Primeau,2024020011,2024-10-10,MTL,BOS,1,29,23
20242025,8480280,Jeremy Swayman,2024020011,2024-10-10,BOS,MTL,1,24,20
20242025,8475311,Darcy Kuemper,2024020012,2024-10-10,LAK,BUF,1,33,32
20242025,8480045,Ukko-Pekka Luukkonen,2024020012,2024-10-10,BUF,LAK,1,22,20
20242025,8475683,Sergei Bobrovsky,2024020013,2024-10-10,FLA,OTT,1,30,28
20242025,8476999,Linus Ullmark,2024020013,2024-10-10,OTT,FLA,1,32,31
20242025,8475660,Cam Talbot,2024020014,2024-10-10,DET,PIT,0,14,12
20242025,8478024,Ville Husso,2024020014,2024-10-10,DET,PIT,1,14,10
20242025,8482446,Joel Blomqvist,2024020014,2024-10-10,PIT,DET,1,32,29
20242025,8474593,Jacob Markstrom,2024020015,2024-10-10,NJD,TOR,1,22,18
20242025,8483710,Dennis Hildeby,2024020015,2024-10-10,TOR,NJD,1,23,21
20242025,8473575,Semyon Varlamov,2024020016,2024-10-10,NYI,UTA,1,26,21
20242025,8478971,Connor Ingram,2024020016,2024-10-10,UTA,NYI,1,27,23
20242025,8475809,Scott Wedgewood,2024020017,2024-10-10,NSH,DAL,1,20,16
20242025,8479979,Jake Oettinger,2024020017,2024-10-10,DAL,NSH,1,36,33
20242025,8478007,Elvis Merzlikins,2024020018,2024-10-10,CBJ,MIN,1,26,23
20242025,8479406,Filip Gustavsson,2024020018,2024-10-10,MIN,CBJ,1,33,31
20242025,8478406,Mackenzie Blackwood,2024020019,2024-10-10,SJS,STL,1,40,35
20242025,8480981,Joel Hofer,2024020019,2024-10-10,STL,SJS,1,29,25
20242025,8475883,Frederik Andersen,2024020020,2024-10-11,CAR,TBL,1,21,19
20242025,8476883,Andrei Vasilevskiy,2024020020,2024-10-11,TBL,CAR,1,21,20
20242025,8476945,Connor Hellebuyck,2024020021,2024-10-11,WPG,CHI,1,26,25
20242025,8482821,Arvid Soderblom,2024020021,2024-10-11,CHI,WPG,1,35,33
20242025,8480947,Kevin Lankinen,2024020022,2024-10-11,VAN,PHI,1,31,29
20242025,8481035,Samuel Ersson,2024020022,2024-10-11,PHI,VAN,1,26,24
20242025,8476412,Jordan Binnington,2024020023,2024-10-11,STL,VGK,1,28,24
20242025,8478499,Adin Hill,2024020023,2024-10-11,VGK,STL,1,22,19
20242025,8475311,Darcy Kuemper,2024020024,2024-10-12,LAK,BOS,1,26,24
20242025,8480280,Jeremy Swayman,2024020024,2024-10-12,BOS,LAK,1,34,33
20242025,8481519,Spencer Knight,2024020025,2024-10-12,FLA,BUF,1,26,22
20242025,8482221,Devon Levi,2024020025,2024-10-12,BUF,FLA,1,25,23
20242025,8476932,Anthony Stolarz,2024020026,2024-10-12,TOR,PIT,1,23,21
20242025,8482446,Joel Blomqvist,2024020026,2024-10-12,PIT,TOR,1,32,29
20242025,8476999,Linus Ullmark,2024020027,2024-10-12,OTT,MTL,1,26,22
20242025,8478470,Samuel Montembeault,2024020027,2024-10-12,MTL,OTT,1,25,24
20242025,8475660,Cam Talbot,2024020028,2024-10-12,DET,NSH,1,42,42
20242025,8477424,Juuse Saros,2024020028,2024-10-12,NSH,DET,1,21,19
20242025,8478048,Igor Shesterkin,2024020030,2024-10-12,NYR,UTA,1,26,20
20242025,8478971,Connor Ingram,2024020030,2024-10-12,UTA,NYR,1,34,29
20242025,8474593,Jacob Markstrom,2024020031,2024-10-12,NJD,WSH,1,32,29
20242025,8479292,Charlie Lindgren,2024020031,2024-10-12,WSH,NJD,1,32,28
20242025,8473575,Semyon Varlamov,2024020032,2024-10-12,NYI,DAL,1,26,24
20242025,8479979,Jake Oettinger,2024020032,2024-10-12,DAL,NYI,1,34,34
20242025,8470594,Marc-Andre Fleury,2024020033,2024-10-12,MIN,SEA,1,34,30
20242025,8478916,Joey Daccord,2024020033,2024-10-12,SEA,MIN,1,38,34
20242025,8480193,Daniil Tarasov,2024020034,2024-10-12,CBJ,COL,1,30,26
20242025,8480382,Alexandar Georgiev,2024020034,2024-10-12,COL,CBJ,1,9,6
20242025,8481020,Justus Annunen,2024020034,2024-10-12,COL,CBJ,0,13,11
20242025,8478905,Ivan Fedotov,2024020035,2024-10-12,PHI,CGY,1,31,26
20242025,8481692,Dustin Wolf,2024020035,2024-10-12,CGY,PHI,1,40,37
20242025,8475717,Calvin Pickard,2024020036,2024-10-12,EDM,CHI,1,20,15
20242025,8475852,Petr Mrazek,2024020036,2024-10-12,CHI,EDM,1,38,36
20242025,8477970,Vitek Vanecek,2024020037,2024-10-12,SJS,ANA,1,29,28
20242025,8480843,Lukas Dostal,2024020037,2024-10-12,ANA,SJS,1,30,30
20242025,8476945,Connor Hellebuyck,2024020038,2024-10-13,WPG,MIN,1,27,26
20242025,8479406,Filip Gustavsson,2024020038,2024-10-13,MIN,WPG,1,35,33
20242025,8475831,Philipp Grubauer,2024020039,2024-10-13,SEA,DAL,1,23,21
20242025,8479193,Casey DeSmith,2024020039,2024-10-13,DAL,SEA,1,25,25
20242025,8478435,Dan Vladar,2024020040,2024-10-13,CGY,EDM,1,26,25
20242025,8479973,Stuart Skinner,2024020040,2024-10-13,EDM,CGY,1,28,25
20242025,8473503,James Reimer,2024020041,2024-10-13,ANA,VGK,1,32,29
20242025,8478492,Ilya Samsonov,2024020041,2024-10-13,VGK,ANA,1,23,22
20242025,8475683,Sergei Bobrovsky,2024020042,2024-10-14,FLA,BOS,1,27,24
20242025,8480280,Jeremy Swayman,2024020042,2024-10-14,BOS,FLA,1,26,22
20242025,8475311,Darcy Kuemper,2024020043,2024-10-14,LAK,OTT,1,41,33
20242025,8476341,Anton Forsberg,2024020043,2024-10-14,OTT,LAK,1,9,6
20242025,8481544,Mads Sogaard,2024020043,2024-10-14,OTT,LAK,0,17,13
20242025,8474596,Jake Allen,2024020044,2024-10-14,NJD,UTA,1,20,20
20242025,8478872,Karel Vejmelka,2024020044,2024-10-14,UTA,NJD,1,32,29
20242025,8478048,Igor Shesterkin,2024020045,2024-10-14,NYR,DET,1,32,31
20242025,8479312,Alex Lyon,2024020045,2024-10-14,DET,NYR,1,27,24
20242025,8477465,Tristan Jarry,2024020046,2024-10-14,PIT,MTL,1,28,25
20242025,8478470,Samuel Montembeault,2024020046,2024-10-14,MTL,PIT,1,29,24
20242025,8478009,Ilya Sorokin,2024020047,2024-10-14,NYI,COL,1,34,32
20242025,8480382,Alexandar Georgiev,2024020047,2024-10-14,COL,NYI,1,36,31
20242025,8476883,Andrei Vasilevskiy,2024020048,2024-10-15,TBL,VAN,1,27,26
20242025,8481668,Arturs Silovs,2024020048,2024-10-15,VAN,TBL,1,26,23
20242025,8478499,Adin Hill,2024020049,2024-10-15,VGK,WSH,1,22,18
20242025,8480313,Logan Thompson,2024020049,2024-10-15,WSH,VGK,1,26,24
20242025,8474593,Jacob Markstrom,2024020050,2024-10-15,NJD,CAR,1,30,27
20242025,8481611,Pyotr Kochetkov,2024020050,2024-10-15,CAR,NJD,1,26,24
20242025,8478007,Elvis Merzlikins,2024020051,2024-10-15,CBJ,FLA,1,22,18
20242025,8481519,Spencer Knight,2024020051,2024-10-15,FLA,CBJ,1,38,35
20242025,8476412,Jordan Binnington,2024020052,2024-10-15,STL,MIN,1,26,23
20242025,8479406,Filip Gustavsson,2024020052,2024-10-15,MIN,STL,1,28,27
20242025,8477424,Juuse Saros,2024020053,2024-10-15,NSH,SEA,1,34,28
20242025,8478916,Joey Daccord,2024020053,2024-10-15,SEA,NSH,1,33,30
20242025,8478406,Mackenzie Blackwood,2024020054,2024-10-15,SJS,DAL,1,38,36
20242025,8479979,Jake Oettinger,2024020054,2024-10-15,DAL,SJS,1,27,25
20242025,8475852,Petr Mrazek,2024020055,2024-10-15,CHI,CGY,1,26,24
20242025,8481692,Dustin Wolf,2024020055,2024-10-15,CGY,CHI,1,32,31
20242025,8479973,Stuart Skinner,2024020056,2024-10-15,EDM,PHI,1,30,27
20242025,8481035,Samuel Ersson,2024020056,2024-10-15,PHI,EDM,1,31,27
20242025,8477465,Tristan Jarry,2024020057,2024-10-16,PIT,BUF,1,5,2
20242025,8480045,Ukko-Pekka Luukkonen,2024020057,2024-10-16,BUF,PIT,1,43,37
20242025,8482446,Joel Blomqvist,2024020057,2024-10-16,PIT,BUF,0,28,26
20242025,8476932,Anthony Stolarz,2024020058,2024-10-16,TOR,LAK,1,34,32
20242025,8477831,Pheonix Copley,2024020058,2024-10-16,LAK,TOR,0,12,10
20242025,8479496,David Rittich,2024020058,2024-10-16,LAK,TOR,1,14,10
20242025,8476914,Joonas Korpisalo,2024020059,2024-10-16,BOS,COL,1,25,22
20242025,8480382,Alexandar Georgiev,2024020059,2024-10-16,COL,BOS,1,25,21
20242025,8478971,Connor Ingram,2024020060,2024-10-16,UTA,ANA,1,34,29
20242025,8480843,Lukas Dostal,2024020060,2024-10-16,ANA,UTA,1,30,26
20242025,8478470,Samuel Montembeault,2024020061,2024-10-17,MTL,LAK,1,31,28
20242025,8479496,David Rittich,2024020061,2024-10-17,LAK,MTL,1,27,26
20242025,8474593,Jacob Markstrom,2024020062,2024-10-17,NJD,OTT,1,31,30
20242025,8476341,Anton Forsberg,2024020062,2024-10-17,OTT,NJD,1,35,32
20242025,8471734,Jonathan Quick,2024020063,2024-10-17,NYR,DET,1,31,29
20242025,8475660,Cam Talbot,2024020063,2024-10-17,DET,NYR,1,19,14
20242025,8479312,Alex Lyon,2024020063,2024-10-17,DET,NYR,0,15,15
20242025,8476883,Andrei Vasilevskiy,2024020064,2024-10-17,TBL,VGK,1,25,22
20242025,8478499,Adin Hill,2024020064,2024-10-17,VGK,TBL,1,25,21
20242025,8475683,Sergei Bobrovsky,2024020065,2024-10-17,FLA,VAN,1,33,30
20242025,8480947,Kevin Lankinen,2024020065,2024-10-17,VAN,FLA,1,28,26
20242025,8479193,Casey DeSmith,2024020066,2024-10-17,DAL,WSH,1,26,23
20242025,8479292,Charlie Lindgren,2024020066,2024-10-17,WSH,DAL,1,24,22
20242025,8480193,Daniil Tarasov,2024020067,2024-10-17,CBJ,BUF,1,24,20
20242025,8482221,Devon Levi,2024020067,2024-10-17,BUF,CBJ,1,25,19
20242025,8478009,Ilya Sorokin,2024020068,2024-10-17,NYI,STL,1,30,29
20242025,8480981,Joel Hofer,2024020068,2024-10-17,STL,NYI,1,34,34
20242025,8475717,Calvin Pickard,2024020069,2024-10-17,EDM,NSH,1,27,25
20242025,8477424,Juuse Saros,2024020069,2024-10-17,NSH,EDM,1,35,32
20242025,8475852,Petr Mrazek,2024020070,2024-10-17,CHI,SJS,1,22,20
20242025,8477970,Vitek Vanecek,2024020070,2024-10-17,SJS,CHI,1,27,23
20242025,8475831,Philipp Grubauer,2024020071,2024-10-17,SEA,PHI,1,25,21
20242025,8478905,Ivan Fedotov,2024020071,2024-10-17,PHI,SEA,1,24,19
20242025,8481035,Samuel Ersson,2024020071,2024-10-17,PHI,SEA,0,5,4
20242025,8475883,Frederik Andersen,2024020072,2024-10-18,CAR,PIT,1,26,25
20242025,8482446,Joel Blomqvist,2024020072,2024-10-18,PIT,CAR,1,38,34
20242025,8476945,Connor Hellebuyck,2024020073,2024-10-18,WPG,SJS,1,22,19
20242025,8477970,Vitek Vanecek,2024020073,2024-10-18,SJS,WPG,0,18,15
20242025,8478406,Mackenzie Blackwood,2024020073,2024-10-18,SJS,WPG,1,18,13
20242025,8480382,Alexandar Georgiev,2024020074,2024-10-18,COL,ANA,1,19,16
20242025,8480843,Lukas Dostal,2024020074,2024-10-18,ANA,COL,1,49,45
20242025,8476341,Anton Forsberg,2024020075,2024-10-19,OTT,TBL,1,29,25
20242025,8476883,Andrei Vasilevskiy,2024020075,2024-10-19,TBL,OTT,1,28,23
20242025,8477424,Juuse Saros,2024020076,2024-10-19,NSH,DET,1,22,19
20242025,8479312,Alex Lyon,2024020076,2024-10-19,DET,NSH,1,39,37
20242025,8479973,Stuart Skinner,2024020077,2024-10-19,EDM,DAL,1,23,20
20242025,8479979,Jake Oettinger,2024020077,2024-10-19,DAL,EDM,1,31,30
20242025,8475683,Sergei Bobrovsky,2024020078,2024-10-19,FLA,VGK,1,26,23
20242025,8478492,Ilya Samsonov,2024020078,2024-10-19,VGK,FLA,1,49,45
20242025,8476932,Anthony Stolarz,2024020079,2024-10-19,TOR,NYR,1,27,25
20242025,8478048,Igor Shesterkin,2024020079,2024-10-19,NYR,TOR,1,35,34
20242025,8474593,Jacob Markstrom,2024020080,2024-10-19,NJD,WSH,1,37,31
20242025,8480313,Logan Thompson,2024020080,2024-10-19,WSH,NJD,1,31,26
20242025,8473575,Semyon Varlamov,2024020081,2024-10-19,NYI,MTL,1,24,21
20242025,8480051,Cayden Primeau,2024020081,2024-10-19,MTL,NYI,1,36,33
20242025,8480947,Kevin Lankinen,2024020082,2024-10-19,VAN,PHI,1,26,26
20242025,8481035,Samuel Ersson,2024020082,2024-10-19,PHI,VAN,1,32,29
20242025,8479406,Filip Gustavsson,2024020083,2024-10-19,MIN,CBJ,1,24,23
20242025,8480193,Daniil Tarasov,2024020083,2024-10-19,CBJ,MIN,1,34,31
20242025,8480981,Joel Hofer,2024020084,2024-10-19,STL,CAR,1,40,37
20242025,8481611,Pyotr Kochetkov,2024020084,2024-10-19,CAR,STL,1,19,15
20242025,8480045,Ukko-Pekka Luukkonen,2024020085,2024-10-19,BUF,CHI,1,37,35
20242025,8482821,Arvid Soderblom,2024020085,2024-10-19,CHI,BUF,1,21,18
20242025,8478971,Connor Ingram,2024020086,2024-10-19,UTA,BOS,1,22,21
20242025,8480280,Jeremy Swayman,2024020086,2024-10-19,BOS,UTA,1,32,30
20242025,8478435,Dan Vladar,2024020087,2024-10-19,CGY,SEA,1,23,21
20242025,8478916,Joey Daccord,2024020087,2024-10-19,SEA,CGY,1,22,21
20242025,8477480,Eric Comrie,2024020088,2024-10-20,WPG,PIT,1,42,39
20242025,8477968,Alex Nedeljkovic,2024020088,2024-10-20,PIT,WPG,1,36,31
20242025,8477970,Vitek Vanecek,2024020089,2024-10-20,SJS,COL,1,21,18
20242025,8481020,Justus Annunen,2024020089,2024-10-20,COL,SJS,1,26,25
20242025,8479496,David Rittich,2024020090,2024-10-20,LAK,ANA,1,14,13
20242025,8480843,Lukas Dostal,2024020090,2024-10-20,ANA,LAK,1,34,32
20242025,8476883,Andrei Vasilevskiy,2024020091,2024-10-21,TBL,TOR,1,14,10
20242025,8476932,Anthony Stolarz,2024020091,2024-10-21,TOR,TBL,1,34,32
20242025,8477992,Jonas Johansson,2024020091,2024-10-21,TBL,TOR,0,15,14
20242025,8479292,Charlie Lindgren,2024020092,2024-10-22,WSH,PHI,1,18,17
20242025,8481035,Samuel Ersson,2024020092,2024-10-22,PHI,WSH,1,29,25
20242025,8475683,Sergei Bobrovsky,2024020093,2024-10-22,FLA,MIN,1,16,11
20242025,8479406,Filip Gustavsson,2024020093,2024-10-22,MIN,FLA,1,25,24
20242025,8481519,Spencer Knight,2024020093,2024-10-22,FLA,MIN,0,6,6
20242025,8474596,Jake Allen,2024020094,2024-10-22,NJD,TBL,1,37,29
20242025,8477992,Jonas Johansson,2024020094,2024-10-22,TBL,NJD,1,35,30
20242025,8479979,Jake Oettinger,2024020095,2024-10-22,DAL,BUF,1,24,21
20242025,8480045,Ukko-Pekka Luukkonen,2024020095,2024-10-22,BUF,DAL,1,30,28
20242025,8478048,Igor Shesterkin,2024020096,2024-10-22,NYR,MTL,1,23,21
20242025,8478470,Samuel Montembeault,2024020096,2024-10-22,MTL,NYR,1,10,6
20242025,8480051,Cayden Primeau,2024020096,2024-10-22,MTL,NYR,0,35,32
20242025,8480193,Daniil Tarasov,2024020097,2024-10-22,CBJ,TOR,1,28,26
20242025,8483710,Dennis Hildeby,2024020097,2024-10-22,TOR,CBJ,1,38,32
20242025,8478009,Ilya Sorokin,2024020098,2024-10-22,NYI,DET,1,11,10
20242025,8479312,Alex Lyon,2024020098,2024-10-22,DET,NYI,1,30,30
20242025,8476412,Jordan Binnington,2024020099,2024-10-22,STL,WPG,1,24,21
20242025,8476945,Connor Hellebuyck,2024020099,2024-10-22,WPG,STL,1,29,27
20242025,8475852,Petr Mrazek,2024020100,2024-10-22,CHI,VAN,1,30,24
20242025,8480947,Kevin Lankinen,2024020100,2024-10-22,VAN,CHI,1,34,31
20242025,8477424,Juuse Saros,2024020101,2024-10-22,NSH,BOS,1,33,33
20242025,8480280,Jeremy Swayman,2024020101,2024-10-22,BOS,NSH,1,41,38
20242025,8477968,Alex Nedeljkovic,2024020102,2024-10-22,PIT,CGY,1,25,22
20242025,8481692,Dustin Wolf,2024020102,2024-10-22,CGY,PIT,1,38,35
20242025,8475883,Frederik Andersen,2024020103,2024-10-22,CAR,EDM,1,35,33
20242025,8479973,Stuart Skinner,2024020103,2024-10-22,EDM,CAR,1,33,30
20242025,8476341,Anton Forsberg,2024020104,2024-10-22,OTT,UTA,1,31,31
20242025,8478872,Karel Vejmelka,2024020104,2024-10-22,UTA,OTT,0,14,14
20242025,8478971,Connor Ingram,2024020104,2024-10-22,UTA,OTT,1,8,4
20242025,8478406,Mackenzie Blackwood,2024020105,2024-10-22,SJS,ANA,1,39,37
20242025,8480843,Lukas Dostal,2024020105,2024-10-22,ANA,SJS,1,28,27
20242025,8475831,Philipp Grubauer,2024020106,2024-10-22,SEA,COL,1,28,25
20242025,8481020,Justus Annunen,2024020106,2024-10-22,COL,SEA,1,27,25
20242025,8478492,Ilya Samsonov,2024020107,2024-10-22,VGK,LAK,1,35,34
20242025,8479496,David Rittich,2024020107,2024-10-22,LAK,VGK,1,30,24
20242025,8478905,Ivan Fedotov,2024020108,2024-10-23,PHI,WSH,1,23,19
20242025,8480313,Logan Thompson,2024020108,2024-10-23,WSH,PHI,1,29,26
20242025,8479193,Casey DeSmith,2024020109,2024-10-24,DAL,BOS,1,27,25
20242025,8480280,Jeremy Swayman,2024020109,2024-10-24,BOS,DAL,1,31,27
20242025,8476412,Jordan Binnington,2024020110,2024-10-24,STL,TOR,1,41,40
20242025,8479361,Joseph Woll,2024020110,2024-10-24,TOR,STL,1,26,22
20242025,8474593,Jacob Markstrom,2024020111,2024-10-24,NJD,DET,1,19,15
20242025,8475660,Cam Talbot,2024020111,2024-10-24,DET,NJD,1,40,37
20242025,8470594,Marc-Andre Fleury,2024020112,2024-10-24,MIN,TBL,1,26,24
20242025,8476883,Andrei Vasilevskiy,2024020112,2024-10-24,TBL,MIN,1,17,14
20242025,8475683,Sergei Bobrovsky,2024020113,2024-10-24,FLA,NYR,1,25,24
20242025,8478048,Igor Shesterkin,2024020113,2024-10-24,NYR,FLA,1,29,26
20242025,8478435,Dan Vladar,2024020114,2024-10-24,CGY,CAR,1,42,39
20242025,8481611,Pyotr Kochetkov,2024020114,2024-10-24,CAR,CGY,1,32,30
20242025,8478872,Karel Vejmelka,2024020115,2024-10-24,UTA,COL,1,26,21
20242025,8481020,Justus Annunen,2024020115,2024-10-24,COL,UTA,1,26,25
20242025,8476945,Connor Hellebuyck,2024020116,2024-10-24,WPG,SEA,1,32,29
20242025,8478916,Joey Daccord,2024020116,2024-10-24,SEA,WPG,1,36,32
20242025,8478406,Mackenzie Blackwood,2024020117,2024-10-24,SJS,LAK,1,30,27
20242025,8479496,David Rittich,2024020117,2024-10-24,LAK,SJS,1,26,24
20242025,8476999,Linus Ullmark,2024020118,2024-10-25,OTT,VGK,1,27,22
20242025,8478499,Adin Hill,2024020118,2024-10-25,VGK,OTT,1,39,35
20242025,8474596,Jake Allen,2024020119,2024-10-25,NJD,NYI,1,30,26
20242025,8478009,Ilya Sorokin,2024020119,2024-10-25,NYI,NJD,1,36,33
20242025,8475852,Petr Mrazek,2024020120,2024-10-25,CHI,NSH,1,34,31
20242025,8477424,Juuse Saros,2024020120,2024-10-25,NSH,CHI,1,29,27
20242025,8479973,Stuart Skinner,2024020121,2024-10-25,EDM,PIT,1,27,27
20242025,8482446,Joel Blomqvist,2024020121,2024-10-25,PIT,EDM,1,50,46
20242025,8479312,Alex Lyon,2024020122,2024-10-26,DET,BUF,1,38,34
20242025,8480045,Ukko-Pekka Luukkonen,2024020122,2024-10-26,BUF,DET,1,25,22
20242025,8479406,Filip Gustavsson,2024020123,2024-10-26,MIN,PHI,1,22,16
20242025,8481035,Samuel Ersson,2024020123,2024-10-26,PHI,MIN,1,26,21
20242025,8475311,Darcy Kuemper,2024020124,2024-10-26,LAK,UTA,1,26,24
20242025,8478971,Connor Ingram,2024020124,2024-10-26,UTA,LAK,1,23,20
20242025,8476932,Anthony Stolarz,2024020125,2024-10-26,TOR,BOS,1,34,30
20242025,8480280,Jeremy Swayman,2024020125,2024-10-26,BOS,TOR,1,23,20
20242025,8476412,Jordan Binnington,2024020126,2024-10-26,STL,MTL,1,25,21
20242025,8478470,Samuel Montembeault,2024020126,2024-10-26,MTL,STL,1,31,29
20242025,8476883,Andrei Vasilevskiy,2024020127,2024-10-26,TBL,WSH,1,32,32
20242025,8479292,Charlie Lindgren,2024020127,2024-10-26,WSH,TBL,1,21,18
20242025,8471734,Jonathan Quick,2024020128,2024-10-26,NYR,ANA,1,33,32
20242025,8480843,Lukas Dostal,2024020128,2024-10-26,ANA,NYR,1,32,30
20242025,8477480,Eric Comrie,2024020129,2024-10-26,WPG,CGY,1,29,26
20242025,8481692,Dustin Wolf,2024020129,2024-10-26,CGY,WPG,1,34,30
20242025,8473575,Semyon Varlamov,2024020130,2024-10-26,NYI,FLA,1,28,23
20242025,8481519,Spencer Knight,2024020130,2024-10-26,FLA,NYI,1,28,25
20242025,8475809,Scott Wedgewood,2024020131,2024-10-26,NSH,CBJ,1,28,25
20242025,8480193,Daniil Tarasov,2024020131,2024-10-26,CBJ,NSH,1,33,29
20242025,8475852,Petr Mrazek,2024020132,2024-10-26,CHI,DAL,1,29,26
20242025,8479979,Jake Oettinger,2024020132,2024-10-26,DAL,CHI,1,24,22
20242025,8477968,Alex Nedeljkovic,2024020133,2024-10-26,PIT,VAN,1,34,30
20242025,8480947,Kevin Lankinen,2024020133,2024-10-26,VAN,PIT,1,24,21
20242025,8477970,Vitek Vanecek,2024020134,2024-10-26,SJS,VGK,1,42,35
20242025,8478492,Ilya Samsonov,2024020134,2024-10-26,VGK,SJS,1,26,23
20242025,8475883,Frederik Andersen,2024020135,2024-10-26,CAR,SEA,1,19,18
20242025,8478916,Joey Daccord,2024020135,2024-10-26,SEA,CAR,1,38,35
20242025,8475660,Cam Talbot,2024020136,2024-10-27,DET,EDM,1,34,31
20242025,8475717,Calvin Pickard,2024020136,2024-10-27,EDM,DET,1,26,24
20242025,8473503,James Reimer,2024020137,2024-10-27,ANA,NJD,1,34,28
20242025,8474593,Jacob Markstrom,2024020137,2024-10-27,NJD,ANA,1,26,24
20242025,8480051,Cayden Primeau,2024020138,2024-10-27,MTL,PHI,1,26,23
20242025,8482783,Aleksei Kolosov,2024020138,2024-10-27,PHI,MTL,1,24,20
20242025,8476341,Anton Forsberg,2024020139,2024-10-27,OTT,COL,1,29,25
20242025,8476999,Linus Ullmark,2024020139,2024-10-27,OTT,COL,0,2,2
20242025,8481020,Justus Annunen,2024020139,2024-10-27,COL,OTT,1,30,26
20242025,8475683,Sergei Bobrovsky,2024020140,2024-10-28,FLA,BUF,1,28,26
20242025,8480045,Ukko-Pekka Luukkonen,2024020140,2024-10-28,BUF,FLA,1,31,26
20242025,8476883,Andrei Vasilevskiy,2024020141,2024-10-28,TBL,NSH,1,37,35
20242025,8477424,Juuse Saros,2024020141,2024-10-28,NSH,TBL,1,27,24
20242025,8478007,Elvis Merzlikins,2024020142,2024-10-28,CBJ,EDM,1,32,31
20242025,8479973,Stuart Skinner,2024020142,2024-10-28,EDM,CBJ,1,25,19
20242025,8476932,Anthony Stolarz,2024020143,2024-10-28,TOR,WPG,1,23,19
20242025,8476945,Connor Hellebuyck,2024020143,2024-10-28,WPG,TOR,1,35,30
20242025,8475852,Petr Mrazek,2024020144,2024-10-28,CHI,COL,1,26,24
20242025,8480382,Alexandar Georgiev,2024020144,2024-10-28,COL,CHI,1,24,21
20242025,8478406,Mackenzie Blackwood,2024020145,2024-10-28,SJS,UTA,1,23,19
20242025,8478971,Connor Ingram,2024020145,2024-10-28,UTA,SJS,1,46,41
20242025,8480947,Kevin Lankinen,2024020146,2024-10-28,VAN,CAR,1,32,28
20242025,8481611,Pyotr Kochetkov,2024020146,2024-10-28,CAR,VAN,1,27,24
20242025,8478435,Dan Vladar,2024020147,2024-10-28,CGY,VGK,1,38,33
20242025,8478499,Adin Hill,2024020147,2024-10-28,VGK,CGY,1,16,16
20242025,8476914,Joonas Korpisalo,2024020148,2024-10-29,BOS,PHI,1,18,17
20242025,8481035,Samuel Ersson,2024020148,2024-10-29,PHI,BOS,1,25,25
20242025,8478470,Samuel Montembeault,2024020149,2024-10-29,MTL,SEA,1,10,5
20242025,8478916,Joey Daccord,2024020149,2024-10-29,SEA,MTL,1,30,28
20242025,8480051,Cayden Primeau,2024020149,2024-10-29,MTL,SEA,0,13,10
20242025,8476412,Jordan Binnington,2024020150,2024-10-29,STL,OTT,0,14,11
20242025,8476999,Linus Ullmark,2024020150,2024-10-29,OTT,STL,1,27,26
20242025,8480981,Joel Hofer,2024020150,2024-10-29,STL,OTT,1,21,16
20242025,8478048,Igor Shesterkin,2024020151,2024-10-29,NYR,WSH,1,45,41
20242025,8480313,Logan Thompson,2024020151,2024-10-29,WSH,NYR,1,19,16
20242025,8478009,Ilya Sorokin,2024020152,2024-10-29,NYI,ANA,1,21,19
20242025,8480843,Lukas Dostal,2024020152,2024-10-29,ANA,NYI,1,41,40
20242025,8470594,Marc-Andre Fleury,2024020153,2024-10-29,MIN,PIT,1,29,26
20242025,8482446,Joel Blomqvist,2024020153,2024-10-29,PIT,MIN,1,39,35
20242025,8477970,Vitek Vanecek,2024020154,2024-10-29,SJS,LAK,1,28,26
20242025,8479496,David Rittich,2024020154,2024-10-29,LAK,SJS,1,20,17
20242025,8473575,Semyon Varlamov,2024020155,2024-10-30,NYI,CBJ,1,25,24
20242025,8478007,Elvis Merzlikins,2024020155,2024-10-30,CBJ,NYI,1,26,26
20242025,8476945,Connor Hellebuyck,2024020156,2024-10-30,WPG,DET,1,21,19
20242025,8479312,Alex Lyon,2024020156,2024-10-30,DET,WPG,1,29,23
20242025,8476883,Andrei Vasilevskiy,2024020157,2024-10-30,TBL,COL,1,35,33
20242025,8478039,Kaapo Kahkonen,2024020157,2024-10-30,COL,TBL,1,20,16
20242025,8478971,Connor Ingram,2024020158,2024-10-30,UTA,CGY,1,31,30
20242025,8481692,Dustin Wolf,2024020158,2024-10-30,CGY,UTA,1,28,23
20242025,8474593,Jacob Markstrom,2024020159,2024-10-30,NJD,VAN,1,20,20
20242025,8481668,Arturs Silovs,2024020159,2024-10-30,VAN,NJD,1,22,16
20242025,8475311,Darcy Kuemper,2024020160,2024-10-30,LAK,VGK,1,26,23
20242025,8478492,Ilya Samsonov,2024020160,2024-10-30,VGK,LAK,1,27,21
20242025,8478916,Joey Daccord,2024020161,2024-10-31,SEA,TOR,1,29,26
20242025,8479361,Joseph Woll,2024020161,2024-10-31,TOR,SEA,1,25,24
20242025,8476412,Jordan Binnington,2024020162,2024-10-31,STL,PHI,1,21,19
20242025,8481035,Samuel Ersson,2024020162,2024-10-31,PHI,STL,1,21,20
20242025,8477968,Alex Nedeljkovic,2024020163,2024-10-31,PIT,ANA,1,23,22
20242025,8480843,Lukas Dostal,2024020163,2024-10-31,ANA,PIT,1,45,43
20242025,8479292,Charlie Lindgren,2024020164,2024-10-31,WSH,MTL,1,15,12
20242025,8480051,Cayden Primeau,2024020164,2024-10-31,MTL,WSH,1,34,28
20242025,8476914,Joonas Korpisalo,2024020165,2024-10-31,BOS,CAR,0,15,13
20242025,8480280,Jeremy Swayman,2024020165,2024-10-31,BOS,CAR,1,22,16
20242025,8481611,Pyotr Kochetkov,2024020165,2024-10-31,CAR,BOS,1,15,13
20242025,8475717,Calvin Pickard,2024020166,2024-10-31,EDM,NSH,1,27,26
20242025,8477424,Juuse Saros,2024020166,2024-10-31,NSH,EDM,1,29,24
20242025,8475852,Petr Mrazek,2024020167,2024-10-31,CHI,SJS,1,29,26
20242025,8478406,Mackenzie Blackwood,2024020167,2024-10-31,SJS,CHI,1,29,27
20242025,8475683,Sergei Bobrovsky,2024020168,2024-11-01,FLA,DAL,1,36,32
20242025,8479979,Jake Oettinger,2024020168,2024-11-01,DAL,FLA,1,28,22
20242025,8478009,Ilya Sorokin,2024020169,2024-11-01,NYI,BUF,1,35,32
20242025,8482221,Devon Levi,2024020169,2024-11-01,BUF,NYI,1,36,32
20242025,8476999,Linus Ullmark,2024020170,2024-11-01,OTT,NYR,1,18,16
20242025,8478048,Igor Shesterkin,2024020170,2024-11-01,NYR,OTT,1,41,40
20242025,8477480,Eric Comrie,2024020171,2024-11-01,WPG,CBJ,1,22,20
20242025,8478007,Elvis Merzlikins,2024020171,2024-11-01,CBJ,WPG,1,44,38
20242025,8476883,Andrei Vasilevskiy,2024020172,2024-11-01,TBL,MIN,1,20,17
20242025,8479406,Filip Gustavsson,2024020172,2024-11-01,MIN,TBL,1,30,27
20242025,8474593,Jacob Markstrom,2024020173,2024-11-01,NJD,CGY,1,31,29
20242025,8478435,Dan Vladar,2024020173,2024-11-01,CGY,NJD,1,22,22
20242025,8479193,Casey DeSmith,2024020174,2024-11-02,DAL,FLA,1,24,21
20242025,8481519,Spencer Knight,2024020174,2024-11-02,FLA,DAL,1,25,23
20242025,8476914,Joonas Korpisalo,2024020175,2024-11-02,BOS,PHI,1,20,20
20242025,8481035,Samuel Ersson,2024020175,2024-11-02,PHI,BOS,1,8,8
20242025,8482783,Aleksei Kolosov,2024020175,2024-11-02,PHI,BOS,0,22,20
20242025,8475311,Darcy Kuemper,2024020176,2024-11-02,LAK,CHI,1,21,18
20242025,8475852,Petr Mrazek,2024020176,2024-11-02,CHI,LAK,1,40,37
20242025,8480193,Daniil Tarasov,2024020177,2024-11-02,CBJ,WSH,1,22,15
20242025,8480313,Logan Thompson,2024020177,2024-11-02,WSH,CBJ,1,36,34
20242025,8475831,Philipp Grubauer,2024020178,2024-11-02,SEA,OTT,1,22,20
20242025,8476341,Anton Forsberg,2024020178,2024-11-02,OTT,SEA,1,22,22
20242025,8475660,Cam Talbot,2024020179,2024-11-02,DET,BUF,1,32,31
20242025,8480045,Ukko-Pekka Luukkonen,2024020179,2024-11-02,BUF,DET,1,23,21
20242025,8477968,Alex Nedeljkovic,2024020180,2024-11-02,PIT,MTL,1,26,25
20242025,8478470,Samuel Montembeault,2024020180,2024-11-02,MTL,PIT,1,23,21
20242025,8476412,Jordan Binnington,2024020181,2024-11-02,STL,TOR,1,37,35
20242025,8479361,Joseph Woll,2024020181,2024-11-02,TOR,STL,1,23,20
20242025,8477424,Juuse Saros,2024020182,2024-11-02,NSH,COL,1,31,29
20242025,8481020,Justus Annunen,2024020182,2024-11-02,COL,NSH,1,24,21
20242025,8478499,Adin Hill,2024020183,2024-11-02,VGK,UTA,1,19,16
20242025,8478971,Connor Ingram,2024020183,2024-11-02,UTA,VGK,1,35,31
20242025,8478406,Mackenzie Blackwood,2024020184,2024-11-02,SJS,VAN,1,28,25
20242025,8480947,Kevin Lankinen,2024020184,2024-11-02,VAN,SJS,1,23,21
20242025,8478009,Ilya Sorokin,2024020185,2024-11-03,NYI,NYR,1,39,35
20242025,8478048,Igor Shesterkin,2024020185,2024-11-03,NYR,NYI,1,37,35
20242025,8476945,Connor Hellebuyck,2024020186,2024-11-03,WPG,TBL,1,30,26
20242025,8477992,Jonas Johansson,2024020186,2024-11-03,TBL,WPG,1,32,27
20242025,8478916,Joey Daccord,2024020187,2024-11-03,SEA,BOS,1,33,31
20242025,8480280,Jeremy Swayman,2024020187,2024-11-03,BOS,SEA,1,23,23
20242025,8479292,Charlie Lindgren,2024020188,2024-11-03,WSH,CAR,1,44,41
20242025,8481611,Pyotr Kochetkov,2024020188,2024-11-03,CAR,WSH,1,21,19
20242025,8476932,Anthony Stolarz,2024020189,2024-11-03,TOR,MIN,1,33,31
20242025,8479406,Filip Gustavsson,2024020189,2024-11-03,MIN,TOR,1,28,27
20242025,8478435,Dan Vladar,2024020190,2024-11-03,CGY,EDM,1,30,27
20242025,8479973,Stuart Skinner,2024020190,2024-11-03,EDM,CGY,1,31,29
20242025,8480843,Lukas Dostal,2024020191,2024-11-03,ANA,CHI,1,29,25
20242025,8482821,Arvid Soderblom,2024020191,2024-11-03,CHI,ANA,1,40,38
20242025,8475311,Darcy Kuemper,2024020192,2024-11-04,LAK,NSH,1,16,16
20242025,8477424,Juuse Saros,2024020192,2024-11-04,NSH,LAK,1,26,24
20242025,8474596,Jake Allen,2024020193,2024-11-04,NJD,EDM,1,31,31
20242025,8475717,Calvin Pickard,2024020193,2024-11-04,EDM,NJD,1,16,13
20242025,8476999,Linus Ullmark,2024020194,2024-11-05,OTT,BUF,1,34,29
20242025,8480045,Ukko-Pekka Luukkonen,2024020194,2024-11-05,BUF,OTT,1,38,37
20242025,8476932,Anthony Stolarz,2024020195,2024-11-05,TOR,BOS,1,29,29
20242025,8480280,Jeremy Swayman,2024020195,2024-11-05,BOS,TOR,1,26,23
20242025,8478470,Samuel Montembeault,2024020196,2024-11-05,MTL,CGY,1,35,32
20242025,8481692,Dustin Wolf,2024020196,2024-11-05,CGY,MTL,1,24,22
20242025,8481611,Pyotr Kochetkov,2024020197,2024-11-05,CAR,PHI,1,16,12
20242025,8482783,Aleksei Kolosov,2024020197,2024-11-05,PHI,CAR,1,34,29
20242025,8477968,Alex Nedeljkovic,2024020198,2024-11-05,PIT,NYI,1,26,23
20242025,8478009,Ilya Sorokin,2024020198,2024-11-05,NYI,PIT,1,35,32
20242025,8476412,Jordan Binnington,2024020199,2024-11-05,STL,TBL,1,23,21
20242025,8476883,Andrei Vasilevskiy,2024020199,2024-11-05,TBL,STL,1,23,20
20242025,8479406,Filip Gustavsson,2024020200,2024-11-05,MIN,LAK,1,27,23
20242025,8479496,David Rittich,2024020200,2024-11-05,LAK,MIN,1,24,23
20242025,8476945,Connor Hellebuyck,2024020201,2024-11-05,WPG,UTA,1,21,21
20242025,8478872,Karel Vejmelka,2024020201,2024-11-05,UTA,WPG,1,27,25
20242025,8475831,Philipp Grubauer,2024020202,2024-11-05,SEA,COL,1,31,26
20242025,8481020,Justus Annunen,2024020202,2024-11-05,COL,SEA,1,20,17
20242025,8480843,Lukas Dostal,2024020203,2024-11-05,ANA,VAN,1,37,32
20242025,8480947,Kevin Lankinen,2024020203,2024-11-05,VAN,ANA,1,22,21
20242025,8477970,Vitek Vanecek,2024020204,2024-11-05,SJS,CBJ,1,50,49
20242025,8478007,Elvis Merzlikins,2024020204,2024-11-05,CBJ,SJS,1,27,25
20242025,8477424,Juuse Saros,2024020205,2024-11-06,NSH,WSH,1,36,33
20242025,8480313,Logan Thompson,2024020205,2024-11-06,WSH,NSH,1,35,33
20242025,8475660,Cam Talbot,2024020206,2024-11-06,DET,CHI,1,29,28
20242025,8475852,Petr Mrazek,2024020206,2024-11-06,CHI,DET,1,24,21
20242025,8478499,Adin Hill,2024020207,2024-11-06,VGK,EDM,1,29,27
20242025,8479973,Stuart Skinner,2024020207,2024-11-06,EDM,VGK,1,34,31
20242025,8476914,Joonas Korpisalo,2024020208,2024-11-07,BOS,CGY,1,37,34
20242025,8481692,Dustin Wolf,2024020208,2024-11-07,CGY,BOS,1,38,34
20242025,8473575,Semyon Varlamov,2024020209,2024-11-07,NYI,OTT,1,30,28
20242025,8476341,Anton Forsberg,2024020209,2024-11-07,OTT,NYI,1,24,21
20242025,8476883,Andrei Vasilevskiy,2024020210,2024-11-07,TBL,PHI,1,31,30
20242025,8478905,Ivan Fedotov,2024020210,2024-11-07,PHI,TBL,1,23,22
20242025,8475683,Sergei Bobrovsky,2024020211,2024-11-07,FLA,NSH,1,18,16
20242025,8475809,Scott Wedgewood,2024020211,2024-11-07,NSH,FLA,1,34,28
20242025,8474593,Jacob Markstrom,2024020212,2024-11-07,NJD,MTL,1,24,21
20242025,8478470,Samuel Montembeault,2024020212,2024-11-07,MTL,NJD,1,26,22
20242025,8471734,Jonathan Quick,2024020213,2024-11-07,NYR,BUF,0,10,9
20242025,8478048,Igor Shesterkin,2024020213,2024-11-07,NYR,BUF,1,12,7
20242025,8480045,Ukko-Pekka Luukkonen,2024020213,2024-11-07,BUF,NYR,1,26,25
20242025,8477968,Alex Nedeljkovic,2024020214,2024-11-07,PIT,CAR,1,18,13
20242025,8481611,Pyotr Kochetkov,2024020214,2024-11-07,CAR,PIT,1,36,35
20242025,8478971,Connor Ingram,2024020215,2024-11-07,UTA,STL,1,15,13
20242025,8480981,Joel Hofer,2024020215,2024-11-07,STL,UTA,1,30,27
20242025,8479979,Jake Oettinger,2024020216,2024-11-07,DAL,CHI,1,26,25
20242025,8482821,Arvid Soderblom,2024020216,2024-11-07,CHI,DAL,1,39,37
20242025,8476945,Connor Hellebuyck,2024020217,2024-11-07,WPG,COL,1,35,35
20242025,8480382,Alexandar Georgiev,2024020217,2024-11-07,COL,WPG,1,28,27
20242025,8475311,Darcy Kuemper,2024020218,2024-11-07,LAK,VAN,1,22,20
20242025,8480947,Kevin Lankinen,2024020218,2024-11-07,VAN,LAK,1,28,26
20242025,8470594,Marc-Andre Fleury,2024020219,2024-11-07,MIN,SJS,1,26,24
20242025,8477970,Vitek Vanecek,2024020219,2024-11-07,SJS,MIN,1,30,26
20242025,8475660,Cam Talbot,2024020220,2024-11-08,DET,TOR,1,19,17
20242025,8476932,Anthony Stolarz,2024020220,2024-11-08,TOR,DET,1,22,21
20242025,8479292,Charlie Lindgren,2024020221,2024-11-08,WSH,PIT,1,31,28
20242025,8482446,Joel Blomqvist,2024020221,2024-11-08,PIT,WSH,1,34,32
20242025,8479406,Filip Gustavsson,2024020222,2024-11-08,MIN,ANA,1,35,33
20242025,8480843,Lukas Dostal,2024020222,2024-11-08,ANA,MIN,1,31,26
20242025,8478499,Adin Hill,2024020223,2024-11-08,VGK,SEA,1,32,28
20242025,8478916,Joey Daccord,2024020223,2024-11-08,SEA,VGK,1,24,21
20242025,8478435,Dan Vladar,2024020224,2024-11-09,CGY,BUF,1,19,17
20242025,8480045,Ukko-Pekka Luukkonen,2024020224,2024-11-09,BUF,CGY,1,26,24
20242025,8475683,Sergei Bobrovsky,2024020225,2024-11-09,FLA,PHI,1,37,34
20242025,8481035,Samuel Ersson,2024020225,2024-11-09,PHI,FLA,1,31,28
20242025,8476999,Linus Ullmark,2024020226,2024-11-09,OTT,BOS,1,16,14
20242025,8480280,Jeremy Swayman,2024020226,2024-11-09,BOS,OTT,1,34,31
20242025,8478470,Samuel Montembeault,2024020227,2024-11-09,MTL,TOR,1,27,23
20242025,8479361,Joseph Woll,2024020227,2024-11-09,TOR,MTL,1,21,20
20242025,8471734,Jonathan Quick,2024020228,2024-11-09,NYR,DET,1,37,37
20242025,8478024,Ville Husso,2024020228,2024-11-09,DET,NYR,1,23,20
20242025,8476412,Jordan Binnington,2024020229,2024-11-09,STL,WSH,1,27,19
20242025,8480313,Logan Thompson,2024020229,2024-11-09,WSH,STL,1,25,24
20242025,8476945,Connor Hellebuyck,2024020230,2024-11-09,WPG,DAL,1,33,32
20242025,8479193,Casey DeSmith,2024020230,2024-11-09,DAL,WPG,0,10,10
20242025,8479979,Jake Oettinger,2024020230,2024-11-09,DAL,WPG,1,15,11
20242025,8474593,Jacob Markstrom,2024020231,2024-11-09,NJD,NYI,1,22,19
20242025,8478009,Ilya Sorokin,2024020231,2024-11-09,NYI,NJD,1,33,29
20242025,8477424,Juuse Saros,2024020232,2024-11-09,NSH,UTA,1,27,27
20242025,8478971,Connor Ingram,2024020232,2024-11-09,UTA,NSH,1,20,17
20242025,8477484,Spencer Martin,2024020233,2024-11-09,CAR,COL,1,28,23
20242025,8480382,Alexandar Georgiev,2024020233,2024-11-09,COL,CAR,1,31,27
20242025,8478007,Elvis Merzlikins,2024020234,2024-11-09,CBJ,LAK,1,22,18
20242025,8479496,David Rittich,2024020234,2024-11-09,LAK,CBJ,1,26,24
20242025,8479973,Stuart Skinner,2024020235,2024-11-09,EDM,VAN,1,20,17
20242025,8480947,Kevin Lankinen,2024020235,2024-11-09,VAN,EDM,1,27,20
20242025,8481668,Arturs Silovs,2024020235,2024-11-09,VAN,EDM,0,4,4
20242025,8474596,Jake Allen,2024020236,2024-11-10,NJD,SJS,1,27,26
20242025,8478406,Mackenzie Blackwood,2024020236,2024-11-10,SJS,NJD,1,44,44
20242025,8475852,Petr Mrazek,2024020237,2024-11-10,CHI,MIN,1,33,32
20242025,8479406,Filip Gustavsson,2024020237,2024-11-10,MIN,CHI,1,22,20
20242025,8476434,John Gibson,2024020238,2024-11-10,ANA,CBJ,1,40,38
20242025,8480193,Daniil Tarasov,2024020238,2024-11-10,CBJ,ANA,1,29,26
20242025,8478470,Samuel Montembeault,2024020239,2024-11-11,MTL,BUF,0,4,4
20242025,8480045,Ukko-Pekka Luukkonen,2024020239,2024-11-11,BUF,MTL,1,18,14
20242025,8480051,Cayden Primeau,2024020239,2024-11-11,MTL,BUF,1,14,9
20242025,8482221,Devon Levi,2024020239,2024-11-11,BUF,MTL,0,4,2
20242025,8477970,Vitek Vanecek,2024020240,2024-11-11,SJS,PHI,1,43,40
20242025,8481035,Samuel Ersson,2024020240,2024-11-11,PHI,SJS,1,31,28
20242025,8477968,Alex Nedeljkovic,2024020241,2024-11-11,PIT,DAL,0,32,28
20242025,8479979,Jake Oettinger,2024020241,2024-11-11,DAL,PIT,1,21,20
20242025,8482446,Joel Blomqvist,2024020241,2024-11-11,PIT,DAL,1,8,5
20242025,8475311,Darcy Kuemper,2024020242,2024-11-11,LAK,CGY,1,27,25
20242025,8481692,Dustin Wolf,2024020242,2024-11-11,CGY,LAK,1,29,28
20242025,8477424,Juuse Saros,2024020243,2024-11-11,NSH,COL,1,32,29
20242025,8480382,Alexandar Georgiev,2024020243,2024-11-11,COL,NSH,1,30,28
20242025,8478499,Adin Hill,2024020244,2024-11-11,VGK,CAR,1,21,17
20242025,8481033,Akira Schmid,2024020244,2024-11-11,VGK,CAR,0,12,12
20242025,8481611,Pyotr Kochetkov,2024020244,2024-11-11,CAR,VGK,1,32,30
20242025,8476932,Anthony Stolarz,2024020245,2024-11-12,TOR,OTT,1,41,38
20242025,8476999,Linus Ullmark,2024020245,2024-11-12,OTT,TOR,1,27,27
20242025,8474593,Jacob Markstrom,2024020246,2024-11-12,NJD,FLA,1,35,34
20242025,8481519,Spencer Knight,2024020246,2024-11-12,FLA,NJD,1,23,20
20242025,8476945,Connor Hellebuyck,2024020247,2024-11-12,WPG,NYR,1,36,33
20242025,8478048,Igor Shesterkin,2024020247,2024-11-12,NYR,WPG,1,32,27
20242025,8476412,Jordan Binnington,2024020248,2024-11-12,STL,BOS,1,30,27
20242025,8480280,Jeremy Swayman,2024020248,2024-11-12,BOS,STL,1,22,20
20242025,8478009,Ilya Sorokin,2024020249,2024-11-12,NYI,EDM,1,42,38
20242025,8479973,Stuart Skinner,2024020249,2024-11-12,EDM,NYI,1,22,19
20242025,8478435,Dan Vladar,2024020250,2024-11-12,CGY,VAN,1,32,29
20242025,8480947,Kevin Lankinen,2024020250,2024-11-12,VAN,CGY,1,29,28
20242025,8478007,Elvis Merzlikins,2024020251,2024-11-12,CBJ,SEA,1,32,28
20242025,8478916,Joey Daccord,2024020251,2024-11-12,SEA,CBJ,1,40,38
20242025,8475660,Cam Talbot,2024020252,2024-11-13,DET,PIT,1,33,31
20242025,8477968,Alex Nedeljkovic,2024020252,2024-11-13,PIT,DET,1,31,28
20242025,8479361,Joseph Woll,2024020253,2024-11-13,TOR,WSH,1,27,24
20242025,8480313,Logan Thompson,2024020253,2024-11-13,WSH,TOR,1,34,30
20242025,8477484,Spencer Martin,2024020254,2024-11-13,CAR,UTA,0,3,2
20242025,8478872,Karel Vejmelka,2024020254,2024-11-13,UTA,CAR,1,50,49
20242025,8481611,Pyotr Kochetkov,2024020254,2024-11-13,CAR,UTA,1,18,15
20242025,8475311,Darcy Kuemper,2024020255,2024-11-13,LAK,COL,1,20,18
20242025,8479496,David Rittich,2024020255,2024-11-13,LAK,COL,0,5,4
20242025,8480382,Alexandar Georgiev,2024020255,2024-11-13,COL,LAK,1,15,13
20242025,8478499,Adin Hill,2024020256,2024-11-13,VGK,ANA,1,24,22
20242025,8480843,Lukas Dostal,2024020256,2024-11-13,ANA,VGK,1,39,36
20242025,8476412,Jordan Binnington,2024020257,2024-11-14,STL,BUF,1,33,29
20242025,8482221,Devon Levi,2024020257,2024-11-14,BUF,STL,1,27,24
20242025,8476999,Linus Ullmark,2024020258,2024-11-14,OTT,PHI,1,19,14
20242025,8478905,Ivan Fedotov,2024020258,2024-11-14,PHI,OTT,1,37,33
20242025,8476883,Andrei Vasilevskiy,2024020259,2024-11-14,TBL,WPG,1,24,23
20242025,8477480,Eric Comrie,2024020259,2024-11-14,WPG,TBL,1,28,25
20242025,8474596,Jake Allen,2024020260,2024-11-14,NJD,FLA,1,27,25
20242025,8475683,Sergei Bobrovsky,2024020260,2024-11-14,FLA,NJD,1,28,23
20242025,8478048,Igor Shesterkin,2024020261,2024-11-14,NYR,SJS,1,27,25
20242025,8478406,Mackenzie Blackwood,2024020261,2024-11-14,SJS,NYR,1,35,32
20242025,8479979,Jake Oettinger,2024020262,2024-11-14,DAL,BOS,1,25,23
20242025,8480280,Jeremy Swayman,2024020262,2024-11-14,BOS,DAL,1,38,31
20242025,8478470,Samuel Montembeault,2024020263,2024-11-14,MTL,MIN,1,27,25
20242025,8479406,Filip Gustavsson,2024020263,2024-11-14,MIN,MTL,1,19,19
20242025,8475717,Calvin Pickard,2024020264,2024-11-14,EDM,NSH,1,22,20
20242025,8475809,Scott Wedgewood,2024020264,2024-11-14,NSH,EDM,1,34,31
20242025,8473575,Semyon Varlamov,2024020265,2024-11-14,NYI,VAN,1,26,24
20242025,8480947,Kevin Lankinen,2024020265,2024-11-14,VAN,NYI,1,31,27
20242025,8475852,Petr Mrazek,2024020266,2024-11-14,CHI,SEA,1,25,23
20242025,8478916,Joey Daccord,2024020266,2024-11-14,SEA,CHI,1,19,18
20242025,8477465,Tristan Jarry,2024020267,2024-11-15,PIT,CBJ,1,38,33
20242025,8478007,Elvis Merzlikins,2024020267,2024-11-15,CBJ,PIT,1,23,21
20242025,8479292,Charlie Lindgren,2024020268,2024-11-15,WSH,COL,1,19,17
20242025,8481020,Justus Annunen,2024020268,2024-11-15,COL,WSH,1,6,3
20242025,8481529,Trent Miner,2024020268,2024-11-15,COL,WSH,0,13,12
20242025,8477424,Juuse Saros,2024020269,2024-11-15,NSH,CGY,1,32,31
20242025,8481692,Dustin Wolf,2024020269,2024-11-15,CGY,NSH,1,29,29
20242025,8478499,Adin Hill,2024020270,2024-11-15,VGK,UTA,1,32,30
20242025,8478872,Karel Vejmelka,2024020270,2024-11-15,UTA,VGK,1,28,25
20242025,8476434,John Gibson,2024020271,2024-11-15,ANA,DET,1,25,21
20242025,8479312,Alex Lyon,2024020271,2024-11-15,DET,ANA,1,28,23
20242025,8476412,Jordan Binnington,2024020272,2024-11-16,STL,BOS,1,18,16
20242025,8476914,Joonas Korpisalo,2024020272,2024-11-16,BOS,STL,1,31,28
20242025,8478009,Ilya Sorokin,2024020273,2024-11-16,NYI,SEA,1,27,24
20242025,8478916,Joey Daccord,2024020273,2024-11-16,SEA,NYI,1,24,22
20242025,8476932,Anthony Stolarz,2024020274,2024-11-16,TOR,EDM,1,30,27
20242025,8479973,Stuart Skinner,2024020274,2024-11-16,EDM,TOR,1,22,18
20242025,8478470,Samuel Montembeault,2024020275,2024-11-16,MTL,CBJ,1,26,25
20242025,8480193,Daniil Tarasov,2024020275,2024-11-16,CBJ,MTL,1,30,25
20242025,8474593,Jacob Markstrom,2024020276,2024-11-16,NJD,TBL,1,26,23
20242025,8476883,Andrei Vasilevskiy,2024020276,2024-11-16,TBL,NJD,1,29,29
20242025,8475683,Sergei Bobrovsky,2024020277,2024-11-16,FLA,WPG,1,27,27
20242025,8476945,Connor Hellebuyck,2024020277,2024-11-16,WPG,FLA,1,31,26
20242025,8478905,Ivan Fedotov,2024020278,2024-11-16,PHI,BUF,1,25,23
20242025,8482221,Devon Levi,2024020278,2024-11-16,BUF,PHI,1,31,27
20242025,8477968,Alex Nedeljkovic,2024020279,2024-11-16,PIT,SJS,1,29,26
20242025,8477970,Vitek Vanecek,2024020279,2024-11-16,SJS,PIT,1,10,8
20242025,8478406,Mackenzie Blackwood,2024020279,2024-11-16,SJS,PIT,0,26,25
20242025,8476341,Anton Forsberg,2024020280,2024-11-16,OTT,CAR,1,27,24
20242025,8477484,Spencer Martin,2024020280,2024-11-16,CAR,OTT,1,24,24
20242025,8479406,Filip Gustavsson,2024020281,2024-11-16,MIN,DAL,1,40,38
20242025,8479979,Jake Oettinger,2024020281,2024-11-16,DAL,MIN,1,23,22
20242025,8475660,Cam Talbot,2024020282,2024-11-16,DET,LAK,1,40,37
20242025,8479496,David Rittich,2024020282,2024-11-16,LAK,DET,1,18,17
20242025,8481668,Arturs Silovs,2024020283,2024-11-16,VAN,CHI,1,29,28
20242025,8482821,Arvid Soderblom,2024020283,2024-11-16,CHI,VAN,1,31,29
20242025,8480981,Joel Hofer,2024020284,2024-11-17,STL,CAR,1,24,20
20242025,8481611,Pyotr Kochetkov,2024020284,2024-11-17,CAR,STL,1,30,29
20242025,8477424,Juuse Saros,2024020285,2024-11-17,NSH,VAN,1,27,24
20242025,8480947,Kevin Lankinen,2024020285,2024-11-17,VAN,NSH,1,21,17
20242025,8478492,Ilya Samsonov,2024020286,2024-11-17,VGK,WSH,1,24,20
20242025,8480313,Logan Thompson,2024020286,2024-11-17,WSH,VGK,1,42,40
20242025,8471734,Jonathan Quick,2024020287,2024-11-17,NYR,SEA,1,24,24
20242025,8475831,Philipp Grubauer,2024020287,2024-11-17,SEA,NYR,1,23,21
20242025,8478007,Elvis Merzlikins,2024020288,2024-11-18,CBJ,BOS,1,29,28
20242025,8480280,Jeremy Swayman,2024020288,2024-11-18,BOS,CBJ,1,28,23
20242025,8481020,Justus Annunen,2024020289,2024-11-18,COL,PHI,1,26,24
20242025,8482783,Aleksei Kolosov,2024020289,2024-11-18,PHI,COL,1,29,26
20242025,8475717,Calvin Pickard,2024020290,2024-11-18,EDM,MTL,1,24,22
20242025,8478470,Samuel Montembeault,2024020290,2024-11-18,MTL,EDM,1,30,30
20242025,8479193,Casey DeSmith,2024020291,2024-11-18,DAL,ANA,1,27,23
20242025,8480843,Lukas Dostal,2024020291,2024-11-18,ANA,DAL,1,36,34
20242025,8478872,Karel Vejmelka,2024020292,2024-11-18,UTA,WSH,0,11,9
20242025,8478971,Connor Ingram,2024020292,2024-11-18,UTA,WSH,1,13,9
20242025,8479292,Charlie Lindgren,2024020292,2024-11-18,WSH,UTA,1,26,24
20242025,8475660,Cam Talbot,2024020293,2024-11-18,DET,SJS,1,34,29
20242025,8478406,Mackenzie Blackwood,2024020293,2024-11-18,SJS,DET,1,20,17
20242025,8476999,Linus Ullmark,2024020294,2024-11-19,OTT,EDM,1,31,26
20242025,8479973,Stuart Skinner,2024020294,2024-11-19,EDM,OTT,1,29,27
20242025,8476883,Andrei Vasilevskiy,2024020295,2024-11-19,TBL,PIT,1,19,17
20242025,8477465,Tristan Jarry,2024020295,2024-11-19,PIT,TBL,1,35,32
20242025,8476412,Jordan Binnington,2024020296,2024-11-19,STL,MIN,1,27,24
20242025,8479406,Filip Gustavsson,2024020296,2024-11-19,MIN,STL,1,24,22
20242025,8475683,Sergei Bobrovsky,2024020297,2024-11-19,FLA,WPG,1,25,21
20242025,8476945,Connor Hellebuyck,2024020297,2024-11-19,WPG,FLA,1,23,20
20242025,8476434,John Gibson,2024020298,2024-11-19,ANA,CHI,1,20,18
20242025,8482821,Arvid Soderblom,2024020298,2024-11-19,CHI,ANA,1,24,21
20242025,8473575,Semyon Varlamov,2024020299,2024-11-19,NYI,CGY,1,31,30
20242025,8481692,Dustin Wolf,2024020299,2024-11-19,CGY,NYI,1,29,28
20242025,8478048,Igor Shesterkin,2024020300,2024-11-19,NYR,VAN,1,24,21
20242025,8481668,Arturs Silovs,2024020300,2024-11-19,VAN,NYR,1,33,29
20242025,8478499,Adin Hill,2024020301,2024-11-20,VGK,TOR,1,25,23
20242025,8479361,Joseph Woll,2024020301,2024-11-20,TOR,VGK,1,31,31
20242025,8478905,Ivan Fedotov,2024020302,2024-11-20,PHI,CAR,1,37,33
20242025,8481611,Pyotr Kochetkov,2024020302,2024-11-20,CAR,PHI,1,19,18
20242025,8478406,Mackenzie Blackwood,2024020303,2024-11-20,SJS,DAL,1,29,26
20242025,8479979,Jake Oettinger,2024020303,2024-11-20,DAL,SJS,1,23,21
20242025,8477424,Juuse Saros,2024020304,2024-11-20,NSH,SEA,1,36,34
20242025,8478916,Joey Daccord,2024020304,2024-11-20,SEA,NSH,1,24,24
20242025,8479496,David Rittich,2024020305,2024-11-20,LAK,BUF,1,19,18
20242025,8480045,Ukko-Pekka Luukkonen,2024020305,2024-11-20,BUF,LAK,1,23,23
20242025,8476914,Joonas Korpisalo,2024020306,2024-11-21,BOS,UTA,1,22,22
20242025,8478872,Karel Vejmelka,2024020306,2024-11-21,UTA,BOS,1,31,30
20242025,8476999,Linus Ullmark,2024020307,2024-11-21,OTT,VGK,1,32,29
20242025,8478492,Ilya Samsonov,2024020307,2024-11-21,VGK,OTT,1,40,38
20242025,8478009,Ilya Sorokin,2024020308,2024-11-21,NYI,DET,1,31,29
20242025,8479312,Alex Lyon,2024020308,2024-11-21,DET,NYI,1,23,22
20242025,8474593,Jacob Markstrom,2024020309,2024-11-21,NJD,CAR,1,22,20
20242025,8477484,Spencer Martin,2024020309,2024-11-21,CAR,NJD,1,21,17
20242025,8480313,Logan Thompson,2024020310,2024-11-21,WSH,COL,1,27,25
20242025,8480382,Alexandar Georgiev,2024020310,2024-11-21,COL,WSH,1,29,28
20242025,8477992,Jonas Johansson,2024020311,2024-11-21,TBL,CBJ,1,43,36
20242025,8478007,Elvis Merzlikins,2024020311,2024-11-21,CBJ,TBL,1,30,24
20242025,8476412,Jordan Binnington,2024020312,2024-11-21,STL,SJS,1,24,22
20242025,8482137,Yaroslav Askarov,2024020312,2024-11-21,SJS,STL,1,31,29
20242025,8475852,Petr Mrazek,2024020313,2024-11-21,CHI,FLA,1,33,32
20242025,8481519,Spencer Knight,2024020313,2024-11-21,FLA,CHI,1,19,17
20242025,8478048,Igor Shesterkin,2024020314,2024-11-21,NYR,CGY,1,49,46
20242025,8481692,Dustin Wolf,2024020314,2024-11-21,CGY,NYR,1,29,27
20242025,8470594,Marc-Andre Fleury,2024020315,2024-11-21,MIN,EDM,1,31,28
20242025,8479973,Stuart Skinner,2024020315,2024-11-21,EDM,MIN,1,26,21
20242025,8476945,Connor Hellebuyck,2024020316,2024-11-22,WPG,PIT,1,18,17
20242025,8477465,Tristan Jarry,2024020316,2024-11-22,PIT,WPG,1,29,26
20242025,8476434,John Gibson,2024020317,2024-11-22,ANA,BUF,1,32,30
20242025,8480045,Ukko-Pekka Luukkonen,2024020317,2024-11-22,BUF,ANA,1,24,22
20242025,8475852,Petr Mrazek,2024020318,2024-11-23,CHI,PHI,1,37,34
20242025,8482783,Aleksei Kolosov,2024020318,2024-11-23,PHI,CHI,1,21,19
20242025,8478435,Dan Vladar,2024020319,2024-11-23,CGY,MIN,1,23,20
20242025,8479406,Filip Gustavsson,2024020319,2024-11-23,MIN,CGY,1,31,28
20242025,8478916,Joey Daccord,2024020320,2024-11-23,SEA,LAK,1,21,19
20242025,8479496,David Rittich,2024020320,2024-11-23,LAK,SEA,1,20,19
20242025,8475683,Sergei Bobrovsky,2024020321,2024-11-23,FLA,COL,1,24,18
20242025,8480382,Alexandar Georgiev,2024020321,2024-11-23,COL,FLA,1,31,27
20242025,8478470,Samuel Montembeault,2024020322,2024-11-23,MTL,VGK,1,25,20
20242025,8478499,Adin Hill,2024020322,2024-11-23,VGK,MTL,1,17,15
20242025,8480051,Cayden Primeau,2024020322,2024-11-23,MTL,VGK,0,3,2
20242025,8476999,Linus Ullmark,2024020323,2024-11-23,OTT,VAN,1,21,17
20242025,8480947,Kevin Lankinen,2024020323,2024-11-23,VAN,OTT,1,29,26
20242025,8475660,Cam Talbot,2024020324,2024-11-23,DET,BOS,1,29,27
20242025,8480280,Jeremy Swayman,2024020324,2024-11-23,BOS,DET,1,20,19
20242025,8476883,Andrei Vasilevskiy,2024020325,2024-11-23,TBL,DAL,1,28,24
20242025,8479979,Jake Oettinger,2024020325,2024-11-23,DAL,TBL,1,29,27
20242025,8477968,Alex Nedeljkovic,2024020326,2024-11-23,PIT,UTA,1,30,24
20242025,8478872,Karel Vejmelka,2024020326,2024-11-23,UTA,PIT,1,28,27
20242025,8474596,Jake Allen,2024020327,2024-11-23,NJD,WSH,1,25,24
20242025,8479292,Charlie Lindgren,2024020327,2024-11-23,WSH,NJD,1,33,30
20242025,8477484,Spencer Martin,2024020328,2024-11-23,CAR,CBJ,0,1,1
20242025,8478007,Elvis Merzlikins,2024020328,2024-11-23,CBJ,CAR,1,36,32
20242025,8481611,Pyotr Kochetkov,2024020328,2024-11-23,CAR,CBJ,1,31,27
20242025,8477424,Juuse Saros,2024020329,2024-11-23,NSH,WPG,1,24,23
20242025,8477480,Eric Comrie,2024020329,2024-11-23,WPG,NSH,1,35,32
20242025,8476412,Jordan Binnington,2024020330,2024-11-23,STL,NYI,1,30,28
20242025,8478009,Ilya Sorokin,2024020330,2024-11-23,NYI,STL,1,25,24
20242025,8473503,James Reimer,2024020331,2024-11-23,BUF,SJS,1,33,31
20242025,8478406,Mackenzie Blackwood,2024020331,2024-11-23,SJS,BUF,1,30,27
20242025,8471734,Jonathan Quick,2024020332,2024-11-23,NYR,EDM,1,40,34
20242025,8479973,Stuart Skinner,2024020332,2024-11-23,EDM,NYR,1,34,32
20242025,8478872,Karel Vejmelka,2024020333,2024-11-24,UTA,TOR,1,35,32
20242025,8479361,Joseph Woll,2024020333,2024-11-24,TOR,UTA,1,26,24
20242025,8476883,Andrei Vasilevskiy,2024020334,2024-11-25,TBL,COL,1,25,23
20242025,8480382,Alexandar Georgiev,2024020334,2024-11-25,COL,TBL,0,17,14
20242025,8481020,Justus Annunen,2024020334,2024-11-25,COL,TBL,1,16,11
20242025,8480313,Logan Thompson,2024020335,2024-11-25,WSH,FLA,1,21,20
20242025,8481519,Spencer Knight,2024020335,2024-11-25,FLA,WSH,1,29,27
20242025,8474593,Jacob Markstrom,2024020336,2024-11-25,NJD,NSH,1,22,20
20242025,8475809,Scott Wedgewood,2024020336,2024-11-25,NSH,NJD,0,15,15
20242025,8477424,Juuse Saros,2024020336,2024-11-25,NSH,NJD,1,30,26
20242025,8478048,Igor Shesterkin,2024020337,2024-11-25,NYR,STL,1,43,39
20242025,8480981,Joel Hofer,2024020337,2024-11-25,STL,NYR,1,29,27
20242025,8478492,Ilya Samsonov,2024020338,2024-11-25,VGK,PHI,1,36,32
20242025,8478905,Ivan Fedotov,2024020338,2024-11-25,PHI,VGK,1,30,26
20242025,8477484,Spencer Martin,2024020339,2024-11-25,CAR,DAL,1,19,15
20242025,8479979,Jake Oettinger,2024020339,2024-11-25,DAL,CAR,1,33,28
20242025,8476341,Anton Forsberg,2024020340,2024-11-25,OTT,CGY,1,27,24
20242025,8481692,Dustin Wolf,2024020340,2024-11-25,CGY,OTT,1,30,26
20242025,8473575,Semyon Varlamov,2024020341,2024-11-25,NYI,DET,1,20,17
20242025,8479312,Alex Lyon,2024020341,2024-11-25,DET,NYI,1,29,27
20242025,8476945,Connor Hellebuyck,2024020342,2024-11-25,WPG,MIN,1,44,43
20242025,8479406,Filip Gustavsson,2024020342,2024-11-25,MIN,WPG,1,31,28
20242025,8478916,Joey Daccord,2024020343,2024-11-25,SEA,ANA,1,23,21
20242025,8480843,Lukas Dostal,2024020343,2024-11-25,ANA,SEA,1,28,25
20242025,8479496,David Rittich,2024020344,2024-11-25,LAK,SJS,1,21,14
20242025,8482137,Yaroslav Askarov,2024020344,2024-11-25,SJS,LAK,1,24,22
20242025,8480280,Jeremy Swayman,2024020345,2024-11-26,BOS,VAN,1,14,13
20242025,8480947,Kevin Lankinen,2024020345,2024-11-26,VAN,BOS,1,33,33
20242025,8478470,Samuel Montembeault,2024020346,2024-11-26,MTL,UTA,1,29,26
20242025,8478872,Karel Vejmelka,2024020346,2024-11-26,UTA,MTL,1,13,11
20242025,8479406,Filip Gustavsson,2024020347,2024-11-27,MIN,BUF,1,39,39
20242025,8480045,Ukko-Pekka Luukkonen,2024020347,2024-11-27,BUF,MIN,1,30,29
20242025,8474593,Jacob Markstrom,2024020348,2024-11-27,NJD,STL,1,20,17
20242025,8476412,Jordan Binnington,2024020348,2024-11-27,STL,NJD,1,32,32
20242025,8477484,Spencer Martin,2024020349,2024-11-27,CAR,NYR,1,22,19
20242025,8478048,Igor Shesterkin,2024020349,2024-11-27,NYR,CAR,1,31,27
20242025,8475660,Cam Talbot,2024020350,2024-11-27,DET,CGY,1,25,24
20242025,8478435,Dan Vladar,2024020350,2024-11-27,CGY,DET,1,27,25
20242025,8476883,Andrei Vasilevskiy,2024020351,2024-11-27,TBL,WSH,1,32,27
20242025,8479292,Charlie Lindgren,2024020351,2024-11-27,WSH,TBL,1,28,25
20242025,8475683,Sergei Bobrovsky,2024020352,2024-11-27,FLA,TOR,1,24,23
20242025,8476932,Anthony Stolarz,2024020352,2024-11-27,TOR,FLA,1,23,19
20242025,8476914,Joonas Korpisalo,2024020353,2024-11-27,BOS,NYI,1,24,21
20242025,8478009,Ilya Sorokin,2024020353,2024-11-27,NYI,BOS,1,20,15
20242025,8477465,Tristan Jarry,2024020354,2024-11-27,PIT,VAN,1,29,25
20242025,8481668,Arturs Silovs,2024020354,2024-11-27,VAN,PIT,1,23,18
20242025,8478007,Elvis Merzlikins,2024020355,2024-11-27,CBJ,MTL,1,23,19
20242025,8480051,Cayden Primeau,2024020355,2024-11-27,MTL,CBJ,1,24,21
20242025,8477424,Juuse Saros,2024020356,2024-11-27,NSH,PHI,1,23,20
20242025,8482783,Aleksei Kolosov,2024020356,2024-11-27,PHI,NSH,1,27,25
20242025,8475852,Petr Mrazek,2024020357,2024-11-27,CHI,DAL,1,27,25
20242025,8479193,Casey DeSmith,2024020357,2024-11-27,DAL,CHI,1,26,20
20242025,8478499,Adin Hill,2024020358,2024-11-27,VGK,COL,1,34,33
20242025,8480382,Alexandar Georgiev,2024020358,2024-11-27,COL,VGK,1,19,18
20242025,8476945,Connor Hellebuyck,2024020359,2024-11-27,WPG,LAK,1,32,29
20242025,8479496,David Rittich,2024020359,2024-11-27,LAK,WPG,1,14,13
20242025,8476434,John Gibson,2024020360,2024-11-27,ANA,SEA,1,44,42
20242025,8478916,Joey Daccord,2024020360,2024-11-27,SEA,ANA,1,33,28
20242025,8476999,Linus Ullmark,2024020361,2024-11-27,OTT,SJS,1,39,36
20242025,8478406,Mackenzie Blackwood,2024020361,2024-11-27,SJS,OTT,1,11,7
20242025,8478048,Igor Shesterkin,2024020362,2024-11-29,NYR,PHI,1,34,32
20242025,8478905,Ivan Fedotov,2024020362,2024-11-29,PHI,NYR,1,23,22
20242025,8470594,Marc-Andre Fleury,2024020363,2024-11-29,MIN,CHI,1,23,21
20242025,8475852,Petr Mrazek,2024020363,2024-11-29,CHI,MIN,1,29,26
20242025,8480045,Ukko-Pekka Luukkonen,2024020364,2024-11-29,BUF,VAN,1,22,18
20242025,8480947,Kevin Lankinen,2024020364,2024-11-29,VAN,BUF,1,34,31
20242025,8474593,Jacob Markstrom,2024020365,2024-11-29,NJD,DET,1,28,24
20242025,8475660,Cam Talbot,2024020365,2024-11-29,DET,NJD,1,29,24
20242025,8473575,Semyon Varlamov,2024020366,2024-11-29,NYI,WSH,1,26,21
20242025,8480313,Logan Thompson,2024020366,2024-11-29,WSH,NYI,1,24,20
20242025,8475683,Sergei Bobrovsky,2024020367,2024-11-29,FLA,CAR,1,31,28
20242025,8477484,Spencer Martin,2024020367,2024-11-29,CAR,FLA,1,29,24
20242025,8478007,Elvis Merzlikins,2024020368,2024-11-29,CBJ,CGY,1,29,27
20242025,8481692,Dustin Wolf,2024020368,2024-11-29,CGY,CBJ,1,33,29
20242025,8477424,Juuse Saros,2024020369,2024-11-29,NSH,TBL,1,28,25
20242025,8477992,Jonas Johansson,2024020369,2024-11-29,TBL,NSH,1,31,29
20242025,8476434,John Gibson,2024020370,2024-11-29,ANA,LAK,1,18,16
20242025,8479496,David Rittich,2024020370,2024-11-29,LAK,ANA,0,2,2
20242025,8481707,Erik Portillo,2024020370,2024-11-29,LAK,ANA,1,29,28
20242025,8475831,Philipp Grubauer,2024020371,2024-11-29,SEA,SJS,1,26,19
20242025,8477970,Vitek Vanecek,2024020371,2024-11-29,SJS,SEA,1,31,26
20242025,8477465,Tristan Jarry,2024020372,2024-11-29,PIT,BOS,1,31,30
20242025,8480280,Jeremy Swayman,2024020372,2024-11-29,BOS,PIT,1,36,34
20242025,8479979,Jake Oettinger,2024020373,2024-11-29,DAL,COL,1,32,29
20242025,8480382,Alexandar Georgiev,2024020373,2024-11-29,COL,DAL,1,23,19
20242025,8477480,Eric Comrie,2024020374,2024-11-29,WPG,VGK,1,30,26
20242025,8478499,Adin Hill,2024020374,2024-11-29,VGK,WPG,1,25,22
20242025,8475717,Calvin Pickard,2024020375,2024-11-29,EDM,UTA,1,31,28
20242025,8478872,Karel Vejmelka,2024020375,2024-11-29,UTA,EDM,1,32,28
20242025,8471734,Jonathan Quick,2024020376,2024-11-30,NYR,MTL,1,28,25
20242025,8478470,Samuel Montembeault,2024020376,2024-11-30,MTL,NYR,1,28,24
20242025,8477484,Spencer Martin,2024020377,2024-11-30,CAR,FLA,1,28,23
20242025,8481519,Spencer Knight,2024020377,2024-11-30,FLA,CAR,1,20,20
20242025,8484293,Yaniv Perets,2024020377,2024-11-30,CAR,FLA,0,7,6
20242025,8476883,Andrei Vasilevskiy,2024020378,2024-11-30,TBL,TOR,1,28,24
20242025,8479361,Joseph Woll,2024020378,2024-11-30,TOR,TBL,1,41,38
20242025,8474596,Jake Allen,2024020379,2024-11-30,NJD,WSH,1,32,26
20242025,8479292,Charlie Lindgren,2024020379,2024-11-30,WSH,NJD,1,27,22
20242025,8477968,Alex Nedeljkovic,2024020380,2024-11-30,PIT,CGY,1,32,30
20242025,8478435,Dan Vladar,2024020380,2024-11-30,CGY,PIT,1,43,37
20242025,8476412,Jordan Binnington,2024020381,2024-11-30,STL,PHI,1,31,28
20242025,8482783,Aleksei Kolosov,2024020381,2024-11-30,PHI,STL,1,27,25
20242025,8476341,Anton Forsberg,2024020382,2024-11-30,OTT,LAK,1,26,22
20242025,8479496,David Rittich,2024020382,2024-11-30,LAK,OTT,1,22,20
20242025,8473503,James Reimer,2024020383,2024-11-30,BUF,NYI,1,19,17
20242025,8478009,Ilya Sorokin,2024020383,2024-11-30,NYI,BUF,1,29,29
20242025,8477424,Juuse Saros,2024020384,2024-11-30,NSH,MIN,1,28,25
20242025,8479406,Filip Gustavsson,2024020384,2024-11-30,MIN,NSH,1,27,25
20242025,8479973,Stuart Skinner,2024020385,2024-11-30,EDM,COL,1,28,27
20242025,8480382,Alexandar Georgiev,2024020385,2024-11-30,COL,EDM,1,31,28
20242025,8478492,Ilya Samsonov,2024020386,2024-11-30,VGK,UTA,1,28,22
20242025,8483530,Jaxson Stauber,2024020386,2024-11-30,UTA,VGK,1,29,29
20242025,8478406,Mackenzie Blackwood,2024020387,2024-11-30,SJS,SEA,1,38,36
20242025,8478916,Joey Daccord,2024020387,2024-11-30,SEA,SJS,1,23,19
20242025,8475660,Cam Talbot,2024020388,2024-12-01,DET,VAN,1,14,12
20242025,8478024,Ville Husso,2024020388,2024-12-01,DET,VAN,0,18,15
20242025,8480947,Kevin Lankinen,2024020388,2024-12-01,VAN,DET,1,31,27
20242025,8480051,Cayden Primeau,2024020389,2024-12-01,MTL,BOS,1,29,24
20242025,8480280,Jeremy Swayman,2024020389,2024-12-01,BOS,MTL,1,28,25
20242025,8475852,Petr Mrazek,2024020390,2024-12-01,CHI,CBJ,1,35,30
20242025,8478007,Elvis Merzlikins,2024020390,2024-12-01,CBJ,CHI,1,31,28
20242025,8476945,Connor Hellebuyck,2024020391,2024-12-01,WPG,DAL,1,30,28
20242025,8479979,Jake Oettinger,2024020391,2024-12-01,DAL,WPG,1,27,26
20242025,8476999,Linus Ullmark,2024020392,2024-12-01,OTT,ANA,1,34,31
20242025,8480843,Lukas Dostal,2024020392,2024-12-01,ANA,OTT,1,31,28
20242025,8474593,Jacob Markstrom,2024020393,2024-12-02,NJD,NYR,1,39,38
20242025,8478048,Igor Shesterkin,2024020393,2024-12-02,NYR,NJD,1,28,23
20242025,8476932,Anthony Stolarz,2024020394,2024-12-02,TOR,CHI,1,28,27
20242025,8482821,Arvid Soderblom,2024020394,2024-12-02,CHI,TOR,1,21,18
20242025,8478872,Karel Vejmelka,2024020395,2024-12-02,UTA,DAL,1,21,19
20242025,8479193,Casey DeSmith,2024020395,2024-12-02,DAL,UTA,1,37,36
20242025,8476914,Joonas Korpisalo,2024020396,2024-12-03,BOS,DET,1,25,23
20242025,8478024,Ville Husso,2024020396,2024-12-03,DET,BOS,1,35,32
20242025,8475809,Scott Wedgewood,2024020397,2024-12-03,COL,BUF,0,22,22
20242025,8480045,Ukko-Pekka Luukkonen,2024020397,2024-12-03,BUF,COL,1,41,36
20242025,8480382,Alexandar Georgiev,2024020397,2024-12-03,COL,BUF,1,8,4
20242025,8478009,Ilya Sorokin,2024020398,2024-12-03,NYI,MTL,1,27,25
20242025,8478470,Samuel Montembeault,2024020398,2024-12-03,MTL,NYI,1,31,30
20242025,8477465,Tristan Jarry,2024020399,2024-12-03,PIT,FLA,1,41,37
20242025,8481519,Spencer Knight,2024020399,2024-12-03,FLA,PIT,1,16,11
20242025,8478406,Mackenzie Blackwood,2024020400,2024-12-03,SJS,WSH,1,28,27
20242025,8480313,Logan Thompson,2024020400,2024-12-03,WSH,SJS,1,31,29
20242025,8478916,Joey Daccord,2024020401,2024-12-03,SEA,CAR,1,19,17
20242025,8481611,Pyotr Kochetkov,2024020401,2024-12-03,CAR,SEA,1,28,24
20242025,8479406,Filip Gustavsson,2024020402,2024-12-03,MIN,VAN,1,32,30
20242025,8480947,Kevin Lankinen,2024020402,2024-12-03,VAN,MIN,1,29,26
20242025,8476945,Connor Hellebuyck,2024020403,2024-12-03,WPG,STL,1,31,28
20242025,8480981,Joel Hofer,2024020403,2024-12-03,STL,WPG,1,23,22
20242025,8478007,Elvis Merzlikins,2024020404,2024-12-03,CBJ,CGY,1,21,19
20242025,8478435,Dan Vladar,2024020404,2024-12-03,CGY,CBJ,1,16,16
20242025,8478499,Adin Hill,2024020405,2024-12-03,VGK,EDM,1,28,28
20242025,8479973,Stuart Skinner,2024020405,2024-12-03,EDM,VGK,1,16,15
20242025,8477424,Juuse Saros,2024020406,2024-12-04,NSH,TOR,1,28,25
20242025,8479361,Joseph Woll,2024020406,2024-12-04,TOR,NSH,1,24,22
20242025,8475852,Petr Mrazek,2024020407,2024-12-04,CHI,BOS,1,27,23
20242025,8480280,Jeremy Swayman,2024020407,2024-12-04,BOS,CHI,1,22,20
20242025,8476434,John Gibson,2024020408,2024-12-04,ANA,VGK,1,32,29
20242025,8478492,Ilya Samsonov,2024020408,2024-12-04,VGK,ANA,1,20,19
20242025,8479496,David Rittich,2024020409,2024-12-04,LAK,DAL,1,28,26
20242025,8479979,Jake Oettinger,2024020409,2024-12-04,DAL,LAK,1,17,14
20242025,8476945,Connor Hellebuyck,2024020410,2024-12-05,WPG,BUF,1,30,28
20242025,8480045,Ukko-Pekka Luukkonen,2024020410,2024-12-05,BUF,WPG,1,31,28
20242025,8478470,Samuel Montembeault,2024020411,2024-12-05,MTL,NSH,1,29,29
20242025,8481020,Justus Annunen,2024020411,2024-12-05,NSH,MTL,1,29,27
20242025,8476999,Linus Ullmark,2024020412,2024-12-05,OTT,DET,1,20,19
20242025,8478024,Ville Husso,2024020412,2024-12-05,DET,OTT,1,32,30
20242025,8476883,Andrei Vasilevskiy,2024020413,2024-12-05,TBL,SJS,1,21,20
20242025,8477970,Vitek Vanecek,2024020413,2024-12-05,SJS,TBL,1,12,7
20242025,8478406,Mackenzie Blackwood,2024020413,2024-12-05,SJS,TBL,0,23,20
20242025,8478905,Ivan Fedotov,2024020414,2024-12-05,PHI,FLA,1,7,5
20242025,8481519,Spencer Knight,2024020414,2024-12-05,FLA,PHI,1,34,29
20242025,8482783,Aleksei Kolosov,2024020414,2024-12-05,PHI,FLA,0,20,16
20242025,8475809,Scott Wedgewood,2024020415,2024-12-05,COL,CAR,1,34,30
20242025,8481611,Pyotr Kochetkov,2024020415,2024-12-05,CAR,COL,1,19,16
20242025,8477405,Marcus Hogberg,2024020416,2024-12-05,NYI,SEA,0,11,11
20242025,8478009,Ilya Sorokin,2024020416,2024-12-05,NYI,SEA,1,13,9
20242025,8478916,Joey Daccord,2024020416,2024-12-05,SEA,NYI,1,29,27
20242025,8476412,Jordan Binnington,2024020417,2024-12-05,STL,CGY,1,39,36
20242025,8478435,Dan Vladar,2024020417,2024-12-05,CGY,STL,1,24,20
20242025,8475717,Calvin Pickard,2024020418,2024-12-05,EDM,CBJ,1,22,19
20242025,8480193,Daniil Tarasov,2024020418,2024-12-05,CBJ,EDM,1,36,30
20242025,8476932,Anthony Stolarz,2024020419,2024-12-06,TOR,WSH,1,25,23
20242025,8479292,Charlie Lindgren,2024020419,2024-12-06,WSH,TOR,1,21,20
20242025,8474593,Jacob Markstrom,2024020420,2024-12-06,NJD,SEA,1,19,17
20242025,8475831,Philipp Grubauer,2024020420,2024-12-06,SEA,NJD,1,36,33
20242025,8477968,Alex Nedeljkovic,2024020421,2024-12-06,PIT,NYR,1,32,28
20242025,8478048,Igor Shesterkin,2024020421,2024-12-06,NYR,PIT,1,22,20
20242025,8478007,Elvis Merzlikins,2024020422,2024-12-06,CBJ,VAN,1,16,12
20242025,8480947,Kevin Lankinen,2024020422,2024-12-06,VAN,CBJ,1,32,30
20242025,8478499,Adin Hill,2024020423,2024-12-06,VGK,DAL,1,40,38
20242025,8479979,Jake Oettinger,2024020423,2024-12-06,DAL,VGK,1,28,25
20242025,8476434,John Gibson,2024020424,2024-12-06,ANA,MIN,1,32,28
20242025,8479406,Filip Gustavsson,2024020424,2024-12-06,MIN,ANA,1,27,26
20242025,8480280,Jeremy Swayman,2024020425,2024-12-07,BOS,PHI,1,26,23
20242025,8482783,Aleksei Kolosov,2024020425,2024-12-07,PHI,BOS,1,31,27
20242025,8478872,Karel Vejmelka,2024020426,2024-12-07,UTA,BUF,1,25,23
20242025,8480045,Ukko-Pekka Luukkonen,2024020426,2024-12-07,BUF,UTA,1,28,23
20242025,8475852,Petr Mrazek,2024020427,2024-12-07,CHI,WPG,1,4,4
20242025,8476945,Connor Hellebuyck,2024020427,2024-12-07,WPG,CHI,1,14,12
20242025,8482821,Arvid Soderblom,2024020427,2024-12-07,CHI,WPG,0,24,21
20242025,8478009,Ilya Sorokin,2024020428,2024-12-07,NYI,CAR,1,31,28
20242025,8481611,Pyotr Kochetkov,2024020428,2024-12-07,CAR,NYI,1,25,21
20242025,8475683,Sergei Bobrovsky,2024020429,2024-12-07,FLA,SJS,1,29,28
20242025,8478406,Mackenzie Blackwood,2024020429,2024-12-07,SJS,FLA,1,54,51
20242025,8478470,Samuel Montembeault,2024020430,2024-12-07,MTL,WSH,1,35,31
20242025,8480313,Logan Thompson,2024020430,2024-12-07,WSH,MTL,1,24,22
20242025,8476999,Linus Ullmark,2024020431,2024-12-07,OTT,NSH,1,37,36
20242025,8477424,Juuse Saros,2024020431,2024-12-07,NSH,OTT,1,30,27
20242025,8478024,Ville Husso,2024020432,2024-12-07,DET,COL,1,25,23
20242025,8480382,Alexandar Georgiev,2024020432,2024-12-07,COL,DET,1,30,29
20242025,8477465,Tristan Jarry,2024020433,2024-12-07,PIT,TOR,1,27,25
20242025,8479361,Joseph Woll,2024020433,2024-12-07,TOR,PIT,1,27,24
20242025,8470594,Marc-Andre Fleury,2024020434,2024-12-07,MIN,LAK,1,32,30
20242025,8475311,Darcy Kuemper,2024020434,2024-12-07,LAK,MIN,1,23,22
20242025,8476412,Jordan Binnington,2024020435,2024-12-07,STL,EDM,1,21,17
20242025,8479973,Stuart Skinner,2024020435,2024-12-07,EDM,STL,1,31,29
20242025,8471734,Jonathan Quick,2024020436,2024-12-08,NYR,SEA,1,21,15
20242025,8475831,Philipp Grubauer,2024020436,2024-12-08,SEA,NYR,1,37,32
20242025,8476883,Andrei Vasilevskiy,2024020437,2024-12-08,TBL,VAN,1,25,23
20242025,8480947,Kevin Lankinen,2024020437,2024-12-08,VAN,TBL,1,32,29
20242025,8476341,Anton Forsberg,2024020438,2024-12-08,OTT,NYI,1,12,9
20242025,8478009,Ilya Sorokin,2024020438,2024-12-08,NYI,OTT,1,31,29
20242025,8477480,Eric Comrie,2024020439,2024-12-08,WPG,CBJ,1,27,24
20242025,8478007,Elvis Merzlikins,2024020439,2024-12-08,CBJ,WPG,1,25,24
20242025,8474596,Jake Allen,2024020440,2024-12-08,NJD,COL,1,23,20
20242025,8475809,Scott Wedgewood,2024020440,2024-12-08,COL,NJD,1,25,25
20242025,8481035,Samuel Ersson,2024020441,2024-12-08,PHI,UTA,1,25,21
20242025,8483530,Jaxson Stauber,2024020441,2024-12-08,UTA,PHI,1,24,22
20242025,8479979,Jake Oettinger,2024020442,2024-12-08,DAL,CGY,1,31,29
20242025,8481692,Dustin Wolf,2024020442,2024-12-08,CGY,DAL,1,28,22
20242025,8473503,James Reimer,2024020443,2024-12-09,BUF,DET,1,31,26
20242025,8478024,Ville Husso,2024020443,2024-12-09,DET,BUF,1,7,4
20242025,8482657,Sebastian Cossa,2024020443,2024-12-09,DET,BUF,0,14,12
20242025,8478048,Igor Shesterkin,2024020444,2024-12-09,NYR,CHI,1,32,30
20242025,8482821,Arvid Soderblom,2024020444,2024-12-09,CHI,NYR,1,30,29
20242025,8478470,Samuel Montembeault,2024020445,2024-12-09,MTL,ANA,1,29,27
20242025,8480843,Lukas Dostal,2024020445,2024-12-09,ANA,MTL,1,21,19
20242025,8474593,Jacob Markstrom,2024020446,2024-12-10,NJD,TOR,1,17,15
20242025,8476932,Anthony Stolarz,2024020446,2024-12-10,TOR,NJD,1,39,38
20242025,8475809,Scott Wedgewood,2024020447,2024-12-10,COL,PIT,1,27,25
20242025,8477465,Tristan Jarry,2024020447,2024-12-10,PIT,COL,1,26,21
20242025,8477970,Vitek Vanecek,2024020448,2024-12-10,SJS,CAR,1,28,25
20242025,8481611,Pyotr Kochetkov,2024020448,2024-12-10,CAR,SJS,1,23,21
20242025,8478007,Elvis Merzlikins,2024020449,2024-12-10,CBJ,PHI,1,25,20
20242025,8481035,Samuel Ersson,2024020449,2024-12-10,PHI,CBJ,1,18,15
20242025,8475311,Darcy Kuemper,2024020450,2024-12-10,LAK,NYI,1,20,19
20242025,8478009,Ilya Sorokin,2024020450,2024-12-10,NYI,LAK,1,29,27
20242025,8477424,Juuse Saros,2024020451,2024-12-10,NSH,CGY,1,28,24
20242025,8478435,Dan Vladar,2024020451,2024-12-10,CGY,NSH,1,20,17
20242025,8476945,Connor Hellebuyck,2024020452,2024-12-10,WPG,BOS,1,24,23
20242025,8480280,Jeremy Swayman,2024020452,2024-12-10,BOS,WPG,1,35,27
20242025,8476883,Andrei Vasilevskiy,2024020453,2024-12-10,TBL,EDM,1,25,24
20242025,8479973,Stuart Skinner,2024020453,2024-12-10,EDM,TBL,1,22,21
20242025,8478872,Karel Vejmelka,2024020454,2024-12-10,UTA,MIN,1,38,34
20242025,8479406,Filip Gustavsson,2024020454,2024-12-10,MIN,UTA,1,25,21
20242025,8477967,Thatcher Demko,2024020455,2024-12-10,VAN,STL,1,25,21
20242025,8480981,Joel Hofer,2024020455,2024-12-10,STL,VAN,1,25,22
20242025,8475683,Sergei Bobrovsky,2024020456,2024-12-10,FLA,SEA,1,18,17
20242025,8478916,Joey Daccord,2024020456,2024-12-10,SEA,FLA,1,33,32
20242025,8478048,Igor Shesterkin,2024020457,2024-12-11,NYR,BUF,1,31,29
20242025,8480045,Ukko-Pekka Luukkonen,2024020457,2024-12-11,BUF,NYR,1,27,25
20242025,8476434,John Gibson,2024020458,2024-12-11,ANA,OTT,1,34,29
20242025,8476999,Linus Ullmark,2024020458,2024-12-11,OTT,ANA,1,32,31
20242025,8476932,Anthony Stolarz,2024020459,2024-12-12,TOR,ANA,1,8,7
20242025,8479361,Joseph Woll,2024020459,2024-12-12,TOR,ANA,0,20,19
20242025,8480843,Lukas Dostal,2024020459,2024-12-12,ANA,TOR,1,33,30
20242025,8477465,Tristan Jarry,2024020460,2024-12-12,PIT,MTL,1,23,21
20242025,8478470,Samuel Montembeault,2024020460,2024-12-12,MTL,PIT,1,26,20
20242025,8480051,Cayden Primeau,2024020460,2024-12-12,MTL,PIT,0,7,4
20242025,8474593,Jacob Markstrom,2024020461,2024-12-12,NJD,LAK,1,14,13
20242025,8479496,David Rittich,2024020461,2024-12-12,LAK,NJD,1,26,23
20242025,8475660,Cam Talbot,2024020462,2024-12-12,DET,PHI,1,34,32
20242025,8482783,Aleksei Kolosov,2024020462,2024-12-12,PHI,DET,1,26,25
20242025,8479292,Charlie Lindgren,2024020463,2024-12-12,WSH,CBJ,1,33,32
20242025,8482982,Jet Greaves,2024020463,2024-12-12,CBJ,WSH,1,37,35
20242025,8478009,Ilya Sorokin,2024020464,2024-12-12,NYI,CHI,1,30,26
20242025,8482123,Drew Commesso,2024020464,2024-12-12,CHI,NYI,0,2,2
20242025,8482821,Arvid Soderblom,2024020464,2024-12-12,CHI,NYI,1,19,14
20242025,8476412,Jordan Binnington,2024020465,2024-12-12,STL,SJS,1,31,27
20242025,8480382,Alexandar Georgiev,2024020465,2024-12-12,SJS,STL,1,20,17
20242025,8479979,Jake Oettinger,2024020466,2024-12-12,DAL,NSH,1,25,22
20242025,8481020,Justus Annunen,2024020466,2024-12-12,NSH,DAL,1,36,35
20242025,8470594,Marc-Andre Fleury,2024020467,2024-12-12,MIN,EDM,0,9,7
20242025,8475717,Calvin Pickard,2024020467,2024-12-12,EDM,MIN,1,30,29
20242025,8479406,Filip Gustavsson,2024020467,2024-12-12,MIN,EDM,1,26,21
20242025,8476945,Connor Hellebuyck,2024020468,2024-12-12,WPG,VGK,1,36,33
20242025,8478499,Adin Hill,2024020468,2024-12-12,VGK,WPG,1,20,18
20242025,8475809,Scott Wedgewood,2024020469,2024-12-12,COL,UTA,1,22,19
20242025,8478872,Karel Vejmelka,2024020469,2024-12-12,UTA,COL,1,24,23
20242025,8476883,Andrei Vasilevskiy,2024020470,2024-12-12,TBL,CGY,1,22,19
20242025,8478435,Dan Vladar,2024020470,2024-12-12,CGY,TBL,1,26,18
20242025,8475683,Sergei Bobrovsky,2024020471,2024-12-12,FLA,VAN,1,19,15
20242025,8480947,Kevin Lankinen,2024020471,2024-12-12,VAN,FLA,1,27,27
20242025,8475831,Philipp Grubauer,2024020472,2024-12-12,SEA,BOS,1,34,33
20242025,8476914,Joonas Korpisalo,2024020472,2024-12-12,BOS,SEA,1,20,16
20242025,8476999,Linus Ullmark,2024020473,2024-12-13,OTT,CAR,1,32,32
20242025,8481611,Pyotr Kochetkov,2024020473,2024-12-13,CAR,OTT,1,21,19
20242025,8474593,Jacob Markstrom,2024020474,2024-12-14,NJD,CHI,1,17,16
20242025,8482123,Drew Commesso,2024020474,2024-12-14,CHI,NJD,1,24,20
20242025,8471734,Jonathan Quick,2024020475,2024-12-14,NYR,LAK,0,11,11
20242025,8475311,Darcy Kuemper,2024020475,2024-12-14,LAK,NYR,1,32,31
20242025,8478048,Igor Shesterkin,2024020475,2024-12-14,NYR,LAK,1,21,16
20242025,8470594,Marc-Andre Fleury,2024020476,2024-12-14,MIN,PHI,1,22,21
20242025,8481035,Samuel Ersson,2024020476,2024-12-14,PHI,MIN,1,21,18
20242025,8478499,Adin Hill,2024020477,2024-12-14,VGK,EDM,1,34,28
20242025,8479973,Stuart Skinner,2024020477,2024-12-14,EDM,VGK,1,42,39
20242025,8476999,Linus Ullmark,2024020478,2024-12-14,OTT,PIT,1,27,25
20242025,8477465,Tristan Jarry,2024020478,2024-12-14,PIT,OTT,1,31,28
20242025,8478024,Ville Husso,2024020479,2024-12-14,DET,TOR,1,25,23
20242025,8479361,Joseph Woll,2024020479,2024-12-14,TOR,DET,1,25,22
20242025,8480045,Ukko-Pekka Luukkonen,2024020480,2024-12-14,BUF,WSH,1,30,27
20242025,8480313,Logan Thompson,2024020480,2024-12-14,WSH,BUF,1,21,19
20242025,8476434,John Gibson,2024020481,2024-12-14,ANA,CBJ,1,42,39
20242025,8482982,Jet Greaves,2024020481,2024-12-14,CBJ,ANA,1,27,23
20242025,8476945,Connor Hellebuyck,2024020482,2024-12-14,WPG,MTL,1,28,26
20242025,8478470,Samuel Montembeault,2024020482,2024-12-14,MTL,WPG,1,26,23
20242025,8476412,Jordan Binnington,2024020483,2024-12-14,STL,DAL,1,37,35
20242025,8479979,Jake Oettinger,2024020483,2024-12-14,DAL,STL,1,16,15
20242025,8477424,Juuse Saros,2024020484,2024-12-14,NSH,COL,1,31,28
20242025,8478406,Mackenzie Blackwood,2024020484,2024-12-14,COL,NSH,1,39,37
20242025,8481519,Spencer Knight,2024020485,2024-12-14,FLA,CGY,1,27,24
20242025,8481692,Dustin Wolf,2024020485,2024-12-14,CGY,FLA,1,32,32
20242025,8477967,Thatcher Demko,2024020486,2024-12-14,VAN,BOS,1,28,23
20242025,8480280,Jeremy Swayman,2024020486,2024-12-14,BOS,VAN,1,20,19
20242025,8477970,Vitek Vanecek,2024020487,2024-12-14,SJS,UTA,1,40,36
20242025,8478872,Karel Vejmelka,2024020487,2024-12-14,UTA,SJS,1,22,19
20242025,8475831,Philipp Grubauer,2024020488,2024-12-14,SEA,TBL,1,30,26
20242025,8477992,Jonas Johansson,2024020488,2024-12-14,TBL,SEA,1,22,21
20242025,8478009,Ilya Sorokin,2024020489,2024-12-15,NYI,CHI,1,22,18
20242025,8482821,Arvid Soderblom,2024020489,2024-12-15,CHI,NYI,1,33,30
20242025,8482221,Devon Levi,2024020490,2024-12-15,BUF,TOR,1,40,36
20242025,8483710,Dennis Hildeby,2024020490,2024-12-15,TOR,BUF,1,27,24
20242025,8474682,Dustin Tokarski,2024020491,2024-12-15,CAR,CBJ,1,28,27
20242025,8478007,Elvis Merzlikins,2024020491,2024-12-15,CBJ,CAR,1,28,24
20242025,8471734,Jonathan Quick,2024020492,2024-12-15,NYR,STL,1,24,21
20242025,8480981,Joel Hofer,2024020492,2024-12-15,STL,NYR,1,28,26
20242025,8478492,Ilya Samsonov,2024020493,2024-12-15,VGK,MIN,1,22,20
20242025,8482661,Jesper Wallstedt,2024020493,2024-12-15,MIN,VGK,1,27,24
20242025,8479292,Charlie Lindgren,2024020494,2024-12-16,WSH,DAL,1,24,21
20242025,8479979,Jake Oettinger,2024020494,2024-12-16,DAL,WSH,1,26,25
20242025,8475683,Sergei Bobrovsky,2024020495,2024-12-16,FLA,EDM,1,30,25
20242025,8479973,Stuart Skinner,2024020495,2024-12-16,EDM,FLA,1,28,22
20242025,8477967,Thatcher Demko,2024020496,2024-12-16,VAN,COL,1,31,30
20242025,8478406,Mackenzie Blackwood,2024020496,2024-12-16,COL,VAN,1,24,22
20242025,8473503,James Reimer,2024020497,2024-12-17,BUF,MTL,0,6,6
20242025,8478470,Samuel Montembeault,2024020497,2024-12-17,MTL,BUF,1,21,20
20242025,8480045,Ukko-Pekka Luukkonen,2024020497,2024-12-17,BUF,MTL,1,21,15
20242025,8476883,Andrei Vasilevskiy,2024020498,2024-12-17,TBL,CBJ,1,32,29
20242025,8482982,Jet Greaves,2024020498,2024-12-17,CBJ,TBL,1,32,28
20242025,8475311,Darcy Kuemper,2024020499,2024-12-17,LAK,PIT,1,31,28
20242025,8477968,Alex Nedeljkovic,2024020499,2024-12-17,PIT,LAK,1,31,29
20242025,8477405,Marcus Hogberg,2024020500,2024-12-17,NYI,CAR,0,6,6
20242025,8478009,Ilya Sorokin,2024020500,2024-12-17,NYI,CAR,1,23,19
20242025,8481611,Pyotr Kochetkov,2024020500,2024-12-17,CAR,NYI,1,32,32
20242025,8474593,Jacob Markstrom,2024020501,2024-12-17,NJD,STL,1,20,19
20242025,8476412,Jordan Binnington,2024020501,2024-12-17,STL,NJD,1,27,24
20242025,8477424,Juuse Saros,2024020502,2024-12-17,NSH,NYR,1,25,25
20242025,8478048,Igor Shesterkin,2024020502,2024-12-17,NYR,NSH,1,32,30
20242025,8480313,Logan Thompson,2024020503,2024-12-17,WSH,CHI,1,23,20
20242025,8482821,Arvid Soderblom,2024020503,2024-12-17,CHI,WSH,1,22,20
20242025,8480280,Jeremy Swayman,2024020504,2024-12-17,BOS,CGY,1,23,20
20242025,8481692,Dustin Wolf,2024020504,2024-12-17,CGY,BOS,1,35,31
20242025,8476999,Linus Ullmark,2024020505,2024-12-17,OTT,SEA,1,30,30
20242025,8478916,Joey Daccord,2024020505,2024-12-17,SEA,OTT,1,27,24
20242025,8476945,Connor Hellebuyck,2024020506,2024-12-17,WPG,SJS,1,35,32
20242025,8480382,Alexandar Georgiev,2024020506,2024-12-17,SJS,WPG,1,33,29
20242025,8479312,Alex Lyon,2024020507,2024-12-18,DET,PHI,1,19,15
20242025,8481035,Samuel Ersson,2024020507,2024-12-18,PHI,DET,1,23,18
20242025,8479193,Casey DeSmith,2024020508,2024-12-18,DAL,TOR,0,6,6
20242025,8479361,Joseph Woll,2024020508,2024-12-18,TOR,DAL,1,39,36
20242025,8479979,Jake Oettinger,2024020508,2024-12-18,DAL,TOR,1,12,8
20242025,8470594,Marc-Andre Fleury,2024020509,2024-12-18,MIN,FLA,1,33,27
20242025,8475683,Sergei Bobrovsky,2024020509,2024-12-18,FLA,MIN,1,27,26
20242025,8477967,Thatcher Demko,2024020510,2024-12-18,VAN,UTA,1,31,28
20242025,8478872,Karel Vejmelka,2024020510,2024-12-18,UTA,VAN,1,26,24
20242025,8477480,Eric Comrie,2024020511,2024-12-18,WPG,ANA,1,31,28
20242025,8480843,Lukas Dostal,2024020511,2024-12-18,ANA,WPG,1,23,21
20242025,8476412,Jordan Binnington,2024020512,2024-12-19,STL,TBL,1,11,8
20242025,8476883,Andrei Vasilevskiy,2024020512,2024-12-19,TBL,STL,1,32,31
20242025,8480981,Joel Hofer,2024020512,2024-12-19,STL,TBL,0,7,7
20242025,8475311,Darcy Kuemper,2024020513,2024-12-19,LAK,PHI,1,26,23
20242025,8482783,Aleksei Kolosov,2024020513,2024-12-19,PHI,LAK,1,26,20
20242025,8474596,Jake Allen,2024020514,2024-12-19,NJD,CBJ,1,19,16
20242025,8478007,Elvis Merzlikins,2024020514,2024-12-19,CBJ,NJD,1,42,40
20242025,8477424,Juuse Saros,2024020515,2024-12-19,NSH,PIT,1,20,15
20242025,8477465,Tristan Jarry,2024020515,2024-12-19,PIT,NSH,1,26,22
20242025,8478916,Joey Daccord,2024020516,2024-12-19,SEA,CHI,1,24,21
20242025,8482821,Arvid Soderblom,2024020516,2024-12-19,CHI,SEA,1,27,26
20242025,8476999,Linus Ullmark,2024020517,2024-12-19,OTT,CGY,1,32,30
20242025,8478435,Dan Vladar,2024020517,2024-12-19,CGY,OTT,1,29,26
20242025,8479973,Stuart Skinner,2024020518,2024-12-19,EDM,BOS,1,26,24
20242025,8480280,Jeremy Swayman,2024020518,2024-12-19,BOS,EDM,1,26,23
20242025,8478499,Adin Hill,2024020519,2024-12-19,VGK,VAN,1,20,19
20242025,8480947,Kevin Lankinen,2024020519,2024-12-19,VAN,VGK,1,20,18
20242025,8478406,Mackenzie Blackwood,2024020520,2024-12-19,COL,SJS,1,34,32
20242025,8480382,Alexandar Georgiev,2024020520,2024-12-19,SJS,COL,1,31,27
20242025,8473503,James Reimer,2024020521,2024-12-20,BUF,TOR,0,15,14
20242025,8476899,Matt Murray,2024020521,2024-12-20,TOR,BUF,1,27,24
20242025,8480045,Ukko-Pekka Luukkonen,2024020521,2024-12-20,BUF,TOR,1,13,9
20242025,8475660,Cam Talbot,2024020522,2024-12-20,DET,MTL,1,33,29
20242025,8478470,Samuel Montembeault,2024020522,2024-12-20,MTL,DET,1,28,25
20242025,8475683,Sergei Bobrovsky,2024020523,2024-12-20,FLA,STL,1,27,26
20242025,8480981,Joel Hofer,2024020523,2024-12-20,STL,FLA,1,27,25
20242025,8479292,Charlie Lindgren,2024020524,2024-12-20,WSH,CAR,1,25,24
20242025,8481611,Pyotr Kochetkov,2024020524,2024-12-20,CAR,WSH,1,22,19
20242025,8478048,Igor Shesterkin,2024020525,2024-12-20,NYR,DAL,1,42,41
20242025,8479979,Jake Oettinger,2024020525,2024-12-20,DAL,NYR,1,29,27
20242025,8470594,Marc-Andre Fleury,2024020526,2024-12-20,MIN,UTA,1,18,16
20242025,8478872,Karel Vejmelka,2024020526,2024-12-20,UTA,MIN,1,29,28
20242025,8475809,Scott Wedgewood,2024020527,2024-12-20,COL,ANA,1,32,30
20242025,8476434,John Gibson,2024020527,2024-12-20,ANA,COL,1,22,19
20242025,8475311,Darcy Kuemper,2024020528,2024-12-21,LAK,NSH,1,26,23
20242025,8481020,Justus Annunen,2024020528,2024-12-21,NSH,LAK,1,24,22
20242025,8475852,Petr Mrazek,2024020529,2024-12-21,CHI,CGY,1,29,24
20242025,8481692,Dustin Wolf,2024020529,2024-12-21,CGY,CHI,1,28,24
20242025,8475717,Calvin Pickard,2024020530,2024-12-21,EDM,SJS,1,22,20
20242025,8482137,Yaroslav Askarov,2024020530,2024-12-21,SJS,EDM,1,42,39
20242025,8473503,James Reimer,2024020531,2024-12-21,BUF,BOS,1,18,16
20242025,8476914,Joonas Korpisalo,2024020531,2024-12-21,BOS,BUF,1,20,19
20242025,8478009,Ilya Sorokin,2024020532,2024-12-21,NYI,TOR,1,29,26
20242025,8479361,Joseph Woll,2024020532,2024-12-21,TOR,NYI,1,33,28
20242025,8478470,Samuel Montembeault,2024020533,2024-12-21,MTL,DET,1,21,20
20242025,8479312,Alex Lyon,2024020533,2024-12-21,DET,MTL,1,24,19
20242025,8474593,Jacob Markstrom,2024020534,2024-12-21,NJD,PIT,1,12,12
20242025,8477465,Tristan Jarry,2024020534,2024-12-21,PIT,NJD,1,26,24
20242025,8478007,Elvis Merzlikins,2024020535,2024-12-21,CBJ,PHI,1,30,25
20242025,8481035,Samuel Ersson,2024020535,2024-12-21,PHI,CBJ,1,25,21
20242025,8476945,Connor Hellebuyck,2024020536,2024-12-21,WPG,MIN,1,19,19
20242025,8482661,Jesper Wallstedt,2024020536,2024-12-21,MIN,WPG,1,24,19
20242025,8480947,Kevin Lankinen,2024020537,2024-12-21,VAN,OTT,1,22,17
20242025,8482447,Leevi Merilainen,2024020537,2024-12-21,OTT,VAN,1,25,21
20242025,8475831,Philipp Grubauer,2024020538,2024-12-21,SEA,VGK,1,33,28
20242025,8478492,Ilya Samsonov,2024020538,2024-12-21,VGK,SEA,1,23,21
20242025,8478048,Igor Shesterkin,2024020539,2024-12-22,NYR,CAR,1,32,30
20242025,8481611,Pyotr Kochetkov,2024020539,2024-12-22,CAR,NYR,1,23,22
20242025,8476883,Andrei Vasilevskiy,2024020540,2024-12-22,TBL,FLA,1,25,22
20242025,8481519,Spencer Knight,2024020540,2024-12-22,FLA,TBL,1,21,19
20242025,8479496,David Rittich,2024020541,2024-12-22,LAK,WSH,1,20,18
20242025,8480313,Logan Thompson,2024020541,2024-12-22,WSH,LAK,1,26,25
20242025,8480843,Lukas Dostal,2024020542,2024-12-22,ANA,UTA,1,25,21
20242025,8483530,Jaxson Stauber,2024020542,2024-12-22,UTA,ANA,1,30,26
20242025,8478406,Mackenzie Blackwood,2024020543,2024-12-22,COL,SEA,1,19,17
20242025,8478916,Joey Daccord,2024020543,2024-12-22,SEA,COL,1,27,24
20242025,8476999,Linus Ullmark,2024020544,2024-12-22,OTT,EDM,1,7,6
20242025,8479973,Stuart Skinner,2024020544,2024-12-22,EDM,OTT,1,21,20
20242025,8482447,Leevi Merilainen,2024020544,2024-12-22,OTT,EDM,0,14,12
20242025,8471734,Jonathan Quick,2024020545,2024-12-23,NYR,NJD,1,30,25
20242025,8474593,Jacob Markstrom,2024020545,2024-12-23,NJD,NYR,1,12,12
20242025,8476945,Connor Hellebuyck,2024020546,2024-12-23,WPG,TOR,1,25,23
20242025,8479361,Joseph Woll,2024020546,2024-12-23,TOR,WPG,1,26,22
20242025,8479292,Charlie Lindgren,2024020547,2024-12-23,WSH,BOS,1,21,18
20242025,8480280,Jeremy Swayman,2024020547,2024-12-23,BOS,WSH,1,11,10
20242025,8475660,Cam Talbot,2024020548,2024-12-23,DET,STL,1,20,17
20242025,8476412,Jordan Binnington,2024020548,2024-12-23,STL,DET,1,19,19
20242025,8475683,Sergei Bobrovsky,2024020549,2024-12-23,FLA,TBL,1,28,25
20242025,8477992,Jonas Johansson,2024020549,2024-12-23,TBL,FLA,1,36,36
20242025,8477465,Tristan Jarry,2024020550,2024-12-23,PIT,PHI,1,27,24
20242025,8481035,Samuel Ersson,2024020550,2024-12-23,PHI,PIT,1,14,9
20242025,8482783,Aleksei Kolosov,2024020550,2024-12-23,PHI,PIT,0,7,6
20242025,8478470,Samuel Montembeault,2024020551,2024-12-23,MTL,CBJ,1,32,27
20242025,8482982,Jet Greaves,2024020551,2024-12-23,CBJ,MTL,1,31,27
20242025,8478009,Ilya Sorokin,2024020552,2024-12-23,NYI,BUF,1,24,18
20242025,8480045,Ukko-Pekka Luukkonen,2024020552,2024-12-23,BUF,NYI,1,28,27
20242025,8474682,Dustin Tokarski,2024020553,2024-12-23,CAR,NSH,1,24,20
20242025,8477424,Juuse Saros,2024020553,2024-12-23,NSH,CAR,1,27,25
20242025,8479406,Filip Gustavsson,2024020554,2024-12-23,MIN,CHI,1,31,28
20242025,8482821,Arvid Soderblom,2024020554,2024-12-23,CHI,MIN,1,26,23
20242025,8477967,Thatcher Demko,2024020555,2024-12-23,VAN,SJS,1,29,26
20242025,8482137,Yaroslav Askarov,2024020555,2024-12-23,SJS,VAN,1,24,20
20242025,8478872,Karel Vejmelka,2024020556,2024-12-23,UTA,DAL,1,29,26
20242025,8479193,Casey DeSmith,2024020556,2024-12-23,DAL,UTA,1,26,24
20242025,8476434,John Gibson,2024020557,2024-12-23,ANA,VGK,1,11,11
20242025,8478499,Adin Hill,2024020557,2024-12-23,VGK,ANA,1,32,31
20242025,8480843,Lukas Dostal,2024020557,2024-12-23,ANA,VGK,0,22,19
20242025,8475852,Petr Mrazek,2024020558,2024-12-27,CHI,BUF,1,11,7
20242025,8480045,Ukko-Pekka Luukkonen,2024020558,2024-12-27,BUF,CHI,1,17,15
20242025,8482821,Arvid Soderblom,2024020558,2024-12-27,CHI,BUF,0,24,22
20242025,8475660,Cam Talbot,2024020559,2024-12-27,DET,TOR,1,21,16
20242025,8479312,Alex Lyon,2024020559,2024-12-27,DET,TOR,0,2,2
20242025,8479361,Joseph Woll,2024020559,2024-12-27,TOR,DET,1,25,23
20242025,8474593,Jacob Markstrom,2024020560,2024-12-27,NJD,CAR,1,31,29
20242025,8481611,Pyotr Kochetkov,2024020560,2024-12-27,CAR,NJD,1,23,19
20242025,8476914,Joonas Korpisalo,2024020561,2024-12-27,BOS,CBJ,1,33,27
20242025,8478007,Elvis Merzlikins,2024020561,2024-12-27,CBJ,BOS,1,26,24
20242025,8477424,Juuse Saros,2024020562,2024-12-27,NSH,STL,1,16,11
20242025,8480981,Joel Hofer,2024020562,2024-12-27,STL,NSH,1,30,26
20242025,8481020,Justus Annunen,2024020562,2024-12-27,NSH,STL,0,13,12
20242025,8479406,Filip Gustavsson,2024020563,2024-12-27,MIN,DAL,1,29,27
20242025,8479979,Jake Oettinger,2024020563,2024-12-27,DAL,MIN,1,18,15
20242025,8478406,Mackenzie Blackwood,2024020564,2024-12-27,COL,UTA,1,35,34
20242025,8478872,Karel Vejmelka,2024020564,2024-12-27,UTA,COL,1,35,33
20242025,8478499,Adin Hill,2024020565,2024-12-27,VGK,SJS,1,25,22
20242025,8480382,Alexandar Georgiev,2024020565,2024-12-27,SJS,VGK,1,35,30
20242025,8481519,Spencer Knight,2024020566,2024-12-28,FLA,MTL,1,25,21
20242025,8482487,Jakub Dobes,2024020566,2024-12-28,MTL,FLA,1,34,34
20242025,8475831,Philipp Grubauer,2024020567,2024-12-28,SEA,VAN,1,22,18
20242025,8477967,Thatcher Demko,2024020567,2024-12-28,VAN,SEA,1,29,24
20242025,8480843,Lukas Dostal,2024020568,2024-12-28,ANA,PHI,1,24,22
20242025,8481035,Samuel Ersson,2024020568,2024-12-28,PHI,ANA,1,33,32
20242025,8475311,Darcy Kuemper,2024020569,2024-12-28,LAK,EDM,1,27,24
20242025,8479973,Stuart Skinner,2024020569,2024-12-28,EDM,LAK,1,29,25
20242025,8480193,Daniil Tarasov,2024020570,2024-12-28,CBJ,BOS,1,28,24
20242025,8480280,Jeremy Swayman,2024020570,2024-12-28,BOS,CBJ,1,18,18
20242025,8476899,Matt Murray,2024020571,2024-12-28,TOR,WSH,1,31,27
20242025,8480313,Logan Thompson,2024020571,2024-12-28,WSH,TOR,1,37,35
20242025,8471734,Jonathan Quick,2024020572,2024-12-28,NYR,TBL,0,12,11
20242025,8476883,Andrei Vasilevskiy,2024020572,2024-12-28,TBL,NYR,1,44,42
20242025,8478048,Igor Shesterkin,2024020572,2024-12-28,NYR,TBL,1,13,8
20242025,8474596,Jake Allen,2024020573,2024-12-28,NJD,CAR,1,40,36
20242025,8474682,Dustin Tokarski,2024020573,2024-12-28,CAR,NJD,1,23,21
20242025,8476945,Connor Hellebuyck,2024020574,2024-12-28,WPG,OTT,1,35,33
20242025,8481544,Mads Sogaard,2024020574,2024-12-28,OTT,WPG,1,23,19
20242025,8477465,Tristan Jarry,2024020575,2024-12-28,PIT,NYI,1,33,29
20242025,8478009,Ilya Sorokin,2024020575,2024-12-28,NYI,PIT,1,25,22
20242025,8481692,Dustin Wolf,2024020576,2024-12-28,CGY,SJS,1,22,21
20242025,8482137,Yaroslav Askarov,2024020576,2024-12-28,SJS,CGY,1,32,30
20242025,8479979,Jake Oettinger,2024020577,2024-12-29,DAL,CHI,1,25,24
20242025,8482821,Arvid Soderblom,2024020577,2024-12-29,CHI,DAL,1,35,30
20242025,8475717,Calvin Pickard,2024020578,2024-12-29,EDM,ANA,1,31,27
20242025,8480843,Lukas Dostal,2024020578,2024-12-29,ANA,EDM,1,23,20
20242025,8479292,Charlie Lindgren,2024020579,2024-12-29,WSH,DET,1,27,23
20242025,8479312,Alex Lyon,2024020579,2024-12-29,DET,WSH,1,27,25
20242025,8477992,Jonas Johansson,2024020580,2024-12-29,TBL,MTL,1,36,32
20242025,8478470,Samuel Montembeault,2024020580,2024-12-29,MTL,TBL,1,23,21
20242025,8477405,Marcus Hogberg,2024020581,2024-12-29,NYI,PIT,1,41,38
20242025,8477968,Alex Nedeljkovic,2024020581,2024-12-29,PIT,NYI,1,31,29
20242025,8476412,Jordan Binnington,2024020582,2024-12-29,STL,BUF,1,16,12
20242025,8480045,Ukko-Pekka Luukkonen,2024020582,2024-12-29,BUF,STL,1,37,35
20242025,8479406,Filip Gustavsson,2024020583,2024-12-29,MIN,OTT,1,36,34
20242025,8482447,Leevi Merilainen,2024020583,2024-12-29,OTT,MIN,1,31,30
20242025,8478435,Dan Vladar,2024020584,2024-12-29,CGY,VGK,1,36,34
20242025,8478492,Ilya Samsonov,2024020584,2024-12-29,VGK,CGY,1,31,31
20242025,8479496,David Rittich,2024020585,2024-12-29,LAK,PHI,1,21,17
20242025,8482783,Aleksei Kolosov,2024020585,2024-12-29,PHI,LAK,1,20,15
20242025,8475683,Sergei Bobrovsky,2024020586,2024-12-30,FLA,NYR,1,35,32
20242025,8478048,Igor Shesterkin,2024020586,2024-12-30,NYR,FLA,1,25,21
20242025,8476945,Connor Hellebuyck,2024020587,2024-12-30,WPG,NSH,1,22,22
20242025,8477424,Juuse Saros,2024020587,2024-12-30,NSH,WPG,1,28,25
20242025,8475831,Philipp Grubauer,2024020588,2024-12-30,SEA,UTA,1,30,28
20242025,8478872,Karel Vejmelka,2024020588,2024-12-30,UTA,SEA,1,32,28
20242025,8480280,Jeremy Swayman,2024020589,2024-12-31,BOS,WSH,1,26,24
20242025,8480313,Logan Thompson,2024020589,2024-12-31,WSH,BOS,1,27,26
20242025,8478009,Ilya Sorokin,2024020590,2024-12-31,NYI,TOR,1,24,22
20242025,8479361,Joseph Woll,2024020590,2024-12-31,TOR,NYI,1,31,30
20242025,8478470,Samuel Montembeault,2024020591,2024-12-31,MTL,VGK,1,29,27
20242025,8478499,Adin Hill,2024020591,2024-12-31,VGK,MTL,1,22,19
20242025,8475852,Petr Mrazek,2024020592,2024-12-31,CHI,STL,1,28,22
20242025,8476412,Jordan Binnington,2024020592,2024-12-31,STL,CHI,1,30,28
20242025,8477968,Alex Nedeljkovic,2024020593,2024-12-31,PIT,DET,1,24,21
20242025,8479312,Alex Lyon,2024020593,2024-12-31,DET,PIT,1,25,23
20242025,8478007,Elvis Merzlikins,2024020594,2024-12-31,CBJ,CAR,1,35,32
20242025,8481611,Pyotr Kochetkov,2024020594,2024-12-31,CAR,CBJ,1,28,25
20242025,8479193,Casey DeSmith,2024020595,2024-12-31,DAL,BUF,1,23,21
20242025,8480045,Ukko-Pekka Luukkonen,2024020595,2024-12-31,BUF,DAL,1,32,29
20242025,8479406,Filip Gustavsson,2024020596,2024-12-31,MIN,NSH,1,46,43
20242025,8481020,Justus Annunen,2024020596,2024-12-31,NSH,MIN,1,38,33
20242025,8477480,Eric Comrie,2024020597,2024-12-31,WPG,COL,1,36,33
20242025,8478406,Mackenzie Blackwood,2024020597,2024-12-31,COL,WPG,1,22,20
20242025,8474593,Jacob Markstrom,2024020598,2024-12-31,NJD,ANA,1,26,23
20242025,8480843,Lukas Dostal,2024020598,2024-12-31,ANA,NJD,1,34,32
20242025,8480382,Alexandar Georgiev,2024020599,2024-12-31,SJS,PHI,1,34,30
20242025,8481035,Samuel Ersson,2024020599,2024-12-31,PHI,SJS,1,15,15
20242025,8482783,Aleksei Kolosov,2024020599,2024-12-31,PHI,SJS,0,7,7
20242025,8480947,Kevin Lankinen,2024020600,2024-12-31,VAN,CGY,1,28,26
20242025,8481692,Dustin Wolf,2024020600,2024-12-31,CGY,VAN,1,24,23
20242025,8479973,Stuart Skinner,2024020601,2024-12-31,EDM,UTA,1,27,26
20242025,8483530,Jaxson Stauber,2024020601,2024-12-31,UTA,EDM,1,37,34
20242025,8474596,Jake Allen,2024020602,2025-01-01,NJD,LAK,1,23,21
20242025,8475311,Darcy Kuemper,2024020602,2025-01-01,LAK,NJD,1,33,33
20242025,8475683,Sergei Bobrovsky,2024020603,2025-01-02,FLA,CAR,1,39,37
20242025,8481611,Pyotr Kochetkov,2024020603,2025-01-02,CAR,FLA,1,26,25
20242025,8471734,Jonathan Quick,2024020604,2025-01-02,NYR,BOS,1,33,32
20242025,8480280,Jeremy Swayman,2024020604,2025-01-02,BOS,NYR,1,27,25
20242025,8470594,Marc-Andre Fleury,2024020605,2025-01-02,MIN,WSH,1,31,28
20242025,8479292,Charlie Lindgren,2024020605,2025-01-02,WSH,MIN,1,33,30
20242025,8475660,Cam Talbot,2024020606,2025-01-02,DET,CBJ,1,25,21
20242025,8478007,Elvis Merzlikins,2024020606,2025-01-02,CBJ,DET,1,26,21
20242025,8478009,Ilya Sorokin,2024020607,2025-01-02,NYI,TOR,1,31,29
20242025,8479361,Joseph Woll,2024020607,2025-01-02,TOR,NYI,1,33,32
20242025,8479979,Jake Oettinger,2024020608,2025-01-02,DAL,OTT,1,13,11
20242025,8482447,Leevi Merilainen,2024020608,2025-01-02,OTT,DAL,1,25,21
20242025,8476434,John Gibson,2024020609,2025-01-02,ANA,WPG,1,30,27
20242025,8476945,Connor Hellebuyck,2024020609,2025-01-02,WPG,ANA,1,24,20
20242025,8475809,Scott Wedgewood,2024020610,2025-01-02,COL,BUF,1,18,14
20242025,8478406,Mackenzie Blackwood,2024020610,2025-01-02,COL,BUF,0,3,2
20242025,8480045,Ukko-Pekka Luukkonen,2024020610,2025-01-02,BUF,COL,1,29,23
20242025,8478435,Dan Vladar,2024020611,2025-01-02,CGY,UTA,1,25,21
20242025,8478872,Karel Vejmelka,2024020611,2025-01-02,UTA,CGY,1,26,23
20242025,8478492,Ilya Samsonov,2024020612,2025-01-02,VGK,PHI,1,25,23
20242025,8482783,Aleksei Kolosov,2024020612,2025-01-02,PHI,VGK,1,26,22
20242025,8475831,Philipp Grubauer,2024020613,2025-01-02,SEA,VAN,1,22,19
20242025,8477967,Thatcher Demko,2024020613,2025-01-02,VAN,SEA,1,12,11
20242025,8480947,Kevin Lankinen,2024020613,2025-01-02,VAN,SEA,0,15,13
20242025,8476883,Andrei Vasilevskiy,2024020614,2025-01-02,TBL,SJS,1,25,23
20242025,8482137,Yaroslav Askarov,2024020614,2025-01-02,SJS,TBL,1,25,24
20242025,8477465,Tristan Jarry,2024020615,2025-01-03,PIT,FLA,1,33,31
20242025,8481519,Spencer Knight,2024020615,2025-01-03,FLA,PIT,1,31,29
20242025,8478470,Samuel Montembeault,2024020616,2025-01-03,MTL,CHI,1,26,22
20242025,8482821,Arvid Soderblom,2024020616,2025-01-03,CHI,MTL,1,40,38
20242025,8476341,Anton Forsberg,2024020617,2025-01-03,OTT,STL,1,25,21
20242025,8476412,Jordan Binnington,2024020617,2025-01-03,STL,OTT,1,20,20
20242025,8479973,Stuart Skinner,2024020618,2025-01-03,EDM,ANA,1,29,27
20242025,8480843,Lukas Dostal,2024020618,2025-01-03,ANA,EDM,1,26,23
20242025,8477424,Juuse Saros,2024020619,2025-01-03,NSH,VAN,1,27,27
20242025,8480947,Kevin Lankinen,2024020619,2025-01-03,VAN,NSH,1,17,16
20242025,8471734,Jonathan Quick,2024020620,2025-01-04,NYR,WSH,1,27,21
20242025,8480313,Logan Thompson,2024020620,2025-01-04,WSH,NYR,1,33,29
20242025,8476945,Connor Hellebuyck,2024020621,2025-01-04,WPG,DET,1,28,25
20242025,8479312,Alex Lyon,2024020621,2025-01-04,DET,WPG,1,23,21
20242025,8474593,Jacob Markstrom,2024020622,2025-01-04,NJD,SJS,1,24,21
20242025,8482137,Yaroslav Askarov,2024020622,2025-01-04,SJS,NJD,1,30,28
20242025,8479361,Joseph Woll,2024020623,2025-01-04,TOR,BOS,1,31,27
20242025,8480280,Jeremy Swayman,2024020623,2025-01-04,BOS,TOR,1,27,23
20242025,8479406,Filip Gustavsson,2024020624,2025-01-04,MIN,CAR,1,21,21
20242025,8481611,Pyotr Kochetkov,2024020624,2025-01-04,CAR,MIN,1,26,23
20242025,8478007,Elvis Merzlikins,2024020625,2025-01-04,CBJ,STL,1,33,29
20242025,8480981,Joel Hofer,2024020625,2025-01-04,STL,CBJ,1,38,33
20242025,8478406,Mackenzie Blackwood,2024020626,2025-01-04,COL,MTL,1,23,22
20242025,8482487,Jakub Dobes,2024020626,2025-01-04,MTL,COL,1,23,22
20242025,8481020,Justus Annunen,2024020627,2025-01-04,NSH,CGY,1,32,31
20242025,8481692,Dustin Wolf,2024020627,2025-01-04,CGY,NSH,1,27,24
20242025,8478872,Karel Vejmelka,2024020628,2025-01-04,UTA,DAL,1,29,26
20242025,8479979,Jake Oettinger,2024020628,2025-01-04,DAL,UTA,1,35,33
20242025,8475311,Darcy Kuemper,2024020629,2025-01-04,LAK,TBL,1,34,33
20242025,8476883,Andrei Vasilevskiy,2024020629,2025-01-04,TBL,LAK,1,21,19
20242025,8473503,James Reimer,2024020630,2025-01-04,BUF,VGK,1,33,30
20242025,8478499,Adin Hill,2024020630,2025-01-04,VGK,BUF,1,24,23
20242025,8475717,Calvin Pickard,2024020631,2025-01-04,EDM,SEA,1,18,16
20242025,8475831,Philipp Grubauer,2024020631,2025-01-04,SEA,EDM,1,31,28
20242025,8475839,Louis Domingue,2024020632,2025-01-05,NYR,CHI,1,27,25
20242025,8482821,Arvid Soderblom,2024020632,2025-01-05,CHI,NYR,1,34,28
20242025,8476914,Joonas Korpisalo,2024020633,2025-01-05,BOS,NYI,1,37,32
20242025,8478009,Ilya Sorokin,2024020633,2025-01-05,NYI,BOS,1,30,26
20242025,8474682,Dustin Tokarski,2024020634,2025-01-05,CAR,PIT,1,19,16
20242025,8477968,Alex Nedeljkovic,2024020634,2025-01-05,PIT,CAR,1,31,27
20242025,8478905,Ivan Fedotov,2024020635,2025-01-05,PHI,TOR,1,25,22
20242025,8483710,Dennis Hildeby,2024020635,2025-01-05,TOR,PHI,1,32,30
20242025,8476434,John Gibson,2024020636,2025-01-05,ANA,TBL,1,37,36
20242025,8477992,Jonas Johansson,2024020636,2025-01-05,TBL,ANA,1,25,22
20242025,8476883,Andrei Vasilevskiy,2024020029,2025-01-07,TBL,CAR,1,31,29
20242025,8481611,Pyotr Kochetkov,2024020029,2025-01-07,CAR,TBL,1,33,30
20242025,8479292,Charlie Lindgren,2024020637,2025-01-06,WSH,BUF,1,27,24
20242025,8480045,Ukko-Pekka Luukkonen,2024020637,2025-01-06,BUF,WSH,1,28,25
20242025,8478470,Samuel Montembeault,2024020638,2025-01-06,MTL,VAN,1,20,16
20242025,8480947,Kevin Lankinen,2024020638,2025-01-06,VAN,MTL,1,24,19
20242025,8475683,Sergei Bobrovsky,2024020639,2025-01-06,FLA,COL,1,33,31
20242025,8478406,Mackenzie Blackwood,2024020639,2025-01-06,COL,FLA,1,27,26
20242025,8474593,Jacob Markstrom,2024020640,2025-01-06,NJD,SEA,1,24,22
20242025,8475831,Philipp Grubauer,2024020640,2025-01-06,SEA,NJD,1,29,26
20242025,8475717,Calvin Pickard,2024020641,2025-01-07,EDM,BOS,0,0,0
20242025,8479973,Stuart Skinner,2024020641,2025-01-07,EDM,BOS,1,26,26
20242025,8480280,Jeremy Swayman,2024020641,2025-01-07,BOS,EDM,1,38,35
20242025,8475660,Cam Talbot,2024020642,2025-01-07,DET,OTT,0,23,21
20242025,8476341,Anton Forsberg,2024020642,2025-01-07,OTT,DET,1,33,30
20242025,8479312,Alex Lyon,2024020642,2025-01-07,DET,OTT,1,10,10
20242025,8471734,Jonathan Quick,2024020643,2025-01-07,NYR,DAL,1,39,34
20242025,8479979,Jake Oettinger,2024020643,2025-01-07,DAL,NYR,1,26,22
20242025,8478905,Ivan Fedotov,2024020644,2025-01-07,PHI,TOR,1,17,14
20242025,8479361,Joseph Woll,2024020644,2025-01-07,TOR,PHI,1,32,30
20242025,8477465,Tristan Jarry,2024020645,2025-01-07,PIT,CBJ,1,29,26
20242025,8478007,Elvis Merzlikins,2024020645,2025-01-07,CBJ,PIT,1,23,20
20242025,8470594,Marc-Andre Fleury,2024020646,2025-01-07,MIN,STL,0,15,15
20242025,8476412,Jordan Binnington,2024020646,2025-01-07,STL,MIN,1,25,20
20242025,8479406,Filip Gustavsson,2024020646,2025-01-07,MIN,STL,1,18,14
20242025,8476945,Connor Hellebuyck,2024020647,2025-01-07,WPG,NSH,1,28,26
20242025,8477424,Juuse Saros,2024020647,2025-01-07,NSH,WPG,1,29,26
20242025,8476434,John Gibson,2024020648,2025-01-07,ANA,CGY,1,33,30
20242025,8481692,Dustin Wolf,2024020648,2025-01-07,CGY,ANA,1,28,26
20242025,8478492,Ilya Samsonov,2024020649,2025-01-07,VGK,SJS,1,21,19
20242025,8480382,Alexandar Georgiev,2024020649,2025-01-07,SJS,VGK,1,41,38
20242025,8480313,Logan Thompson,2024020650,2025-01-08,WSH,VAN,1,31,30
20242025,8480947,Kevin Lankinen,2024020650,2025-01-08,VAN,WSH,1,18,16
20242025,8475852,Petr Mrazek,2024020651,2025-01-08,CHI,COL,1,36,35
20242025,8481529,Trent Miner,2024020651,2025-01-08,COL,CHI,1,20,17
20242025,8475683,Sergei Bobrovsky,2024020652,2025-01-08,FLA,UTA,1,26,25
20242025,8478872,Karel Vejmelka,2024020652,2025-01-08,UTA,FLA,1,31,29
20242025,8476341,Anton Forsberg,2024020654,2025-01-09,OTT,BUF,1,21,17
20242025,8480045,Ukko-Pekka Luukkonen,2024020654,2025-01-09,BUF,OTT,1,35,35
20242025,8476883,Andrei Vasilevskiy,2024020655,2025-01-09,TBL,BOS,1,28,27
20242025,8480280,Jeremy Swayman,2024020655,2025-01-09,BOS,TBL,1,30,27
20242025,8474593,Jacob Markstrom,2024020656,2025-01-09,NJD,NYR,1,32,29
20242025,8478048,Igor Shesterkin,2024020656,2025-01-09,NYR,NJD,1,23,21
20242025,8479193,Casey DeSmith,2024020657,2025-01-09,DAL,PHI,1,28,27
20242025,8481035,Samuel Ersson,2024020657,2025-01-09,PHI,DAL,1,22,19
20242025,8477968,Alex Nedeljkovic,2024020658,2025-01-09,PIT,EDM,1,43,40
20242025,8479973,Stuart Skinner,2024020658,2025-01-09,EDM,PIT,1,26,21
20242025,8479361,Joseph Woll,2024020659,2025-01-09,TOR,CAR,1,33,28
20242025,8481611,Pyotr Kochetkov,2024020659,2025-01-09,CAR,TOR,1,33,30
20242025,8475831,Philipp Grubauer,2024020660,2025-01-09,SEA,CBJ,1,19,14
20242025,8478007,Elvis Merzlikins,2024020660,2025-01-09,CBJ,SEA,1,31,29
20242025,8478916,Joey Daccord,2024020660,2025-01-09,SEA,CBJ,0,4,4
20242025,8476434,John Gibson,2024020661,2025-01-09,ANA,STL,0,12,12
20242025,8480843,Lukas Dostal,2024020661,2025-01-09,ANA,STL,1,22,16
20242025,8480981,Joel Hofer,2024020661,2025-01-09,STL,ANA,1,23,21
20242025,8478406,Mackenzie Blackwood,2024020662,2025-01-09,COL,MIN,1,25,24
20242025,8479406,Filip Gustavsson,2024020662,2025-01-09,MIN,COL,1,27,21
20242025,8478009,Ilya Sorokin,2024020663,2025-01-09,NYI,VGK,1,30,30
20242025,8478499,Adin Hill,2024020663,2025-01-09,VGK,NYI,1,20,17
20242025,8475660,Cam Talbot,2024020664,2025-01-10,DET,CHI,1,15,12
20242025,8475852,Petr Mrazek,2024020664,2025-01-10,CHI,DET,1,27,23
20242025,8479292,Charlie Lindgren,2024020665,2025-01-10,WSH,MTL,1,9,9
20242025,8480313,Logan Thompson,2024020665,2025-01-10,WSH,MTL,0,21,18
20242025,8482487,Jakub Dobes,2024020665,2025-01-10,MTL,WSH,1,17,15
20242025,8474682,Dustin Tokarski,2024020666,2025-01-10,CAR,VAN,1,14,14
20242025,8477967,Thatcher Demko,2024020666,2025-01-10,VAN,CAR,1,20,18
20242025,8475311,Darcy Kuemper,2024020667,2025-01-10,LAK,WPG,1,19,18
20242025,8477480,Eric Comrie,2024020667,2025-01-10,WPG,LAK,1,23,21
20242025,8478872,Karel Vejmelka,2024020668,2025-01-10,UTA,SJS,1,19,18
20242025,8480382,Alexandar Georgiev,2024020668,2025-01-10,SJS,UTA,1,26,24
20242025,8475683,Sergei Bobrovsky,2024020669,2025-01-11,FLA,BOS,1,18,14
20242025,8480280,Jeremy Swayman,2024020669,2025-01-11,BOS,FLA,1,43,40
20242025,8478916,Joey Daccord,2024020670,2025-01-11,SEA,BUF,1,35,33
20242025,8480045,Ukko-Pekka Luukkonen,2024020670,2025-01-11,BUF,SEA,1,28,23
20242025,8477465,Tristan Jarry,2024020671,2025-01-11,PIT,OTT,0,5,5
20242025,8477968,Alex Nedeljkovic,2024020671,2025-01-11,PIT,OTT,1,17,12
20242025,8482447,Leevi Merilainen,2024020671,2025-01-11,OTT,PIT,1,29,29
20242025,8480947,Kevin Lankinen,2024020672,2025-01-11,VAN,TOR,1,20,20
20242025,8483710,Dennis Hildeby,2024020672,2025-01-11,TOR,VAN,1,18,16
20242025,8478470,Samuel Montembeault,2024020673,2025-01-11,MTL,DAL,1,36,35
20242025,8479979,Jake Oettinger,2024020673,2025-01-11,DAL,MTL,1,31,30
20242025,8474593,Jacob Markstrom,2024020674,2025-01-11,NJD,TBL,1,25,23
20242025,8476883,Andrei Vasilevskiy,2024020674,2025-01-11,TBL,NJD,1,26,23
20242025,8476434,John Gibson,2024020675,2025-01-11,ANA,PHI,1,30,24
20242025,8481035,Samuel Ersson,2024020675,2025-01-11,PHI,ANA,1,22,22
20242025,8475717,Calvin Pickard,2024020676,2025-01-11,EDM,CHI,1,22,19
20242025,8482821,Arvid Soderblom,2024020676,2025-01-11,CHI,EDM,1,34,30
20242025,8476412,Jordan Binnington,2024020677,2025-01-11,STL,CBJ,1,30,28
20242025,8482982,Jet Greaves,2024020677,2025-01-11,CBJ,STL,1,32,31
20242025,8476945,Connor Hellebuyck,2024020678,2025-01-11,WPG,COL,1,22,22
20242025,8478406,Mackenzie Blackwood,2024020678,2025-01-11,COL,WPG,1,28,26
20242025,8477424,Juuse Saros,2024020679,2025-01-11,NSH,WSH,1,15,12
20242025,8480313,Logan Thompson,2024020679,2025-01-11,WSH,NSH,1,33,32
20242025,8477405,Marcus Hogberg,2024020680,2025-01-11,NYI,UTA,1,22,21
20242025,8478971,Connor Ingram,2024020680,2025-01-11,UTA,NYI,1,32,30
20242025,8479496,David Rittich,2024020681,2025-01-11,LAK,CGY,1,18,16
20242025,8481692,Dustin Wolf,2024020681,2025-01-11,CGY,LAK,1,32,31
20242025,8478048,Igor Shesterkin,2024020682,2025-01-11,NYR,VGK,1,30,29
20242025,8478492,Ilya Samsonov,2024020682,2025-01-11,VGK,NYR,1,26,24
20242025,8470594,Marc-Andre Fleury,2024020683,2025-01-11,MIN,SJS,1,37,36
20242025,8482137,Yaroslav Askarov,2024020683,2025-01-11,SJS,MIN,1,22,19
20242025,8475660,Cam Talbot,2024020684,2025-01-12,DET,SEA,1,33,31
20242025,8475831,Philipp Grubauer,2024020684,2025-01-12,SEA,DET,1,4,1
20242025,8478916,Joey Daccord,2024020684,2025-01-12,SEA,DET,0,19,16
20242025,8479193,Casey DeSmith,2024020685,2025-01-12,DAL,OTT,1,27,24
20242025,8482447,Leevi Merilainen,2024020685,2025-01-12,OTT,DAL,1,26,24
20242025,8477465,Tristan Jarry,2024020686,2025-01-12,PIT,TBL,1,17,14
20242025,8477992,Jonas Johansson,2024020686,2025-01-12,TBL,PIT,1,33,31
20242025,8480843,Lukas Dostal,2024020687,2025-01-12,ANA,CAR,1,37,35
20242025,8481611,Pyotr Kochetkov,2024020687,2025-01-12,CAR,ANA,1,20,17
20242025,8478499,Adin Hill,2024020688,2025-01-12,VGK,MIN,1,16,15
20242025,8479406,Filip Gustavsson,2024020688,2025-01-12,MIN,VGK,1,37,33
20242025,8475683,Sergei Bobrovsky,2024020689,2025-01-13,FLA,PHI,1,29,25
20242025,8481035,Samuel Ersson,2024020689,2025-01-13,PHI,FLA,1,23,20
20242025,8475852,Petr Mrazek,2024020690,2025-01-13,CHI,CGY,1,36,31
20242025,8481692,Dustin Wolf,2024020690,2025-01-13,CGY,CHI,1,25,23
20242025,8475311,Darcy Kuemper,2024020691,2025-01-13,LAK,EDM,1,30,29
20242025,8479973,Stuart Skinner,2024020691,2025-01-13,EDM,LAK,1,30,30
20242025,8476883,Andrei Vasilevskiy,2024020692,2025-01-14,TBL,BOS,1,22,18
20242025,8480280,Jeremy Swayman,2024020692,2025-01-14,BOS,TBL,1,45,43
20242025,8479361,Joseph Woll,2024020693,2025-01-14,TOR,DAL,1,23,19
20242025,8479979,Jake Oettinger,2024020693,2025-01-14,DAL,TOR,1,28,27
20242025,8478024,Ville Husso,2024020694,2025-01-14,DET,SJS,1,23,18
20242025,8480382,Alexandar Georgiev,2024020694,2025-01-14,SJS,DET,1,28,25
20242025,8474593,Jacob Markstrom,2024020695,2025-01-14,NJD,FLA,1,28,27
20242025,8481519,Spencer Knight,2024020695,2025-01-14,FLA,NJD,1,27,26
20242025,8477465,Tristan Jarry,2024020696,2025-01-14,PIT,SEA,1,17,14
20242025,8478916,Joey Daccord,2024020696,2025-01-14,SEA,PIT,1,33,31
20242025,8476434,John Gibson,2024020697,2025-01-14,ANA,WSH,1,25,22
20242025,8480313,Logan Thompson,2024020697,2025-01-14,WSH,ANA,1,19,19
20242025,8478905,Ivan Fedotov,2024020698,2025-01-14,PHI,CBJ,1,28,26
20242025,8480193,Daniil Tarasov,2024020698,2025-01-14,CBJ,PHI,1,25,23
20242025,8477405,Marcus Hogberg,2024020699,2025-01-14,NYI,OTT,1,26,25
20242025,8482447,Leevi Merilainen,2024020699,2025-01-14,OTT,NYI,1,24,24
20242025,8476412,Jordan Binnington,2024020700,2025-01-14,STL,CGY,1,28,27
20242025,8478435,Dan Vladar,2024020700,2025-01-14,CGY,STL,1,25,23
20242025,8478492,Ilya Samsonov,2024020701,2025-01-14,VGK,NSH,1,22,18
20242025,8481020,Justus Annunen,2024020701,2025-01-14,NSH,VGK,1,22,19
20242025,8476945,Connor Hellebuyck,2024020702,2025-01-14,WPG,VAN,1,24,23
20242025,8480947,Kevin Lankinen,2024020702,2025-01-14,VAN,WPG,1,33,27
20242025,8478048,Igor Shesterkin,2024020703,2025-01-14,NYR,COL,1,26,23
20242025,8478406,Mackenzie Blackwood,2024020703,2025-01-14,COL,NYR,1,29,27
20242025,8478470,Samuel Montembeault,2024020704,2025-01-14,MTL,UTA,1,25,22
20242025,8478872,Karel Vejmelka,2024020704,2025-01-14,UTA,MTL,1,27,22
20242025,8474682,Dustin Tokarski,2024020705,2025-01-15,CAR,BUF,1,24,21
20242025,8480045,Ukko-Pekka Luukkonen,2024020705,2025-01-15,BUF,CAR,1,37,35
20242025,8475717,Calvin Pickard,2024020706,2025-01-15,EDM,MIN,1,34,31
20242025,8479406,Filip Gustavsson,2024020706,2025-01-15,MIN,EDM,1,36,31
20242025,8474593,Jacob Markstrom,2024020707,2025-01-16,NJD,TOR,1,41,37
20242025,8479361,Joseph Woll,2024020707,2025-01-16,TOR,NJD,1,24,21
20242025,8480313,Logan Thompson,2024020708,2025-01-16,WSH,OTT,1,24,24
20242025,8482447,Leevi Merilainen,2024020708,2025-01-16,OTT,WSH,1,26,25
20242025,8476883,Andrei Vasilevskiy,2024020709,2025-01-16,TBL,ANA,1,37,34
20242025,8480843,Lukas Dostal,2024020709,2025-01-16,ANA,TBL,1,35,32
20242025,8475660,Cam Talbot,2024020710,2025-01-16,DET,FLA,1,43,41
20242025,8475683,Sergei Bobrovsky,2024020710,2025-01-16,FLA,DET,1,15,11
20242025,8481519,Spencer Knight,2024020710,2025-01-16,FLA,DET,0,4,4
20242025,8478007,Elvis Merzlikins,2024020711,2025-01-16,CBJ,SJS,1,19,18
20242025,8480382,Alexandar Georgiev,2024020711,2025-01-16,SJS,CBJ,1,33,30
20242025,8478009,Ilya Sorokin,2024020712,2025-01-16,NYI,PHI,1,23,19
20242025,8481035,Samuel Ersson,2024020712,2025-01-16,PHI,NYI,1,29,26
20242025,8480981,Joel Hofer,2024020713,2025-01-16,STL,CGY,1,29,28
20242025,8481692,Dustin Wolf,2024020713,2025-01-16,CGY,STL,1,29,25
20242025,8477424,Juuse Saros,2024020714,2025-01-16,NSH,CHI,1,26,24
20242025,8482821,Arvid Soderblom,2024020714,2025-01-16,CHI,NSH,1,41,39
20242025,8479979,Jake Oettinger,2024020715,2025-01-16,DAL,MTL,1,23,21
20242025,8482487,Jakub Dobes,2024020715,2025-01-16,MTL,DAL,1,33,32
20242025,8476945,Connor Hellebuyck,2024020716,2025-01-16,WPG,SEA,1,18,17
20242025,8478916,Joey Daccord,2024020716,2025-01-16,SEA,WPG,1,36,34
20242025,8478048,Igor Shesterkin,2024020717,2025-01-16,NYR,UTA,1,31,28
20242025,8478872,Karel Vejmelka,2024020717,2025-01-16,UTA,NYR,1,24,20
20242025,8478406,Mackenzie Blackwood,2024020718,2025-01-16,COL,EDM,1,28,24
20242025,8479973,Stuart Skinner,2024020718,2025-01-16,EDM,COL,1,25,22
20242025,8475311,Darcy Kuemper,2024020719,2025-01-16,LAK,VAN,1,21,20
20242025,8477967,Thatcher Demko,2024020719,2025-01-16,VAN,LAK,1,21,16
20242025,8477968,Alex Nedeljkovic,2024020720,2025-01-17,PIT,BUF,1,42,40
20242025,8480045,Ukko-Pekka Luukkonen,2024020720,2025-01-17,BUF,PIT,1,18,14
20242025,8478499,Adin Hill,2024020721,2025-01-17,VGK,CAR,1,28,25
20242025,8481611,Pyotr Kochetkov,2024020721,2025-01-17,CAR,VGK,1,31,29
20242025,8474596,Jake Allen,2024020722,2025-01-18,NJD,PHI,1,17,15
20242025,8481035,Samuel Ersson,2024020722,2025-01-18,PHI,NJD,1,13,12
20242025,8480280,Jeremy Swayman,2024020723,2025-01-18,BOS,OTT,1,44,39
20242025,8482447,Leevi Merilainen,2024020723,2025-01-18,OTT,BOS,1,28,23
20242025,8475809,Scott Wedgewood,2024020724,2025-01-18,COL,DAL,1,29,26
20242025,8479193,Casey DeSmith,2024020724,2025-01-18,DAL,COL,1,36,30
20242025,8476434,John Gibson,2024020725,2025-01-18,ANA,FLA,1,44,42
20242025,8481519,Spencer Knight,2024020725,2025-01-18,FLA,ANA,1,34,34
20242025,8478470,Samuel Montembeault,2024020726,2025-01-18,MTL,TOR,1,33,27
20242025,8479361,Joseph Woll,2024020726,2025-01-18,TOR,MTL,1,35,32
20242025,8475660,Cam Talbot,2024020727,2025-01-18,DET,TBL,1,16,11
20242025,8476883,Andrei Vasilevskiy,2024020727,2025-01-18,TBL,DET,1,39,38
20242025,8479312,Alex Lyon,2024020727,2025-01-18,DET,TBL,0,6,6
20242025,8478048,Igor Shesterkin,2024020728,2025-01-18,NYR,CBJ,1,27,27
20242025,8480193,Daniil Tarasov,2024020728,2025-01-18,CBJ,NYR,1,26,26
20242025,8480313,Logan Thompson,2024020729,2025-01-18,WSH,PIT,1,19,18
20242025,8482446,Joel Blomqvist,2024020729,2025-01-18,PIT,WSH,1,31,28
20242025,8477480,Eric Comrie,2024020730,2025-01-18,WPG,CGY,1,21,19
20242025,8481692,Dustin Wolf,2024020730,2025-01-18,CGY,WPG,1,39,38
20242025,8477405,Marcus Hogberg,2024020731,2025-01-18,NYI,SJS,1,19,18
20242025,8480382,Alexandar Georgiev,2024020731,2025-01-18,SJS,NYI,1,31,27
20242025,8475852,Petr Mrazek,2024020732,2025-01-18,CHI,VGK,1,35,32
20242025,8478492,Ilya Samsonov,2024020732,2025-01-18,VGK,CHI,1,23,18
20242025,8470594,Marc-Andre Fleury,2024020733,2025-01-18,MIN,NSH,1,37,32
20242025,8477424,Juuse Saros,2024020733,2025-01-18,NSH,MIN,1,29,27
20242025,8476412,Jordan Binnington,2024020734,2025-01-18,STL,UTA,1,33,29
20242025,8478971,Connor Ingram,2024020734,2025-01-18,UTA,STL,1,24,22
20242025,8477967,Thatcher Demko,2024020735,2025-01-18,VAN,EDM,1,15,13
20242025,8479973,Stuart Skinner,2024020735,2025-01-18,EDM,VAN,1,27,24
20242025,8475311,Darcy Kuemper,2024020736,2025-01-18,LAK,SEA,1,21,18
20242025,8478916,Joey Daccord,2024020736,2025-01-18,SEA,LAK,1,30,28
20242025,8474593,Jacob Markstrom,2024020737,2025-01-19,NJD,OTT,1,20,18
20242025,8476341,Anton Forsberg,2024020737,2025-01-19,OTT,NJD,1,26,25
20242025,8471734,Jonathan Quick,2024020738,2025-01-19,NYR,MTL,1,37,32
20242025,8482487,Jakub Dobes,2024020738,2025-01-19,MTL,NYR,1,28,24
20242025,8479312,Alex Lyon,2024020739,2025-01-19,DET,DAL,1,25,21
20242025,8479979,Jake Oettinger,2024020739,2025-01-19,DAL,DET,1,34,33
20242025,8476914,Joonas Korpisalo,2024020740,2025-01-20,BOS,SJS,1,28,25
20242025,8482137,Yaroslav Askarov,2024020740,2025-01-20,SJS,BOS,1,31,27
20242025,8470594,Marc-Andre Fleury,2024020741,2025-01-20,MIN,COL,1,27,26
20242025,8478406,Mackenzie Blackwood,2024020741,2025-01-20,COL,MIN,1,26,23
20242025,8478916,Joey Daccord,2024020742,2025-01-20,SEA,BUF,1,29,25
20242025,8482221,Devon Levi,2024020742,2025-01-20,BUF,SEA,1,33,28
20242025,8476412,Jordan Binnington,2024020743,2025-01-20,STL,VGK,1,32,28
20242025,8478499,Adin Hill,2024020743,2025-01-20,VGK,STL,1,28,24
20242025,8477992,Jonas Johansson,2024020744,2025-01-20,TBL,TOR,1,27,23
20242025,8479361,Joseph Woll,2024020744,2025-01-20,TOR,TBL,1,30,27
20242025,8478007,Elvis Merzlikins,2024020745,2025-01-20,CBJ,NYI,1,25,22
20242025,8478009,Ilya Sorokin,2024020745,2025-01-20,NYI,CBJ,1,26,25
20242025,8475852,Petr Mrazek,2024020746,2025-01-20,CHI,CAR,1,48,44
20242025,8475883,Frederik Andersen,2024020746,2025-01-20,CAR,CHI,1,25,22
20242025,8476945,Connor Hellebuyck,2024020747,2025-01-20,WPG,UTA,1,27,23
20242025,8478971,Connor Ingram,2024020747,2025-01-20,UTA,WPG,1,25,23
20242025,8477968,Alex Nedeljkovic,2024020748,2025-01-20,PIT,LAK,1,26,25
20242025,8479496,David Rittich,2024020748,2025-01-20,LAK,PIT,1,32,28
20242025,8476883,Andrei Vasilevskiy,2024020749,2025-01-21,TBL,MTL,1,22,19
20242025,8478470,Samuel Montembeault,2024020749,2025-01-21,MTL,TBL,1,35,33
20242025,8476341,Anton Forsberg,2024020750,2025-01-21,OTT,NYR,0,13,10
20242025,8478048,Igor Shesterkin,2024020750,2025-01-21,NYR,OTT,1,20,20
20242025,8482447,Leevi Merilainen,2024020750,2025-01-21,OTT,NYR,1,16,14
20242025,8479312,Alex Lyon,2024020751,2025-01-21,DET,PHI,1,26,24
20242025,8481035,Samuel Ersson,2024020751,2025-01-21,PHI,DET,1,28,27
20242025,8477424,Juuse Saros,2024020752,2025-01-21,NSH,SJS,1,8,4
20242025,8480382,Alexandar Georgiev,2024020752,2025-01-21,SJS,NSH,1,40,34
20242025,8481020,Justus Annunen,2024020752,2025-01-21,NSH,SJS,0,16,15
20242025,8479979,Jake Oettinger,2024020753,2025-01-21,DAL,CAR,1,19,17
20242025,8481611,Pyotr Kochetkov,2024020753,2025-01-21,CAR,DAL,1,23,22
20242025,8479973,Stuart Skinner,2024020754,2025-01-21,EDM,WSH,1,14,11
20242025,8480313,Logan Thompson,2024020754,2025-01-21,WSH,EDM,1,32,30
20242025,8477967,Thatcher Demko,2024020755,2025-01-21,VAN,BUF,1,26,23
20242025,8480045,Ukko-Pekka Luukkonen,2024020755,2025-01-21,BUF,VAN,1,34,32
20242025,8475683,Sergei Bobrovsky,2024020756,2025-01-21,FLA,ANA,1,30,28
20242025,8480843,Lukas Dostal,2024020756,2025-01-21,ANA,FLA,1,29,24
20242025,8478007,Elvis Merzlikins,2024020757,2025-01-22,CBJ,TOR,1,29,28
20242025,8483710,Dennis Hildeby,2024020757,2025-01-22,TOR,CBJ,1,18,14
20242025,8474593,Jacob Markstrom,2024020758,2025-01-22,NJD,BOS,1,7,6
20242025,8474596,Jake Allen,2024020758,2025-01-22,NJD,BOS,0,16,16
20242025,8476914,Joonas Korpisalo,2024020758,2025-01-22,BOS,NJD,0,6,5
20242025,8480280,Jeremy Swayman,2024020758,2025-01-22,BOS,NJD,1,28,24
20242025,8476945,Connor Hellebuyck,2024020759,2025-01-22,WPG,COL,1,27,25
20242025,8478406,Mackenzie Blackwood,2024020759,2025-01-22,COL,WPG,1,25,22
20242025,8475311,Darcy Kuemper,2024020760,2025-01-22,LAK,FLA,1,28,27
20242025,8481519,Spencer Knight,2024020760,2025-01-22,FLA,LAK,1,28,26
20242025,8476341,Anton Forsberg,2024020761,2025-01-23,OTT,BOS,1,25,24
20242025,8476914,Joonas Korpisalo,2024020761,2025-01-23,BOS,OTT,1,29,29
20242025,8475660,Cam Talbot,2024020762,2025-01-23,DET,MTL,1,29,27
20242025,8478470,Samuel Montembeault,2024020762,2025-01-23,MTL,DET,1,45,41
20242025,8478048,Igor Shesterkin,2024020763,2025-01-23,NYR,PHI,1,34,33
20242025,8481035,Samuel Ersson,2024020763,2025-01-23,PHI,NYR,1,36,31
20242025,8475883,Frederik Andersen,2024020764,2025-01-23,CAR,CBJ,1,22,18
20242025,8480193,Daniil Tarasov,2024020764,2025-01-23,CBJ,CAR,1,42,36
20242025,8478492,Ilya Samsonov,2024020765,2025-01-23,VGK,STL,1,17,15
20242025,8480981,Joel Hofer,2024020765,2025-01-23,STL,VGK,1,30,27
20242025,8478872,Karel Vejmelka,2024020766,2025-01-23,UTA,MIN,1,26,26
20242025,8479406,Filip Gustavsson,2024020766,2025-01-23,MIN,UTA,1,29,25
20242025,8480045,Ukko-Pekka Luukkonen,2024020767,2025-01-23,BUF,CGY,1,24,21
20242025,8481692,Dustin Wolf,2024020767,2025-01-23,CGY,BUF,1,34,32
20242025,8475717,Calvin Pickard,2024020768,2025-01-23,EDM,VAN,1,26,24
20242025,8477967,Thatcher Demko,2024020768,2025-01-23,VAN,EDM,1,34,28
20242025,8476434,John Gibson,2024020769,2025-01-23,ANA,PIT,1,32,31
20242025,8477968,Alex Nedeljkovic,2024020769,2025-01-23,PIT,ANA,1,33,29
20242025,8478916,Joey Daccord,2024020770,2025-01-23,SEA,WSH,1,31,30
20242025,8479292,Charlie Lindgren,2024020770,2025-01-23,WSH,SEA,1,22,22
20242025,8481020,Justus Annunen,2024020771,2025-01-23,NSH,SJS,1,35,30
20242025,8482137,Yaroslav Askarov,2024020771,2025-01-23,SJS,NSH,1,38,32
20242025,8478009,Ilya Sorokin,2024020772,2025-01-24,NYI,PHI,1,30,29
20242025,8478905,Ivan Fedotov,2024020772,2025-01-24,PHI,NYI,1,27,24
20242025,8477992,Jonas Johansson,2024020773,2025-01-24,TBL,CHI,1,14,11
20242025,8482821,Arvid Soderblom,2024020773,2025-01-24,CHI,TBL,1,40,36
20242025,8478499,Adin Hill,2024020774,2025-01-24,VGK,DAL,1,27,23
20242025,8479979,Jake Oettinger,2024020774,2025-01-24,DAL,VGK,1,21,18
20242025,8476945,Connor Hellebuyck,2024020775,2025-01-24,WPG,UTA,1,19,17
20242025,8478971,Connor Ingram,2024020775,2025-01-24,UTA,WPG,1,28,24
20242025,8475809,Scott Wedgewood,2024020776,2025-01-25,COL,BOS,1,14,12
20242025,8480280,Jeremy Swayman,2024020776,2025-01-25,BOS,COL,1,28,27
20242025,8473503,James Reimer,2024020777,2025-01-25,BUF,EDM,1,34,31
20242025,8479973,Stuart Skinner,2024020777,2025-01-25,EDM,BUF,1,41,39
20242025,8478916,Joey Daccord,2024020778,2025-01-25,SEA,PIT,1,29,28
20242025,8482446,Joel Blomqvist,2024020778,2025-01-25,PIT,SEA,1,25,21
20242025,8474596,Jake Allen,2024020779,2025-01-25,NJD,MTL,1,32,29
20242025,8482487,Jakub Dobes,2024020779,2025-01-25,MTL,NJD,1,44,40
20242025,8476341,Anton Forsberg,2024020780,2025-01-25,OTT,TOR,1,29,28
20242025,8479361,Joseph Woll,2024020780,2025-01-25,TOR,OTT,1,23,21
20242025,8475660,Cam Talbot,2024020781,2025-01-25,DET,TBL,1,28,28
20242025,8476883,Andrei Vasilevskiy,2024020781,2025-01-25,TBL,DET,1,31,30
20242025,8475311,Darcy Kuemper,2024020782,2025-01-25,LAK,CBJ,1,24,21
20242025,8478007,Elvis Merzlikins,2024020782,2025-01-25,CBJ,LAK,1,33,31
20242025,8476412,Jordan Binnington,2024020783,2025-01-25,STL,DAL,1,19,17
20242025,8479193,Casey DeSmith,2024020783,2025-01-25,DAL,STL,1,33,33
20242025,8470594,Marc-Andre Fleury,2024020784,2025-01-25,MIN,CGY,1,29,24
20242025,8481692,Dustin Wolf,2024020784,2025-01-25,CGY,MIN,1,25,21
20242025,8477405,Marcus Hogberg,2024020785,2025-01-25,NYI,CAR,1,26,24
20242025,8478009,Ilya Sorokin,2024020785,2025-01-25,NYI,CAR,0,1,1
20242025,8481611,Pyotr Kochetkov,2024020785,2025-01-25,CAR,NYI,1,27,24
20242025,8479292,Charlie Lindgren,2024020786,2025-01-25,WSH,VAN,1,25,23
20242025,8480947,Kevin Lankinen,2024020786,2025-01-25,VAN,WSH,1,33,32
20242025,8476434,John Gibson,2024020787,2025-01-25,ANA,NSH,1,10,9
20242025,8477424,Juuse Saros,2024020787,2025-01-25,NSH,ANA,1,35,30
20242025,8480843,Lukas Dostal,2024020787,2025-01-25,ANA,NSH,0,33,32
20242025,8475683,Sergei Bobrovsky,2024020788,2025-01-25,FLA,SJS,1,23,21
20242025,8480382,Alexandar Georgiev,2024020788,2025-01-25,SJS,FLA,1,15,11
20242025,8482137,Yaroslav Askarov,2024020788,2025-01-25,SJS,FLA,0,17,14
20242025,8478048,Igor Shesterkin,2024020789,2025-01-26,NYR,COL,1,22,17
20242025,8478406,Mackenzie Blackwood,2024020789,2025-01-26,COL,NYR,1,37,33
20242025,8478872,Karel Vejmelka,2024020790,2025-01-26,UTA,OTT,1,27,24
20242025,8482447,Leevi Merilainen,2024020790,2025-01-26,OTT,UTA,1,35,34
20242025,8477480,Eric Comrie,2024020791,2025-01-26,WPG,CGY,1,22,20
20242025,8478435,Dan Vladar,2024020791,2025-01-26,CGY,WPG,1,27,22
20242025,8475852,Petr Mrazek,2024020792,2025-01-26,CHI,MIN,1,27,24
20242025,8479406,Filip Gustavsson,2024020792,2025-01-26,MIN,CHI,1,20,18
20242025,8478499,Adin Hill,2024020793,2025-01-26,VGK,FLA,1,34,33
20242025,8481519,Spencer Knight,2024020793,2025-01-26,FLA,VGK,1,25,22
20242025,8475311,Darcy Kuemper,2024020794,2025-01-27,LAK,DET,1,27,23
20242025,8475660,Cam Talbot,2024020794,2025-01-27,DET,LAK,1,25,24
20242025,8474596,Jake Allen,2024020795,2025-01-27,NJD,PHI,1,25,22
20242025,8481035,Samuel Ersson,2024020795,2025-01-27,PHI,NJD,1,33,31
20242025,8476412,Jordan Binnington,2024020796,2025-01-27,STL,VAN,1,18,15
20242025,8480947,Kevin Lankinen,2024020796,2025-01-27,VAN,STL,1,26,24
20242025,8480981,Joel Hofer,2024020796,2025-01-27,STL,VAN,0,11,10
20242025,8475717,Calvin Pickard,2024020797,2025-01-27,EDM,SEA,1,28,26
20242025,8478916,Joey Daccord,2024020797,2025-01-27,SEA,EDM,1,30,27
20242025,8477968,Alex Nedeljkovic,2024020798,2025-01-27,PIT,SJS,1,28,26
20242025,8482137,Yaroslav Askarov,2024020798,2025-01-27,SJS,PIT,1,30,29
20242025,8480045,Ukko-Pekka Luukkonen,2024020799,2025-01-28,BUF,BOS,1,27,25
20242025,8480280,Jeremy Swayman,2024020799,2025-01-28,BOS,BUF,1,32,26
20242025,8476945,Connor Hellebuyck,2024020800,2025-01-28,WPG,MTL,1,25,24
20242025,8478470,Samuel Montembeault,2024020800,2025-01-28,MTL,WPG,1,23,20
20242025,8477992,Jonas Johansson,2024020801,2025-01-28,TBL,CHI,1,20,17
20242025,8482821,Arvid Soderblom,2024020801,2025-01-28,CHI,TBL,1,35,34
20242025,8475883,Frederik Andersen,2024020802,2025-01-28,CAR,NYR,1,22,22
20242025,8478048,Igor Shesterkin,2024020802,2025-01-28,NYR,CAR,1,26,22
20242025,8478009,Ilya Sorokin,2024020803,2025-01-28,NYI,COL,1,32,30
20242025,8478406,Mackenzie Blackwood,2024020803,2025-01-28,COL,NYI,1,27,23
20242025,8480313,Logan Thompson,2024020804,2025-01-28,WSH,CGY,1,33,32
20242025,8481692,Dustin Wolf,2024020804,2025-01-28,CGY,WSH,1,23,20
20242025,8478499,Adin Hill,2024020805,2025-01-28,VGK,DAL,1,28,24
20242025,8479979,Jake Oettinger,2024020805,2025-01-28,DAL,VGK,1,28,25
20242025,8475831,Philipp Grubauer,2024020806,2025-01-28,SEA,ANA,1,22,17
20242025,8480843,Lukas Dostal,2024020806,2025-01-28,ANA,SEA,1,30,26
20242025,8479361,Joseph Woll,2024020807,2025-01-29,TOR,MIN,1,24,22
20242025,8479406,Filip Gustavsson,2024020807,2025-01-29,MIN,TOR,1,33,32
20242025,8475311,Darcy Kuemper,2024020808,2025-01-29,LAK,FLA,1,38,36
20242025,8475683,Sergei Bobrovsky,2024020808,2025-01-29,FLA,LAK,1,29,29
20242025,8474596,Jake Allen,2024020809,2025-01-29,NJD,PHI,1,24,24
20242025,8478905,Ivan Fedotov,2024020809,2025-01-29,PHI,NJD,0,10,9
20242025,8481035,Samuel Ersson,2024020809,2025-01-29,PHI,NJD,1,16,12
20242025,8477424,Juuse Saros,2024020810,2025-01-29,NSH,VAN,1,21,19
20242025,8477967,Thatcher Demko,2024020810,2025-01-29,VAN,NSH,1,32,31
20242025,8477968,Alex Nedeljkovic,2024020811,2025-01-29,PIT,UTA,1,29,27
20242025,8478971,Connor Ingram,2024020811,2025-01-29,UTA,PIT,1,29,26
20242025,8476914,Joonas Korpisalo,2024020812,2025-01-30,BOS,WPG,1,27,22
20242025,8476945,Connor Hellebuyck,2024020812,2025-01-30,WPG,BOS,1,28,26
20242025,8470594,Marc-Andre Fleury,2024020813,2025-01-30,MIN,MTL,1,19,19
20242025,8482487,Jakub Dobes,2024020813,2025-01-30,MTL,MIN,1,26,23
20242025,8476341,Anton Forsberg,2024020814,2025-01-30,OTT,WSH,1,35,31
20242025,8479292,Charlie Lindgren,2024020814,2025-01-30,WSH,OTT,1,34,29
20242025,8476883,Andrei Vasilevskiy,2024020815,2025-01-30,TBL,LAK,1,28,28
20242025,8479496,David Rittich,2024020815,2025-01-30,LAK,TBL,1,32,30
20242025,8478009,Ilya Sorokin,2024020816,2025-01-30,NYI,PHI,1,23,23
20242025,8478905,Ivan Fedotov,2024020816,2025-01-30,PHI,NYI,1,28,25
20242025,8481611,Pyotr Kochetkov,2024020817,2025-01-30,CAR,CHI,1,20,18
20242025,8482821,Arvid Soderblom,2024020817,2025-01-30,CHI,CAR,1,27,24
20242025,8476434,John Gibson,2024020818,2025-01-30,ANA,CGY,1,29,26
20242025,8481692,Dustin Wolf,2024020818,2025-01-30,CGY,ANA,1,31,30
20242025,8479312,Alex Lyon,2024020819,2025-01-30,DET,EDM,1,47,45
20242025,8479973,Stuart Skinner,2024020819,2025-01-30,EDM,DET,1,35,33
20242025,8478007,Elvis Merzlikins,2024020820,2025-01-30,CBJ,VGK,1,26,25
20242025,8478492,Ilya Samsonov,2024020820,2025-01-30,VGK,CBJ,1,24,22
20242025,8478916,Joey Daccord,2024020821,2025-01-30,SEA,SJS,1,28,26
20242025,8480382,Alexandar Georgiev,2024020821,2025-01-30,SJS,SEA,0,22,20
20242025,8482137,Yaroslav Askarov,2024020821,2025-01-30,SJS,SEA,1,11,7
20242025,8480045,Ukko-Pekka Luukkonen,2024020822,2025-01-31,BUF,NSH,1,31,28
20242025,8481020,Justus Annunen,2024020822,2025-01-31,NSH,BUF,1,27,23
20242025,8477967,Thatcher Demko,2024020823,2025-01-31,VAN,DAL,1,14,11
20242025,8479979,Jake Oettinger,2024020823,2025-01-31,DAL,VAN,1,29,26
20242025,8478406,Mackenzie Blackwood,2024020824,2025-01-31,COL,STL,1,19,19
20242025,8480981,Joel Hofer,2024020824,2025-01-31,STL,COL,1,36,31
20242025,8478872,Karel Vejmelka,2024020825,2025-01-31,UTA,CBJ,1,23,20
20242025,8480193,Daniil Tarasov,2024020825,2025-01-31,CBJ,UTA,1,34,32
20242025,8475683,Sergei Bobrovsky,2024020826,2025-02-01,FLA,CHI,1,25,24
20242025,8475852,Petr Mrazek,2024020826,2025-02-01,CHI,FLA,1,44,39
20242025,8478048,Igor Shesterkin,2024020827,2025-02-01,NYR,BOS,1,24,19
20242025,8480280,Jeremy Swayman,2024020827,2025-02-01,BOS,NYR,1,25,22
20242025,8479406,Filip Gustavsson,2024020828,2025-02-01,MIN,OTT,1,52,46
20242025,8482447,Leevi Merilainen,2024020828,2025-02-01,OTT,MIN,1,16,16
20242025,8476883,Andrei Vasilevskiy,2024020829,2025-02-01,TBL,NYI,1,36,33
20242025,8478009,Ilya Sorokin,2024020829,2025-02-01,NYI,TBL,1,31,29
20242025,8477424,Juuse Saros,2024020830,2025-02-01,NSH,PIT,1,35,33
20242025,8477968,Alex Nedeljkovic,2024020830,2025-02-01,PIT,NSH,1,25,25
20242025,8476945,Connor Hellebuyck,2024020831,2025-02-01,WPG,WSH,1,29,25
20242025,8480313,Logan Thompson,2024020831,2025-02-01,WSH,WPG,1,30,25
20242025,8475311,Darcy Kuemper,2024020832,2025-02-01,LAK,CAR,1,28,26
20242025,8475883,Frederik Andersen,2024020832,2025-02-01,CAR,LAK,1,26,22
20242025,8479361,Joseph Woll,2024020833,2025-02-01,TOR,EDM,1,48,45
20242025,8479973,Stuart Skinner,2024020833,2025-02-01,EDM,TOR,1,28,24
20242025,8475660,Cam Talbot,2024020834,2025-02-01,DET,CGY,1,34,33
20242025,8481692,Dustin Wolf,2024020834,2025-02-01,CGY,DET,1,24,22
20242025,8474596,Jake Allen,2024020835,2025-02-02,NJD,BUF,1,27,23
20242025,8480045,Ukko-Pekka Luukkonen,2024020835,2025-02-02,BUF,NJD,1,24,21
20242025,8482076,Nico Daws,2024020835,2025-02-02,NJD,BUF,0,7,7
20242025,8478406,Mackenzie Blackwood,2024020836,2025-02-02,COL,PHI,1,24,24
20242025,8481035,Samuel Ersson,2024020836,2025-02-02,PHI,COL,1,32,30
20242025,8478470,Samuel Montembeault,2024020837,2025-02-02,MTL,ANA,1,22,19
20242025,8480843,Lukas Dostal,2024020837,2025-02-02,ANA,MTL,1,23,21
20242025,8480819,Jakub Skarek,2024020838,2025-02-02,NYI,FLA,1,32,27
20242025,8481519,Spencer Knight,2024020838,2025-02-02,FLA,NYI,1,34,31
20242025,8471734,Jonathan Quick,2024020839,2025-02-02,NYR,VGK,1,36,34
20242025,8478499,Adin Hill,2024020839,2025-02-02,VGK,NYR,1,28,24
20242025,8478007,Elvis Merzlikins,2024020840,2025-02-02,CBJ,DAL,1,39,34
20242025,8479193,Casey DeSmith,2024020840,2025-02-02,DAL,CBJ,1,30,27
20242025,8476412,Jordan Binnington,2024020841,2025-02-02,STL,UTA,1,25,24
20242025,8478971,Connor Ingram,2024020841,2025-02-02,UTA,STL,1,29,27
20242025,8479312,Alex Lyon,2024020842,2025-02-02,DET,VAN,1,27,25
20242025,8480947,Kevin Lankinen,2024020842,2025-02-02,VAN,DET,1,18,15
20242025,8478435,Dan Vladar,2024020843,2025-02-02,CGY,SEA,1,31,29
20242025,8478916,Joey Daccord,2024020843,2025-02-02,SEA,CGY,1,35,32
20242025,8476341,Anton Forsberg,2024020844,2025-02-03,OTT,NSH,1,27,25
20242025,8477424,Juuse Saros,2024020844,2025-02-03,NSH,OTT,1,38,34
20242025,8470594,Marc-Andre Fleury,2024020845,2025-02-04,MIN,BOS,1,34,32
20242025,8480280,Jeremy Swayman,2024020845,2025-02-04,BOS,MIN,1,36,36
20242025,8473503,James Reimer,2024020846,2025-02-04,BUF,CBJ,1,29,27
20242025,8478007,Elvis Merzlikins,2024020846,2025-02-04,CBJ,BUF,1,21,18
20242025,8476883,Andrei Vasilevskiy,2024020847,2025-02-04,TBL,OTT,1,28,25
20242025,8476999,Linus Ullmark,2024020847,2025-02-04,OTT,TBL,1,37,34
20242025,8477968,Alex Nedeljkovic,2024020848,2025-02-04,PIT,NJD,1,21,19
20242025,8482076,Nico Daws,2024020848,2025-02-04,NJD,PIT,1,27,25
20242025,8475683,Sergei Bobrovsky,2024020849,2025-02-04,FLA,WSH,1,24,20
20242025,8480313,Logan Thompson,2024020849,2025-02-04,WSH,FLA,1,33,30
20242025,8478009,Ilya Sorokin,2024020850,2025-02-04,NYI,VGK,1,34,33
20242025,8478492,Ilya Samsonov,2024020850,2025-02-04,VGK,NYI,1,14,12
20242025,8476412,Jordan Binnington,2024020851,2025-02-04,STL,EDM,1,39,36
20242025,8479973,Stuart Skinner,2024020851,2025-02-04,EDM,STL,1,22,20
20242025,8477480,Eric Comrie,2024020852,2025-02-04,WPG,CAR,1,29,29
20242025,8481611,Pyotr Kochetkov,2024020852,2025-02-04,CAR,WPG,1,30,27
20242025,8479361,Joseph Woll,2024020853,2025-02-04,TOR,CGY,1,26,23
20242025,8481692,Dustin Wolf,2024020853,2025-02-04,CGY,TOR,1,29,24
20242025,8478872,Karel Vejmelka,2024020854,2025-02-04,UTA,PHI,1,20,18
20242025,8481035,Samuel Ersson,2024020854,2025-02-04,PHI,UTA,1,42,39
20242025,8477967,Thatcher Demko,2024020855,2025-02-04,VAN,COL,1,25,25
20242025,8478406,Mackenzie Blackwood,2024020855,2025-02-04,COL,VAN,1,30,28
20242025,8476434,John Gibson,2024020856,2025-02-04,ANA,DAL,1,27,26
20242025,8479979,Jake Oettinger,2024020856,2025-02-04,DAL,ANA,1,28,26
20242025,8475660,Cam Talbot,2024020857,2025-02-04,DET,SEA,1,27,23
20242025,8478916,Joey Daccord,2024020857,2025-02-04,SEA,DET,1,40,36
20242025,8478470,Samuel Montembeault,2024020858,2025-02-04,MTL,SJS,1,30,27
20242025,8480382,Alexandar Georgiev,2024020858,2025-02-04,SJS,MTL,1,20,16
20242025,8476914,Joonas Korpisalo,2024020859,2025-02-05,BOS,NYR,1,22,19
20242025,8478048,Igor Shesterkin,2024020859,2025-02-05,NYR,BOS,1,17,15
20242025,8475717,Calvin Pickard,2024020860,2025-02-05,EDM,CHI,1,32,29
20242025,8482821,Arvid Soderblom,2024020860,2025-02-05,CHI,EDM,1,38,34
20242025,8475311,Darcy Kuemper,2024020861,2025-02-05,LAK,MTL,1,21,18
20242025,8482487,Jakub Dobes,2024020861,2025-02-05,MTL,LAK,1,36,31
20242025,8476341,Anton Forsberg,2024020862,2025-02-06,OTT,TBL,1,30,26
20242025,8476883,Andrei Vasilevskiy,2024020862,2025-02-06,TBL,OTT,1,28,27
20242025,8474596,Jake Allen,2024020863,2025-02-06,NJD,VGK,1,40,37
20242025,8478499,Adin Hill,2024020863,2025-02-06,VGK,NJD,1,15,14
20242025,8478905,Ivan Fedotov,2024020864,2025-02-06,PHI,WSH,1,18,14
20242025,8479292,Charlie Lindgren,2024020864,2025-02-06,WSH,PHI,1,22,19
20242025,8478007,Elvis Merzlikins,2024020865,2025-02-06,CBJ,UTA,1,33,30
20242025,8478971,Connor Ingram,2024020865,2025-02-06,UTA,CBJ,1,22,20
20242025,8480981,Joel Hofer,2024020866,2025-02-06,STL,FLA,1,34,31
20242025,8481519,Spencer Knight,2024020866,2025-02-06,FLA,STL,1,22,20
20242025,8475883,Frederik Andersen,2024020867,2025-02-06,CAR,MIN,1,24,22
20242025,8479406,Filip Gustavsson,2024020867,2025-02-06,MIN,CAR,1,38,37
20242025,8478406,Mackenzie Blackwood,2024020868,2025-02-06,COL,CGY,1,29,27
20242025,8481692,Dustin Wolf,2024020868,2025-02-06,CGY,COL,1,34,30
20242025,8476932,Anthony Stolarz,2024020869,2025-02-06,TOR,SEA,1,27,26
20242025,8478916,Joey Daccord,2024020869,2025-02-06,SEA,TOR,1,30,27
20242025,8477967,Thatcher Demko,2024020870,2025-02-06,VAN,SJS,1,34,33
20242025,8477970,Vitek Vanecek,2024020870,2025-02-06,SJS,VAN,1,24,22
20242025,8477968,Alex Nedeljkovic,2024020871,2025-02-07,PIT,NYR,1,24,22
20242025,8478048,Igor Shesterkin,2024020871,2025-02-07,NYR,PIT,1,26,23
20242025,8476945,Connor Hellebuyck,2024020872,2025-02-07,WPG,NYI,1,35,32
20242025,8478009,Ilya Sorokin,2024020872,2025-02-07,NYI,WPG,1,27,23
20242025,8475852,Petr Mrazek,2024020873,2025-02-07,CHI,NSH,1,33,31
20242025,8477424,Juuse Saros,2024020873,2025-02-07,NSH,CHI,1,30,24
20242025,8475717,Calvin Pickard,2024020874,2025-02-07,EDM,COL,0,19,17
20242025,8478406,Mackenzie Blackwood,2024020874,2025-02-07,COL,EDM,1,27,23
20242025,8479973,Stuart Skinner,2024020874,2025-02-07,EDM,COL,1,12,9
20242025,8479496,David Rittich,2024020875,2025-02-07,LAK,DAL,1,30,26
20242025,8479979,Jake Oettinger,2024020875,2025-02-07,DAL,LAK,1,37,33
20242025,8474596,Jake Allen,2024020876,2025-02-08,NJD,MTL,1,34,34
20242025,8478470,Samuel Montembeault,2024020876,2025-02-08,MTL,NJD,1,22,18
20242025,8475660,Cam Talbot,2024020877,2025-02-08,DET,TBL,0,14,11
20242025,8476883,Andrei Vasilevskiy,2024020877,2025-02-08,TBL,DET,1,37,34
20242025,8479312,Alex Lyon,2024020877,2025-02-08,DET,TBL,1,3,1
20242025,8478872,Karel Vejmelka,2024020878,2025-02-08,UTA,CAR,1,37,31
20242025,8481611,Pyotr Kochetkov,2024020878,2025-02-08,CAR,UTA,1,39,36
20242025,8478492,Ilya Samsonov,2024020879,2025-02-08,VGK,BOS,1,24,21
20242025,8480280,Jeremy Swayman,2024020879,2025-02-08,BOS,VGK,1,38,34
20242025,8475683,Sergei Bobrovsky,2024020880,2025-02-08,FLA,OTT,1,27,26
20242025,8476999,Linus Ullmark,2024020880,2025-02-08,OTT,FLA,1,47,43
20242025,8481035,Samuel Ersson,2024020881,2025-02-08,PHI,PIT,1,33,31
20242025,8482446,Joel Blomqvist,2024020881,2025-02-08,PIT,PHI,1,20,17
20242025,8471734,Jonathan Quick,2024020882,2025-02-08,NYR,CBJ,1,25,22
20242025,8478007,Elvis Merzlikins,2024020882,2025-02-08,CBJ,NYR,1,40,36
20242025,8476412,Jordan Binnington,2024020883,2025-02-08,STL,CHI,1,21,16
20242025,8482821,Arvid Soderblom,2024020883,2025-02-08,CHI,STL,1,40,35
20242025,8477967,Thatcher Demko,2024020884,2025-02-08,VAN,TOR,1,6,6
20242025,8479361,Joseph Woll,2024020884,2025-02-08,TOR,VAN,1,25,23
20242025,8480947,Kevin Lankinen,2024020884,2025-02-08,VAN,TOR,0,22,21
20242025,8480045,Ukko-Pekka Luukkonen,2024020885,2025-02-08,BUF,NSH,1,22,17
20242025,8481020,Justus Annunen,2024020885,2025-02-08,NSH,BUF,1,29,25
20242025,8478009,Ilya Sorokin,2024020886,2025-02-08,NYI,MIN,1,32,28
20242025,8479406,Filip Gustavsson,2024020886,2025-02-08,MIN,NYI,1,35,32
20242025,8478916,Joey Daccord,2024020887,2025-02-08,SEA,CGY,1,29,27
20242025,8481692,Dustin Wolf,2024020887,2025-02-08,CGY,SEA,1,28,25
20242025,8479496,David Rittich,2024020888,2025-02-08,LAK,ANA,1,26,25
20242025,8480843,Lukas Dostal,2024020888,2025-02-08,ANA,LAK,1,45,44
20242025,8477970,Vitek Vanecek,2024020889,2025-02-08,SJS,DAL,1,34,26
20242025,8479193,Casey DeSmith,2024020889,2025-02-08,DAL,SJS,1,27,24
20242025,8478872,Karel Vejmelka,2024020890,2025-02-09,UTA,WSH,0,32,30
20242025,8478971,Connor Ingram,2024020890,2025-02-09,UTA,WSH,1,10,8
20242025,8480313,Logan Thompson,2024020890,2025-02-09,WSH,UTA,1,27,23
20242025,8476883,Andrei Vasilevskiy,2024020891,2025-02-09,TBL,MTL,1,35,32
20242025,8478470,Samuel Montembeault,2024020891,2025-02-09,MTL,TBL,0,12,11
20242025,8482487,Jakub Dobes,2024020891,2025-02-09,MTL,TBL,1,8,5
20242025,8479973,Stuart Skinner,2024020892,2025-02-22,EDM,PHI,1,31,26
20242025,8481035,Samuel Ersson,2024020892,2025-02-22,PHI,EDM,1,18,15
20242025,8477968,Alex Nedeljkovic,2024020893,2025-02-22,PIT,WSH,1,13,8
20242025,8480313,Logan Thompson,2024020893,2025-02-22,WSH,PIT,1,32,29
20242025,8482446,Joel Blomqvist,2024020893,2025-02-22,PIT,WSH,0,17,14
20242025,8470594,Marc-Andre Fleury,2024020894,2025-02-22,MIN,DET,1,30,27
20242025,8475660,Cam Talbot,2024020894,2025-02-22,DET,MIN,1,39,35
20242025,8471734,Jonathan Quick,2024020895,2025-02-22,NYR,BUF,0,17,14
20242025,8478048,Igor Shesterkin,2024020895,2025-02-22,NYR,BUF,1,16,11
20242025,8480045,Ukko-Pekka Luukkonen,2024020895,2025-02-22,BUF,NYR,1,28,26
20242025,8475683,Sergei Bobrovsky,2024020896,2025-02-22,FLA,SEA,1,22,20
20242025,8478916,Joey Daccord,2024020896,2025-02-22,SEA,FLA,1,27,26
20242025,8474596,Jake Allen,2024020897,2025-02-22,NJD,DAL,1,25,22
20242025,8479193,Casey DeSmith,2024020897,2025-02-22,DAL,NJD,1,33,31
20242025,8475809,Scott Wedgewood,2024020898,2025-02-22,COL,NSH,1,17,15
20242025,8477424,Juuse Saros,2024020898,2025-02-22,NSH,COL,1,32,31
20242025,8476434,John Gibson,2024020899,2025-02-22,ANA,BOS,1,20,19
20242025,8480280,Jeremy Swayman,2024020899,2025-02-22,BOS,ANA,1,29,26
20242025,8480843,Lukas Dostal,2024020899,2025-02-22,ANA,BOS,0,10,9
20242025,8476932,Anthony Stolarz,2024020900,2025-02-22,TOR,CAR,1,35,32
20242025,8481611,Pyotr Kochetkov,2024020900,2025-02-22,CAR,TOR,1,21,18
20242025,8476341,Anton Forsberg,2024020901,2025-02-22,OTT,MTL,0,10,10
20242025,8476999,Linus Ullmark,2024020901,2025-02-22,OTT,MTL,1,15,10
20242025,8478470,Samuel Montembeault,2024020901,2025-02-22,MTL,OTT,1,27,25
20242025,8475852,Petr Mrazek,2024020902,2025-02-22,CHI,CBJ,1,21,16
20242025,8478007,Elvis Merzlikins,2024020902,2025-02-22,CBJ,CHI,1,28,27
20242025,8477480,Eric Comrie,2024020903,2025-02-22,WPG,STL,1,24,21
20242025,8480981,Joel Hofer,2024020903,2025-02-22,STL,WPG,1,28,25
20242025,8475311,Darcy Kuemper,2024020904,2025-02-22,LAK,UTA,1,28,25
20242025,8478971,Connor Ingram,2024020904,2025-02-22,UTA,LAK,1,25,21
20242025,8478499,Adin Hill,2024020905,2025-02-22,VGK,VAN,1,34,33
20242025,8480947,Kevin Lankinen,2024020905,2025-02-22,VAN,VGK,1,34,32
20242025,8475717,Calvin Pickard,2024020906,2025-02-23,EDM,WSH,1,34,28
20242025,8479292,Charlie Lindgren,2024020906,2025-02-23,WSH,EDM,1,25,22
20242025,8478048,Igor Shesterkin,2024020907,2025-02-23,NYR,PIT,1,40,37
20242025,8482446,Joel Blomqvist,2024020907,2025-02-23,PIT,NYR,1,15,11
20242025,8479312,Alex Lyon,2024020908,2025-02-23,DET,ANA,1,28,24
20242025,8480843,Lukas Dostal,2024020908,2025-02-23,ANA,DET,1,36,31
20242025,8476883,Andrei Vasilevskiy,2024020909,2025-02-23,TBL,SEA,1,37,36
20242025,8478848,Ales Stezka,2024020909,2025-02-23,SEA,TBL,1,23,20
20242025,8476412,Jordan Binnington,2024020910,2025-02-23,STL,COL,1,29,28
20242025,8478406,Mackenzie Blackwood,2024020910,2025-02-23,COL,STL,1,25,22
20242025,8481020,Justus Annunen,2024020911,2025-02-23,NSH,NJD,1,36,31
20242025,8482076,Nico Daws,2024020911,2025-02-23,NJD,NSH,1,29,29
20242025,8479361,Joseph Woll,2024020912,2025-02-23,TOR,CHI,1,27,25
20242025,8482821,Arvid Soderblom,2024020912,2025-02-23,CHI,TOR,1,29,25
20242025,8478009,Ilya Sorokin,2024020913,2025-02-23,NYI,DAL,1,29,25
20242025,8479979,Jake Oettinger,2024020913,2025-02-23,DAL,NYI,1,37,34
20242025,8480382,Alexandar Georgiev,2024020914,2025-02-23,SJS,CGY,1,36,33
20242025,8481692,Dustin Wolf,2024020914,2025-02-23,CGY,SJS,1,29,27
20242025,8478872,Karel Vejmelka,2024020915,2025-02-23,UTA,VAN,1,16,15
20242025,8481668,Arturs Silovs,2024020915,2025-02-23,VAN,UTA,1,32,30
20242025,8476945,Connor Hellebuyck,2024020916,2025-02-24,WPG,SJS,1,18,17
20242025,8477970,Vitek Vanecek,2024020916,2025-02-24,SJS,WPG,1,35,33
20242025,8475311,Darcy Kuemper,2024020917,2025-02-24,LAK,VGK,1,23,21
20242025,8478492,Ilya Samsonov,2024020917,2025-02-24,VGK,LAK,1,19,14
20242025,8476932,Anthony Stolarz,2024020918,2025-02-25,TOR,BOS,1,36,32
20242025,8480280,Jeremy Swayman,2024020918,2025-02-25,BOS,TOR,1,29,24
20242025,8480045,Ukko-Pekka Luukkonen,2024020919,2025-02-25,BUF,ANA,1,18,16
20242025,8480843,Lukas Dostal,2024020919,2025-02-25,ANA,BUF,1,37,34
20242025,8475883,Frederik Andersen,2024020920,2025-02-25,CAR,MTL,1,18,14
20242025,8478470,Samuel Montembeault,2024020920,2025-02-25,MTL,CAR,1,20,20
20242025,8476883,Andrei Vasilevskiy,2024020921,2025-02-25,TBL,EDM,1,24,23
20242025,8479973,Stuart Skinner,2024020921,2025-02-25,EDM,TBL,1,36,32
20242025,8477968,Alex Nedeljkovic,2024020922,2025-02-25,PIT,PHI,1,38,32
20242025,8481035,Samuel Ersson,2024020922,2025-02-25,PHI,PIT,1,24,23
20242025,8478435,Dan Vladar,2024020923,2025-02-25,CGY,WSH,1,27,26
20242025,8480313,Logan Thompson,2024020923,2025-02-25,WSH,CGY,1,25,22
20242025,8478007,Elvis Merzlikins,2024020924,2025-02-25,CBJ,DAL,1,22,18
20242025,8479979,Jake Oettinger,2024020924,2025-02-25,DAL,CBJ,1,28,23
20242025,8478009,Ilya Sorokin,2024020925,2025-02-25,NYI,NYR,1,11,6
20242025,8478048,Igor Shesterkin,2024020925,2025-02-25,NYR,NYI,1,37,36
20242025,8480819,Jakub Skarek,2024020925,2025-02-25,NYI,NYR,0,7,7
20242025,8476412,Jordan Binnington,2024020926,2025-02-25,STL,SEA,1,27,25
20242025,8478916,Joey Daccord,2024020926,2025-02-25,SEA,STL,1,21,16
20242025,8483668,Nikke Kokko,2024020926,2025-02-25,SEA,STL,0,6,4
20242025,8477424,Juuse Saros,2024020927,2025-02-25,NSH,FLA,1,25,21
20242025,8481519,Spencer Knight,2024020927,2025-02-25,FLA,NSH,1,18,17
20242025,8475660,Cam Talbot,2024020928,2025-02-25,DET,MIN,1,24,22
20242025,8479406,Filip Gustavsson,2024020928,2025-02-25,MIN,DET,1,16,13
20242025,8478872,Karel Vejmelka,2024020929,2025-02-25,UTA,CHI,1,22,21
20242025,8482821,Arvid Soderblom,2024020929,2025-02-25,CHI,UTA,1,37,35
20242025,8476945,Connor Hellebuyck,2024020930,2025-02-26,WPG,OTT,1,24,23
20242025,8476999,Linus Ullmark,2024020930,2025-02-26,OTT,WPG,1,38,36
20242025,8474596,Jake Allen,2024020931,2025-02-26,NJD,COL,1,37,32
20242025,8478406,Mackenzie Blackwood,2024020931,2025-02-26,COL,NJD,1,23,22
20242025,8482076,Nico Daws,2024020931,2025-02-26,NJD,COL,0,0,0
20242025,8479496,David Rittich,2024020932,2025-02-26,LAK,VAN,1,17,14
20242025,8480947,Kevin Lankinen,2024020932,2025-02-26,VAN,LAK,1,26,24
20242025,8478009,Ilya Sorokin,2024020933,2025-02-27,NYI,BOS,1,39,38
20242025,8480280,Jeremy Swayman,2024020933,2025-02-27,BOS,NYI,1,20,18
20242025,8478470,Samuel Montembeault,2024020934,2025-02-27,MTL,SJS,1,26,23
20242025,8480382,Alexandar Georgiev,2024020934,2025-02-27,SJS,MTL,1,33,29
20242025,8475660,Cam Talbot,2024020935,2025-02-27,DET,CBJ,1,29,25
20242025,8480193,Daniil Tarasov,2024020935,2025-02-27,CBJ,DET,1,31,29
20242025,8476883,Andrei Vasilevskiy,2024020936,2025-02-27,TBL,CGY,1,28,28
20242025,8481692,Dustin Wolf,2024020936,2025-02-27,CGY,TBL,1,21,19
20242025,8475683,Sergei Bobrovsky,2024020937,2025-02-27,FLA,EDM,1,27,24
20242025,8479973,Stuart Skinner,2024020937,2025-02-27,EDM,FLA,1,36,32
20242025,8477968,Alex Nedeljkovic,2024020938,2025-02-27,PIT,PHI,1,14,11
20242025,8481035,Samuel Ersson,2024020938,2025-02-27,PHI,PIT,1,25,20
20242025,8482446,Joel Blomqvist,2024020938,2025-02-27,PIT,PHI,0,23,22
20242025,8479292,Charlie Lindgren,2024020939,2025-02-27,WSH,STL,1,18,14
20242025,8480981,Joel Hofer,2024020939,2025-02-27,STL,WSH,1,18,16
20242025,8473503,James Reimer,2024020940,2025-02-27,BUF,CAR,0,29,27
20242025,8480045,Ukko-Pekka Luukkonen,2024020940,2025-02-27,BUF,CAR,1,7,5
20242025,8481611,Pyotr Kochetkov,2024020940,2025-02-27,CAR,BUF,1,15,13
20242025,8477424,Juuse Saros,2024020941,2025-02-27,NSH,WPG,1,23,22
20242025,8477480,Eric Comrie,2024020941,2025-02-27,WPG,NSH,1,31,29
20242025,8470594,Marc-Andre Fleury,2024020942,2025-02-27,MIN,UTA,1,31,25
20242025,8478872,Karel Vejmelka,2024020942,2025-02-27,UTA,MIN,1,16,15
20242025,8475852,Petr Mrazek,2024020943,2025-02-27,CHI,VGK,1,15,10
20242025,8478492,Ilya Samsonov,2024020943,2025-02-27,VGK,CHI,1,22,17
20242025,8482821,Arvid Soderblom,2024020943,2025-02-27,CHI,VGK,0,18,16
20242025,8480843,Lukas Dostal,2024020944,2025-02-27,ANA,VAN,1,24,22
20242025,8481668,Arturs Silovs,2024020944,2025-02-27,VAN,ANA,1,24,20
20242025,8476932,Anthony Stolarz,2024020945,2025-02-28,TOR,NYR,1,35,33
20242025,8478048,Igor Shesterkin,2024020945,2025-02-28,NYR,TOR,1,16,13
20242025,8475311,Darcy Kuemper,2024020946,2025-02-28,LAK,DAL,1,31,25
20242025,8479979,Jake Oettinger,2024020946,2025-02-28,DAL,LAK,1,31,29
20242025,8478406,Mackenzie Blackwood,2024020947,2025-02-28,COL,MIN,1,20,18
20242025,8479406,Filip Gustavsson,2024020947,2025-02-28,MIN,COL,1,29,25
20242025,8475660,Cam Talbot,2024020948,2025-03-01,DET,CBJ,1,20,16
20242025,8478007,Elvis Merzlikins,2024020948,2025-03-01,CBJ,DET,1,46,43
20242025,8477424,Juuse Saros,2024020949,2025-03-01,NSH,NYI,1,35,29
20242025,8478009,Ilya Sorokin,2024020949,2025-03-01,NYI,NSH,1,29,25
20242025,8476883,Andrei Vasilevskiy,2024020950,2025-03-01,TBL,WSH,1,21,20
20242025,8480313,Logan Thompson,2024020950,2025-03-01,WSH,TBL,1,18,16
20242025,8475683,Sergei Bobrovsky,2024020951,2025-03-01,FLA,CGY,1,23,23
20242025,8478435,Dan Vladar,2024020951,2025-03-01,CGY,FLA,1,42,39
20242025,8476914,Joonas Korpisalo,2024020952,2025-03-01,BOS,PIT,1,33,31
20242025,8477968,Alex Nedeljkovic,2024020952,2025-03-01,PIT,BOS,1,25,23
20242025,8480045,Ukko-Pekka Luukkonen,2024020953,2025-03-01,BUF,MTL,1,28,25
20242025,8482487,Jakub Dobes,2024020953,2025-03-01,MTL,BUF,1,25,23
20242025,8476999,Linus Ullmark,2024020954,2025-03-01,OTT,SJS,1,37,34
20242025,8477970,Vitek Vanecek,2024020954,2025-03-01,SJS,OTT,1,31,27
20242025,8475717,Calvin Pickard,2024020955,2025-03-01,EDM,CAR,1,36,35
20242025,8475883,Frederik Andersen,2024020955,2025-03-01,CAR,EDM,1,30,28
20242025,8476945,Connor Hellebuyck,2024020956,2025-03-01,WPG,PHI,1,32,31
20242025,8478905,Ivan Fedotov,2024020956,2025-03-01,PHI,WPG,1,30,29
20242025,8476412,Jordan Binnington,2024020957,2025-03-01,STL,LAK,1,26,25
20242025,8479496,David Rittich,2024020957,2025-03-01,LAK,STL,1,34,30
20242025,8478872,Karel Vejmelka,2024020958,2025-03-01,UTA,NJD,1,29,26
20242025,8482076,Nico Daws,2024020958,2025-03-01,NJD,UTA,1,25,24
20242025,8476434,John Gibson,2024020959,2025-03-01,ANA,CHI,1,24,18
20242025,8482821,Arvid Soderblom,2024020959,2025-03-01,CHI,ANA,1,31,28
20242025,8478916,Joey Daccord,2024020960,2025-03-01,SEA,VAN,1,31,28
20242025,8480947,Kevin Lankinen,2024020960,2025-03-01,VAN,SEA,1,23,18
20242025,8479361,Joseph Woll,2024020961,2025-03-02,TOR,PIT,1,34,29
20242025,8482446,Joel Blomqvist,2024020961,2025-03-02,PIT,TOR,1,33,27
20242025,8479406,Filip Gustavsson,2024020962,2025-03-02,MIN,BOS,1,28,28
20242025,8480280,Jeremy Swayman,2024020962,2025-03-02,BOS,MIN,1,22,21
20242025,8481611,Pyotr Kochetkov,2024020963,2025-03-02,CAR,CGY,1,16,15
20242025,8481692,Dustin Wolf,2024020963,2025-03-02,CGY,CAR,1,33,31
20242025,8476412,Jordan Binnington,2024020964,2025-03-02,STL,DAL,0,12,9
20242025,8479979,Jake Oettinger,2024020964,2025-03-02,DAL,STL,1,42,39
20242025,8480981,Joel Hofer,2024020964,2025-03-02,STL,DAL,1,9,6
20242025,8471734,Jonathan Quick,2024020965,2025-03-02,NYR,NSH,1,34,34
20242025,8481020,Justus Annunen,2024020965,2025-03-02,NSH,NYR,1,34,30
20242025,8474593,Jacob Markstrom,2024020966,2025-03-02,NJD,VGK,1,24,22
20242025,8478499,Adin Hill,2024020966,2025-03-02,VGK,NJD,1,25,25
20242025,8476999,Linus Ullmark,2024020967,2025-03-03,OTT,WSH,1,41,37
20242025,8480313,Logan Thompson,2024020967,2025-03-03,WSH,OTT,1,37,33
20242025,8473503,James Reimer,2024020968,2025-03-03,BUF,MTL,1,20,16
20242025,8478470,Samuel Montembeault,2024020968,2025-03-03,MTL,BUF,1,36,33
20242025,8475683,Sergei Bobrovsky,2024020969,2025-03-03,FLA,TBL,1,29,28
20242025,8476883,Andrei Vasilevskiy,2024020969,2025-03-03,TBL,FLA,1,29,27
20242025,8478009,Ilya Sorokin,2024020970,2025-03-03,NYI,NYR,1,26,23
20242025,8478048,Igor Shesterkin,2024020970,2025-03-03,NYR,NYI,1,21,21
20242025,8476932,Anthony Stolarz,2024020971,2025-03-03,TOR,SJS,1,22,20
20242025,8480382,Alexandar Georgiev,2024020971,2025-03-03,SJS,TOR,1,27,25
20242025,8475311,Darcy Kuemper,2024020972,2025-03-03,LAK,CHI,1,18,14
20242025,8481519,Spencer Knight,2024020972,2025-03-03,CHI,LAK,1,42,41
20242025,8477424,Juuse Saros,2024020973,2025-03-04,NSH,BOS,1,21,18
20242025,8480280,Jeremy Swayman,2024020973,2025-03-04,BOS,NSH,1,29,24
20242025,8480045,Ukko-Pekka Luukkonen,2024020974,2025-03-04,BUF,SJS,1,27,22
20242025,8480382,Alexandar Georgiev,2024020974,2025-03-04,SJS,BUF,1,22,20
20242025,8475883,Frederik Andersen,2024020975,2025-03-04,CAR,DET,1,25,24
20242025,8479312,Alex Lyon,2024020975,2025-03-04,DET,CAR,1,30,28
20242025,8477992,Jonas Johansson,2024020976,2025-03-04,TBL,CBJ,1,33,31
20242025,8478007,Elvis Merzlikins,2024020976,2025-03-04,CBJ,TBL,1,39,34
20242025,8478905,Ivan Fedotov,2024020977,2025-03-04,PHI,CGY,0,28,26
20242025,8481035,Samuel Ersson,2024020977,2025-03-04,PHI,CGY,1,5,2
20242025,8481692,Dustin Wolf,2024020977,2025-03-04,CGY,PHI,1,29,26
20242025,8476945,Connor Hellebuyck,2024020978,2025-03-04,WPG,NYI,1,29,26
20242025,8478009,Ilya Sorokin,2024020978,2025-03-04,NYI,WPG,1,28,26
20242025,8474593,Jacob Markstrom,2024020979,2025-03-04,NJD,DAL,1,21,17
20242025,8479193,Casey DeSmith,2024020979,2025-03-04,DAL,NJD,1,28,25
20242025,8475809,Scott Wedgewood,2024020980,2025-03-04,COL,PIT,1,33,32
20242025,8477968,Alex Nedeljkovic,2024020980,2025-03-04,PIT,COL,1,23,21
20242025,8475717,Calvin Pickard,2024020981,2025-03-04,EDM,ANA,1,11,7
20242025,8479973,Stuart Skinner,2024020981,2025-03-04,EDM,ANA,0,16,14
20242025,8480843,Lukas Dostal,2024020981,2025-03-04,ANA,EDM,1,35,33
20242025,8478916,Joey Daccord,2024020982,2025-03-04,SEA,MIN,1,20,16
20242025,8479406,Filip Gustavsson,2024020982,2025-03-04,MIN,SEA,1,36,33
20242025,8478048,Igor Shesterkin,2024020983,2025-03-05,NYR,WSH,1,26,23
20242025,8479292,Charlie Lindgren,2024020983,2025-03-05,WSH,NYR,1,17,15
20242025,8476999,Linus Ullmark,2024020984,2025-03-05,OTT,CHI,1,20,17
20242025,8482821,Arvid Soderblom,2024020984,2025-03-05,CHI,OTT,1,26,22
20242025,8476932,Anthony Stolarz,2024020985,2025-03-05,TOR,VGK,0,18,16
20242025,8478499,Adin Hill,2024020985,2025-03-05,VGK,TOR,1,31,29
20242025,8479361,Joseph Woll,2024020985,2025-03-05,TOR,VGK,1,7,4
20242025,8476434,John Gibson,2024020986,2025-03-05,ANA,VAN,1,21,19
20242025,8480843,Lukas Dostal,2024020986,2025-03-05,ANA,VAN,0,15,14
20242025,8480947,Kevin Lankinen,2024020986,2025-03-05,VAN,ANA,1,16,14
20242025,8475311,Darcy Kuemper,2024020987,2025-03-05,LAK,STL,1,30,28
20242025,8476412,Jordan Binnington,2024020987,2025-03-05,STL,LAK,1,23,21
20242025,8478872,Karel Vejmelka,2024020988,2025-03-06,UTA,DET,1,40,38
20242025,8479312,Alex Lyon,2024020988,2025-03-06,DET,UTA,1,19,15
20242025,8476883,Andrei Vasilevskiy,2024020989,2025-03-06,TBL,BUF,1,33,28
20242025,8480045,Ukko-Pekka Luukkonen,2024020989,2025-03-06,BUF,TBL,1,26,20
20242025,8475683,Sergei Bobrovsky,2024020990,2025-03-06,FLA,CBJ,1,16,16
20242025,8478007,Elvis Merzlikins,2024020990,2025-03-06,CBJ,FLA,1,35,33
20242025,8477480,Eric Comrie,2024020991,2025-03-06,WPG,PHI,1,22,21
20242025,8481035,Samuel Ersson,2024020991,2025-03-06,PHI,WPG,1,27,23
20242025,8476914,Joonas Korpisalo,2024020992,2025-03-06,BOS,CAR,1,23,20
20242025,8481611,Pyotr Kochetkov,2024020992,2025-03-06,CAR,BOS,1,34,32
20242025,8477424,Juuse Saros,2024020993,2025-03-06,NSH,SEA,1,25,22
20242025,8478916,Joey Daccord,2024020993,2025-03-06,SEA,NSH,1,33,29
20242025,8478435,Dan Vladar,2024020994,2025-03-06,CGY,DAL,1,27,24
20242025,8479979,Jake Oettinger,2024020994,2025-03-06,DAL,CGY,1,28,26
20242025,8478470,Samuel Montembeault,2024020995,2025-03-06,MTL,EDM,1,32,29
20242025,8479973,Stuart Skinner,2024020995,2025-03-06,EDM,MTL,1,27,25
20242025,8478406,Mackenzie Blackwood,2024020996,2025-03-06,COL,SJS,1,34,31
20242025,8480382,Alexandar Georgiev,2024020996,2025-03-06,SJS,COL,1,32,25
20242025,8474593,Jacob Markstrom,2024020997,2025-03-07,NJD,WPG,1,35,29
20242025,8476945,Connor Hellebuyck,2024020997,2025-03-07,WPG,NJD,1,23,22
20242025,8475660,Cam Talbot,2024020998,2025-03-07,DET,WSH,1,28,23
20242025,8480313,Logan Thompson,2024020998,2025-03-07,WSH,DET,1,19,17
20242025,8478872,Karel Vejmelka,2024020999,2025-03-07,UTA,CHI,1,25,21
20242025,8481519,Spencer Knight,2024020999,2025-03-07,CHI,UTA,1,39,36
20242025,8479406,Filip Gustavsson,2024021000,2025-03-07,MIN,VAN,1,19,17
20242025,8480947,Kevin Lankinen,2024021000,2025-03-07,VAN,MIN,1,38,37
20242025,8477968,Alex Nedeljkovic,2024021001,2025-03-07,PIT,VGK,1,27,23
20242025,8478492,Ilya Samsonov,2024021001,2025-03-07,VGK,PIT,1,22,22
20242025,8476412,Jordan Binnington,2024021002,2025-03-07,STL,ANA,1,24,21
20242025,8480843,Lukas Dostal,2024021002,2025-03-07,ANA,STL,1,21,18
20242025,8476999,Linus Ullmark,2024021003,2025-03-08,OTT,NYR,1,23,20
20242025,8478048,Igor Shesterkin,2024021003,2025-03-08,NYR,OTT,1,37,33
20242025,8475831,Philipp Grubauer,2024021004,2025-03-08,SEA,PHI,1,24,23
20242025,8481035,Samuel Ersson,2024021004,2025-03-08,PHI,SEA,1,32,28
20242025,8476883,Andrei Vasilevskiy,2024021005,2025-03-08,TBL,BOS,1,24,21
20242025,8480280,Jeremy Swayman,2024021005,2025-03-08,BOS,TBL,1,25,25
20242025,8477970,Vitek Vanecek,2024021006,2025-03-08,FLA,BUF,1,21,21
20242025,8480045,Ukko-Pekka Luukkonen,2024021006,2025-03-08,BUF,FLA,1,35,32
20242025,8476932,Anthony Stolarz,2024021007,2025-03-08,TOR,COL,1,32,27
20242025,8478406,Mackenzie Blackwood,2024021007,2025-03-08,COL,TOR,1,21,17
20242025,8481692,Dustin Wolf,2024021008,2025-03-08,CGY,MTL,1,26,26
20242025,8482487,Jakub Dobes,2024021008,2025-03-08,MTL,CGY,1,24,23
20242025,8481020,Justus Annunen,2024021009,2025-03-08,NSH,CHI,1,19,17
20242025,8482821,Arvid Soderblom,2024021009,2025-03-08,CHI,NSH,1,41,38
20242025,8475311,Darcy Kuemper,2024021010,2025-03-08,LAK,STL,1,20,19
20242025,8480981,Joel Hofer,2024021010,2025-03-08,STL,LAK,1,23,21
20242025,8479973,Stuart Skinner,2024021011,2025-03-08,EDM,DAL,1,25,21
20242025,8479979,Jake Oettinger,2024021011,2025-03-08,DAL,EDM,1,27,22
20242025,8478009,Ilya Sorokin,2024021012,2025-03-08,NYI,SJS,1,40,38
20242025,8480382,Alexandar Georgiev,2024021012,2025-03-08,SJS,NYI,1,28,24
20242025,8474596,Jake Allen,2024021013,2025-03-09,NJD,PHI,1,24,23
20242025,8478905,Ivan Fedotov,2024021013,2025-03-09,PHI,NJD,1,22,20
20242025,8478916,Joey Daccord,2024021014,2025-03-09,SEA,WSH,1,23,20
20242025,8479292,Charlie Lindgren,2024021014,2025-03-09,WSH,SEA,1,32,30
20242025,8470594,Marc-Andre Fleury,2024021015,2025-03-09,MIN,PIT,1,21,19
20242025,8477465,Tristan Jarry,2024021015,2025-03-09,PIT,MIN,1,30,29
20242025,8475883,Frederik Andersen,2024021016,2025-03-09,CAR,WPG,1,22,20
20242025,8476945,Connor Hellebuyck,2024021016,2025-03-09,WPG,CAR,1,26,23
20242025,8471734,Jonathan Quick,2024021017,2025-03-09,NYR,CBJ,1,28,21
20242025,8480193,Daniil Tarasov,2024021017,2025-03-09,CBJ,NYR,1,35,32
20242025,8478499,Adin Hill,2024021018,2025-03-09,VGK,LAK,1,35,29
20242025,8479496,David Rittich,2024021018,2025-03-09,LAK,VGK,1,32,27
20242025,8479193,Casey DeSmith,2024021019,2025-03-09,DAL,VAN,1,23,22
20242025,8480947,Kevin Lankinen,2024021019,2025-03-09,VAN,DAL,1,18,15
20242025,8477405,Marcus Hogberg,2024021020,2025-03-09,NYI,ANA,1,27,24
20242025,8480843,Lukas Dostal,2024021020,2025-03-09,ANA,NYI,1,32,31
20242025,8479973,Stuart Skinner,2024021021,2025-03-10,EDM,BUF,1,23,20
20242025,8480045,Ukko-Pekka Luukkonen,2024021021,2025-03-10,BUF,EDM,1,34,32
20242025,8475660,Cam Talbot,2024021022,2025-03-10,DET,OTT,1,23,21
20242025,8476999,Linus Ullmark,2024021022,2025-03-10,OTT,DET,1,49,48
20242025,8475809,Scott Wedgewood,2024021023,2025-03-10,COL,CHI,1,20,20
20242025,8481519,Spencer Knight,2024021023,2025-03-10,CHI,COL,1,20,18
20242025,8478872,Karel Vejmelka,2024021024,2025-03-10,UTA,TOR,1,26,23
20242025,8479361,Joseph Woll,2024021024,2025-03-10,TOR,UTA,1,33,30
20242025,8475683,Sergei Bobrovsky,2024021025,2025-03-11,FLA,BOS,1,24,21
20242025,8480280,Jeremy Swayman,2024021025,2025-03-11,BOS,FLA,1,28,26
20242025,8474593,Jacob Markstrom,2024021026,2025-03-11,NJD,CBJ,1,20,17
20242025,8478007,Elvis Merzlikins,2024021026,2025-03-11,CBJ,NJD,1,28,23
20242025,8476341,Anton Forsberg,2024021027,2025-03-11,OTT,PHI,1,22,20
20242025,8478905,Ivan Fedotov,2024021027,2025-03-11,PHI,OTT,1,23,19
20242025,8477465,Tristan Jarry,2024021028,2025-03-11,PIT,VGK,1,37,35
20242025,8478492,Ilya Samsonov,2024021028,2025-03-11,VGK,PIT,1,17,14
20242025,8476883,Andrei Vasilevskiy,2024021029,2025-03-11,TBL,CAR,1,31,27
20242025,8481611,Pyotr Kochetkov,2024021029,2025-03-11,CAR,TBL,1,24,23
20242025,8478406,Mackenzie Blackwood,2024021030,2025-03-11,COL,MIN,1,23,22
20242025,8479406,Filip Gustavsson,2024021030,2025-03-11,MIN,COL,1,28,27
20242025,8476945,Connor Hellebuyck,2024021031,2025-03-11,WPG,NYR,1,22,21
20242025,8478048,Igor Shesterkin,2024021031,2025-03-11,NYR,WPG,1,24,22
20242025,8478470,Samuel Montembeault,2024021032,2025-03-11,MTL,VAN,1,31,29
20242025,8480947,Kevin Lankinen,2024021032,2025-03-11,VAN,MTL,1,26,23
20242025,8480313,Logan Thompson,2024021033,2025-03-11,WSH,ANA,1,29,25
20242025,8480843,Lukas Dostal,2024021033,2025-03-11,ANA,WSH,1,42,36
20242025,8475311,Darcy Kuemper,2024021034,2025-03-11,LAK,NYI,1,34,33
20242025,8478009,Ilya Sorokin,2024021034,2025-03-11,NYI,LAK,1,31,28
20242025,8477424,Juuse Saros,2024021035,2025-03-11,NSH,SJS,1,27,25
20242025,8480382,Alexandar Georgiev,2024021035,2025-03-11,SJS,NSH,1,19,16
20242025,8475852,Petr Mrazek,2024021036,2025-03-12,DET,BUF,1,26,23
20242025,8480045,Ukko-Pekka Luukkonen,2024021036,2025-03-12,BUF,DET,1,29,22
20242025,8480947,Kevin Lankinen,2024021037,2025-03-12,VAN,CGY,1,23,20
20242025,8481692,Dustin Wolf,2024021037,2025-03-12,CGY,VAN,1,31,28
20242025,8478024,Ville Husso,2024021038,2025-03-12,ANA,UTA,1,39,36
20242025,8478872,Karel Vejmelka,2024021038,2025-03-12,UTA,ANA,1,21,19
20242025,8478916,Joey Daccord,2024021039,2025-03-12,SEA,MTL,1,25,21
20242025,8482487,Jakub Dobes,2024021039,2025-03-12,MTL,SEA,1,35,30
20242025,8475683,Sergei Bobrovsky,2024021040,2025-03-13,FLA,TOR,1,25,23
20242025,8476932,Anthony Stolarz,2024021040,2025-03-13,TOR,FLA,1,25,22
20242025,8476914,Joonas Korpisalo,2024021041,2025-03-13,BOS,OTT,0,16,15
20242025,8476999,Linus Ullmark,2024021041,2025-03-13,OTT,BOS,1,25,22
20242025,8480280,Jeremy Swayman,2024021041,2025-03-13,BOS,OTT,1,15,11
20242025,8474596,Jake Allen,2024021042,2025-03-13,NJD,EDM,1,33,31
20242025,8479973,Stuart Skinner,2024021042,2025-03-13,EDM,NJD,1,22,19
20242025,8477992,Jonas Johansson,2024021043,2025-03-13,TBL,PHI,1,29,26
20242025,8481035,Samuel Ersson,2024021043,2025-03-13,PHI,TBL,1,20,17
20242025,8476412,Jordan Binnington,2024021044,2025-03-13,STL,PIT,1,19,15
20242025,8477465,Tristan Jarry,2024021044,2025-03-13,PIT,STL,1,35,32
20242025,8480981,Joel Hofer,2024021044,2025-03-13,STL,PIT,0,2,2
20242025,8478007,Elvis Merzlikins,2024021045,2025-03-13,CBJ,VGK,1,28,25
20242025,8478499,Adin Hill,2024021045,2025-03-13,VGK,CBJ,1,27,27
20242025,8478048,Igor Shesterkin,2024021046,2025-03-13,NYR,MIN,1,28,26
20242025,8479406,Filip Gustavsson,2024021046,2025-03-13,MIN,NYR,1,31,28
20242025,8475311,Darcy Kuemper,2024021047,2025-03-13,LAK,WSH,1,21,21
20242025,8479292,Charlie Lindgren,2024021047,2025-03-13,WSH,LAK,1,27,24
20242025,8480382,Alexandar Georgiev,2024021048,2025-03-13,SJS,CHI,1,26,24
20242025,8481519,Spencer Knight,2024021048,2025-03-13,CHI,SJS,1,24,21
20242025,8475852,Petr Mrazek,2024021049,2025-03-14,DET,CAR,1,31,28
20242025,8475883,Frederik Andersen,2024021049,2025-03-14,CAR,DET,1,26,24
20242025,8475717,Calvin Pickard,2024021050,2025-03-14,EDM,NYI,1,25,24
20242025,8478009,Ilya Sorokin,2024021050,2025-03-14,NYI,EDM,1,35,33
20242025,8476945,Connor Hellebuyck,2024021051,2025-03-14,WPG,DAL,1,25,24
20242025,8479979,Jake Oettinger,2024021051,2025-03-14,DAL,WPG,1,22,18
20242025,8475809,Scott Wedgewood,2024021052,2025-03-14,COL,CGY,1,24,22
20242025,8481692,Dustin Wolf,2024021052,2025-03-14,CGY,COL,1,27,24
20242025,8477424,Juuse Saros,2024021053,2025-03-14,NSH,ANA,1,15,13
20242025,8480843,Lukas Dostal,2024021053,2025-03-14,ANA,NSH,1,29,28
20242025,8475831,Philipp Grubauer,2024021054,2025-03-14,SEA,UTA,1,25,23
20242025,8478872,Karel Vejmelka,2024021054,2025-03-14,UTA,SEA,1,22,19
20242025,8478499,Adin Hill,2024021055,2025-03-15,VGK,BUF,1,37,34
20242025,8480045,Ukko-Pekka Luukkonen,2024021055,2025-03-15,BUF,VGK,1,19,16
20242025,8474593,Jacob Markstrom,2024021056,2025-03-15,NJD,PIT,1,23,17
20242025,8477465,Tristan Jarry,2024021056,2025-03-15,PIT,NJD,1,27,24
20242025,8480313,Logan Thompson,2024021057,2025-03-15,WSH,SJS,1,20,19
20242025,8480382,Alexandar Georgiev,2024021057,2025-03-15,SJS,WSH,1,17,14
20242025,8484312,Georgii Romanov,2024021057,2025-03-15,SJS,WSH,0,11,9
20242025,8476883,Andrei Vasilevskiy,2024021058,2025-03-15,TBL,BOS,1,12,10
20242025,8480280,Jeremy Swayman,2024021058,2025-03-15,BOS,TBL,1,38,34
20242025,8476932,Anthony Stolarz,2024021059,2025-03-15,TOR,OTT,1,24,21
20242025,8476999,Linus Ullmark,2024021059,2025-03-15,OTT,TOR,1,23,21
20242025,8475683,Sergei Bobrovsky,2024021060,2025-03-15,FLA,MTL,1,15,12
20242025,8478470,Samuel Montembeault,2024021060,2025-03-15,MTL,FLA,1,22,21
20242025,8481035,Samuel Ersson,2024021061,2025-03-15,PHI,CAR,1,30,25
20242025,8481611,Pyotr Kochetkov,2024021061,2025-03-15,CAR,PHI,1,26,26
20242025,8478048,Igor Shesterkin,2024021062,2025-03-15,NYR,CBJ,1,21,21
20242025,8480193,Daniil Tarasov,2024021062,2025-03-15,CBJ,NYR,1,20,17
20242025,8479406,Filip Gustavsson,2024021063,2025-03-15,MIN,STL,1,27,23
20242025,8480981,Joel Hofer,2024021063,2025-03-15,STL,MIN,1,18,17
20242025,8475311,Darcy Kuemper,2024021064,2025-03-15,LAK,NSH,1,24,24
20242025,8481020,Justus Annunen,2024021064,2025-03-15,NSH,LAK,1,21,20
20242025,8481668,Arturs Silovs,2024021065,2025-03-15,VAN,CHI,1,19,17
20242025,8482821,Arvid Soderblom,2024021065,2025-03-15,CHI,VAN,1,15,9
20242025,8475852,Petr Mrazek,2024021066,2025-03-16,DET,VGK,1,18,18
20242025,8478492,Ilya Samsonov,2024021066,2025-03-16,VGK,DET,1,27,24
20242025,8475809,Scott Wedgewood,2024021067,2025-03-16,COL,DAL,1,22,19
20242025,8479979,Jake Oettinger,2024021067,2025-03-16,DAL,COL,1,35,31
20242025,8476412,Jordan Binnington,2024021068,2025-03-16,STL,ANA,1,25,23
20242025,8478024,Ville Husso,2024021068,2025-03-16,ANA,STL,0,12,10
20242025,8480843,Lukas Dostal,2024021068,2025-03-16,ANA,STL,1,14,9
20242025,8478048,Igor Shesterkin,2024021069,2025-03-16,NYR,EDM,1,23,20
20242025,8479973,Stuart Skinner,2024021069,2025-03-16,EDM,NYR,1,22,21
20242025,8477970,Vitek Vanecek,2024021070,2025-03-16,FLA,NYI,1,33,30
20242025,8478009,Ilya Sorokin,2024021070,2025-03-16,NYI,FLA,1,24,22
20242025,8478872,Karel Vejmelka,2024021071,2025-03-16,UTA,VAN,1,19,18
20242025,8480947,Kevin Lankinen,2024021071,2025-03-16,VAN,UTA,1,22,20
20242025,8476945,Connor Hellebuyck,2024021072,2025-03-16,WPG,SEA,0,6,5
20242025,8477480,Eric Comrie,2024021072,2025-03-16,WPG,SEA,1,15,14
20242025,8478916,Joey Daccord,2024021072,2025-03-16,SEA,WPG,1,26,23
20242025,8476914,Joonas Korpisalo,2024021073,2025-03-17,BOS,BUF,1,30,27
20242025,8480045,Ukko-Pekka Luukkonen,2024021073,2025-03-17,BUF,BOS,1,20,18
20242025,8476883,Andrei Vasilevskiy,2024021074,2025-03-17,TBL,PHI,1,21,21
20242025,8478905,Ivan Fedotov,2024021074,2025-03-17,PHI,TBL,1,22,21
20242025,8474596,Jake Allen,2024021075,2025-03-17,NJD,CBJ,1,46,45
20242025,8482982,Jet Greaves,2024021075,2025-03-17,CBJ,NJD,1,20,18
20242025,8478435,Dan Vladar,2024021076,2025-03-17,CGY,TOR,0,3,2
20242025,8479361,Joseph Woll,2024021076,2025-03-17,TOR,CGY,1,26,24
20242025,8481692,Dustin Wolf,2024021076,2025-03-17,CGY,TOR,1,26,21
20242025,8475311,Darcy Kuemper,2024021077,2025-03-17,LAK,MIN,1,21,19
20242025,8479406,Filip Gustavsson,2024021077,2025-03-17,MIN,LAK,1,29,28
20242025,8476999,Linus Ullmark,2024021078,2025-03-18,OTT,MTL,1,31,27
20242025,8478470,Samuel Montembeault,2024021078,2025-03-18,MTL,OTT,1,25,22
20242025,8478048,Igor Shesterkin,2024021079,2025-03-18,NYR,CGY,1,35,33
20242025,8478435,Dan Vladar,2024021079,2025-03-18,CGY,NYR,1,13,12
20242025,8477465,Tristan Jarry,2024021080,2025-03-18,PIT,NYI,1,37,34
20242025,8478009,Ilya Sorokin,2024021080,2025-03-18,NYI,PIT,1,21,19
20242025,8475852,Petr Mrazek,2024021081,2025-03-18,DET,WSH,1,26,22
20242025,8480313,Logan Thompson,2024021081,2025-03-18,WSH,DET,1,24,23
20242025,8477424,Juuse Saros,2024021082,2025-03-18,NSH,STL,1,21,17
20242025,8480981,Joel Hofer,2024021082,2025-03-18,STL,NSH,1,23,22
20242025,8479979,Jake Oettinger,2024021083,2025-03-18,DAL,ANA,1,25,22
20242025,8480843,Lukas Dostal,2024021083,2025-03-18,ANA,DAL,1,31,27
20242025,8478916,Joey Daccord,2024021084,2025-03-18,SEA,CHI,1,29,27
20242025,8481519,Spencer Knight,2024021084,2025-03-18,CHI,SEA,1,30,24
20242025,8475717,Calvin Pickard,2024021085,2025-03-18,EDM,UTA,1,30,29
20242025,8478872,Karel Vejmelka,2024021085,2025-03-18,UTA,EDM,1,15,12
20242025,8483530,Jaxson Stauber,2024021085,2025-03-18,UTA,EDM,0,28,24
20242025,8476945,Connor Hellebuyck,2024021086,2025-03-18,WPG,VAN,1,21,16
20242025,8480947,Kevin Lankinen,2024021086,2025-03-18,VAN,WPG,1,22,20
20242025,8478406,Mackenzie Blackwood,2024021087,2025-03-19,COL,TOR,1,26,24
20242025,8479361,Joseph Woll,2024021087,2025-03-19,TOR,COL,1,39,38
20242025,8475831,Philipp Grubauer,2024021088,2025-03-19,SEA,MIN,1,27,24
20242025,8479406,Filip Gustavsson,2024021088,2025-03-19,MIN,SEA,1,34,34
20242025,8475809,Scott Wedgewood,2024021089,2025-03-20,COL,OTT,1,16,15
20242025,8476341,Anton Forsberg,2024021089,2025-03-20,OTT,COL,0,20,19
20242025,8476999,Linus Ullmark,2024021089,2025-03-20,OTT,COL,1,13,9
20242025,8474593,Jacob Markstrom,2024021090,2025-03-20,NJD,CGY,1,27,23
20242025,8481692,Dustin Wolf,2024021090,2025-03-20,CGY,NJD,1,29,26
20242025,8476932,Anthony Stolarz,2024021091,2025-03-20,TOR,NYR,1,30,27
20242025,8478048,Igor Shesterkin,2024021091,2025-03-20,NYR,TOR,1,28,24
20242025,8479292,Charlie Lindgren,2024021092,2025-03-20,WSH,PHI,1,28,27
20242025,8481035,Samuel Ersson,2024021092,2025-03-20,PHI,WSH,1,16,13
20242025,8475683,Sergei Bobrovsky,2024021093,2025-03-20,FLA,CBJ,1,25,25
20242025,8478007,Elvis Merzlikins,2024021093,2025-03-20,CBJ,FLA,1,29,28
20242025,8478009,Ilya Sorokin,2024021094,2025-03-20,NYI,MTL,1,41,38
20242025,8478470,Samuel Montembeault,2024021094,2025-03-20,MTL,NYI,1,25,21
20242025,8476412,Jordan Binnington,2024021095,2025-03-20,STL,VAN,1,18,15
20242025,8480947,Kevin Lankinen,2024021095,2025-03-20,VAN,STL,1,29,25
20242025,8476434,John Gibson,2024021096,2025-03-20,ANA,NSH,1,34,33
20242025,8481020,Justus Annunen,2024021096,2025-03-20,NSH,ANA,1,34,31
20242025,8476883,Andrei Vasilevskiy,2024021097,2025-03-20,TBL,DAL,1,24,22
20242025,8479193,Casey DeSmith,2024021097,2025-03-20,DAL,TBL,1,38,36
20242025,8475311,Darcy Kuemper,2024021098,2025-03-20,LAK,CHI,1,17,16
20242025,8481519,Spencer Knight,2024021098,2025-03-20,CHI,LAK,1,32,30
20242025,8475717,Calvin Pickard,2024021099,2025-03-20,EDM,WPG,0,4,3
20242025,8476945,Connor Hellebuyck,2024021099,2025-03-20,WPG,EDM,1,24,21
20242025,8479973,Stuart Skinner,2024021099,2025-03-20,EDM,WPG,1,16,13
20242025,8473503,James Reimer,2024021100,2025-03-20,BUF,UTA,1,30,27
20242025,8478872,Karel Vejmelka,2024021100,2025-03-20,UTA,BUF,1,27,25
20242025,8478499,Adin Hill,2024021101,2025-03-20,VGK,BOS,1,19,18
20242025,8480280,Jeremy Swayman,2024021101,2025-03-20,BOS,VGK,1,32,27
20242025,8475883,Frederik Andersen,2024021102,2025-03-20,CAR,SJS,1,25,24
20242025,8484312,Georgii Romanov,2024021102,2025-03-20,SJS,CAR,1,29,26
20242025,8477968,Alex Nedeljkovic,2024021103,2025-03-21,PIT,CBJ,1,47,44
20242025,8478007,Elvis Merzlikins,2024021103,2025-03-21,CBJ,PIT,1,33,28
20242025,8478048,Igor Shesterkin,2024021104,2025-03-22,NYR,VAN,1,39,36
20242025,8480947,Kevin Lankinen,2024021104,2025-03-22,VAN,NYR,1,11,7
20242025,8478905,Ivan Fedotov,2024021105,2025-03-22,PHI,DAL,1,3,1
20242025,8479979,Jake Oettinger,2024021105,2025-03-22,DAL,PHI,1,24,22
20242025,8481035,Samuel Ersson,2024021105,2025-03-22,PHI,DAL,0,16,15
20242025,8479406,Filip Gustavsson,2024021106,2025-03-22,MIN,BUF,1,21,20
20242025,8480045,Ukko-Pekka Luukkonen,2024021106,2025-03-22,BUF,MIN,1,20,17
20242025,8480981,Joel Hofer,2024021107,2025-03-22,STL,CHI,1,27,26
20242025,8482821,Arvid Soderblom,2024021107,2025-03-22,CHI,STL,1,25,21
20242025,8477405,Marcus Hogberg,2024021108,2025-03-22,NYI,CGY,1,35,31
20242025,8478435,Dan Vladar,2024021108,2025-03-22,CGY,NYI,1,29,26
20242025,8479496,David Rittich,2024021109,2025-03-22,LAK,CAR,1,36,34
20242025,8481611,Pyotr Kochetkov,2024021109,2025-03-22,CAR,LAK,1,25,18
20242025,8477970,Vitek Vanecek,2024021110,2025-03-22,FLA,WSH,1,33,27
20242025,8480313,Logan Thompson,2024021110,2025-03-22,WSH,FLA,1,36,33
20242025,8477990,Brandon Halverson,2024021111,2025-03-22,TBL,UTA,1,24,19
20242025,8478872,Karel Vejmelka,2024021111,2025-03-22,UTA,TBL,1,27,23
20242025,8478406,Mackenzie Blackwood,2024021112,2025-03-22,COL,MTL,1,29,25
20242025,8478470,Samuel Montembeault,2024021112,2025-03-22,MTL,COL,1,37,33
20242025,8474596,Jake Allen,2024021113,2025-03-22,NJD,OTT,1,19,16
20242025,8476999,Linus Ullmark,2024021113,2025-03-22,OTT,NJD,1,27,25
20242025,8477424,Juuse Saros,2024021114,2025-03-22,NSH,TOR,1,26,24
20242025,8479361,Joseph Woll,2024021114,2025-03-22,TOR,NSH,1,31,27
20242025,8475660,Cam Talbot,2024021115,2025-03-22,DET,VGK,1,35,30
20242025,8478499,Adin Hill,2024021115,2025-03-22,VGK,DET,1,31,28
20242025,8478916,Joey Daccord,2024021116,2025-03-22,SEA,EDM,1,28,24
20242025,8479973,Stuart Skinner,2024021116,2025-03-22,EDM,SEA,1,32,28
20242025,8476914,Joonas Korpisalo,2024021117,2025-03-22,BOS,SJS,1,20,18
20242025,8480382,Alexandar Georgiev,2024021117,2025-03-22,SJS,BOS,1,23,22
20242025,8478905,Ivan Fedotov,2024021118,2025-03-23,PHI,CHI,1,29,22
20242025,8481519,Spencer Knight,2024021118,2025-03-23,CHI,PHI,1,29,25
20242025,8473503,James Reimer,2024021119,2025-03-23,BUF,WPG,1,36,33
20242025,8477480,Eric Comrie,2024021119,2025-03-23,WPG,BUF,1,16,12
20242025,8475683,Sergei Bobrovsky,2024021120,2025-03-23,FLA,PIT,1,27,24
20242025,8477465,Tristan Jarry,2024021120,2025-03-23,PIT,FLA,1,31,28
20242025,8476412,Jordan Binnington,2024021121,2025-03-23,STL,NSH,1,32,31
20242025,8481020,Justus Annunen,2024021121,2025-03-23,NSH,STL,1,17,14
20242025,8476883,Andrei Vasilevskiy,2024021122,2025-03-23,TBL,VGK,1,29,26
20242025,8478492,Ilya Samsonov,2024021122,2025-03-23,VGK,TBL,1,37,35
20242025,8475883,Frederik Andersen,2024021123,2025-03-23,CAR,ANA,1,37,35
20242025,8480843,Lukas Dostal,2024021123,2025-03-23,ANA,CAR,1,36,32
20242025,8475311,Darcy Kuemper,2024021124,2025-03-23,LAK,BOS,1,13,11
20242025,8480280,Jeremy Swayman,2024021124,2025-03-23,BOS,LAK,1,23,16
20242025,8474593,Jacob Markstrom,2024021125,2025-03-24,NJD,VAN,1,28,25
20242025,8477967,Thatcher Demko,2024021125,2025-03-24,VAN,NJD,1,25,22
20242025,8478007,Elvis Merzlikins,2024021126,2025-03-24,CBJ,NYI,1,33,30
20242025,8478009,Ilya Sorokin,2024021126,2025-03-24,NYI,CBJ,1,30,27
20242025,8479406,Filip Gustavsson,2024021127,2025-03-24,MIN,DAL,1,28,26
20242025,8479979,Jake Oettinger,2024021127,2025-03-24,DAL,MIN,1,32,32
20242025,8475852,Petr Mrazek,2024021128,2025-03-24,DET,UTA,1,1,1
20242025,8478872,Karel Vejmelka,2024021128,2025-03-24,UTA,DET,1,13,9
20242025,8479312,Alex Lyon,2024021128,2025-03-24,DET,UTA,0,18,17
20242025,8473503,James Reimer,2024021129,2025-03-25,BUF,OTT,1,32,30
20242025,8476341,Anton Forsberg,2024021129,2025-03-25,OTT,BUF,1,24,21
20242025,8476932,Anthony Stolarz,2024021130,2025-03-25,TOR,PHI,1,19,17
20242025,8481035,Samuel Ersson,2024021130,2025-03-25,PHI,TOR,1,30,23
20242025,8476883,Andrei Vasilevskiy,2024021131,2025-03-25,TBL,PIT,1,15,14
20242025,8477465,Tristan Jarry,2024021131,2025-03-25,PIT,TBL,1,7,3
20242025,8477968,Alex Nedeljkovic,2024021131,2025-03-25,PIT,TBL,0,20,18
20242025,8477424,Juuse Saros,2024021132,2025-03-25,NSH,CAR,1,35,34
20242025,8481611,Pyotr Kochetkov,2024021132,2025-03-25,CAR,NSH,1,16,13
20242025,8476412,Jordan Binnington,2024021133,2025-03-25,STL,MTL,1,25,24
20242025,8478470,Samuel Montembeault,2024021133,2025-03-25,MTL,STL,1,32,27
20242025,8482487,Jakub Dobes,2024021133,2025-03-25,MTL,STL,0,5,4
20242025,8470594,Marc-Andre Fleury,2024021134,2025-03-25,MIN,VGK,1,37,33
20242025,8478499,Adin Hill,2024021134,2025-03-25,VGK,MIN,1,24,23
20242025,8476945,Connor Hellebuyck,2024021135,2025-03-25,WPG,WSH,1,29,27
20242025,8480313,Logan Thompson,2024021135,2025-03-25,WSH,WPG,1,25,22
20242025,8478406,Mackenzie Blackwood,2024021136,2025-03-25,COL,DET,1,23,21
20242025,8479312,Alex Lyon,2024021136,2025-03-25,DET,COL,1,27,23
20242025,8478916,Joey Daccord,2024021137,2025-03-25,SEA,CGY,1,37,33
20242025,8481692,Dustin Wolf,2024021137,2025-03-25,CGY,SEA,1,29,26
20242025,8475311,Darcy Kuemper,2024021138,2025-03-25,LAK,NYR,1,23,22
20242025,8478048,Igor Shesterkin,2024021138,2025-03-25,NYR,LAK,1,32,30
20242025,8477405,Marcus Hogberg,2024021139,2025-03-26,NYI,VAN,0,5,5
20242025,8477967,Thatcher Demko,2024021139,2025-03-26,VAN,NYI,1,28,26
20242025,8478009,Ilya Sorokin,2024021139,2025-03-26,NYI,VAN,1,19,15
20242025,8474593,Jacob Markstrom,2024021140,2025-03-26,NJD,CHI,1,24,21
20242025,8481519,Spencer Knight,2024021140,2025-03-26,CHI,NJD,1,20,16
20242025,8475717,Calvin Pickard,2024021141,2025-03-26,EDM,DAL,0,3,3
20242025,8479973,Stuart Skinner,2024021141,2025-03-26,EDM,DAL,1,21,17
20242025,8479979,Jake Oettinger,2024021141,2025-03-26,DAL,EDM,1,44,41
20242025,8476434,John Gibson,2024021142,2025-03-26,ANA,BOS,1,25,23
20242025,8476914,Joonas Korpisalo,2024021142,2025-03-26,BOS,ANA,1,37,31
20242025,8473503,James Reimer,2024021143,2025-03-27,BUF,PIT,1,25,23
20242025,8477465,Tristan Jarry,2024021143,2025-03-27,PIT,BUF,1,12,8
20242025,8477968,Alex Nedeljkovic,2024021143,2025-03-27,PIT,BUF,0,18,15
20242025,8475660,Cam Talbot,2024021144,2025-03-27,DET,OTT,0,22,21
20242025,8476999,Linus Ullmark,2024021144,2025-03-27,OTT,DET,1,34,31
20242025,8479312,Alex Lyon,2024021144,2025-03-27,DET,OTT,1,10,7
20242025,8476883,Andrei Vasilevskiy,2024021145,2025-03-27,TBL,UTA,1,25,25
20242025,8478872,Karel Vejmelka,2024021145,2025-03-27,UTA,TBL,1,12,8
20242025,8483530,Jaxson Stauber,2024021145,2025-03-27,UTA,TBL,0,10,6
20242025,8481035,Samuel Ersson,2024021146,2025-03-27,PHI,MTL,1,30,26
20242025,8482487,Jakub Dobes,2024021146,2025-03-27,MTL,PHI,1,30,24
20242025,8477424,Juuse Saros,2024021147,2025-03-27,NSH,STL,1,21,18
20242025,8480981,Joel Hofer,2024021147,2025-03-27,STL,NSH,1,18,16
20242025,8479292,Charlie Lindgren,2024021148,2025-03-27,WSH,MIN,1,20,17
20242025,8479406,Filip Gustavsson,2024021148,2025-03-27,MIN,WSH,1,30,28
20242025,8478406,Mackenzie Blackwood,2024021149,2025-03-27,COL,LAK,1,22,22
20242025,8479496,David Rittich,2024021149,2025-03-27,LAK,COL,1,26,22
20242025,8479193,Casey DeSmith,2024021150,2025-03-27,DAL,CGY,1,48,46
20242025,8481692,Dustin Wolf,2024021150,2025-03-27,CGY,DAL,1,18,14
20242025,8475717,Calvin Pickard,2024021151,2025-03-27,EDM,SEA,1,29,24
20242025,8478916,Joey Daccord,2024021151,2025-03-27,SEA,EDM,1,37,36
20242025,8480885,Olivier Rodrigue,2024021151,2025-03-27,EDM,SEA,0,8,7
20242025,8479361,Joseph Woll,2024021152,2025-03-27,TOR,SJS,1,35,30
20242025,8480382,Alexandar Georgiev,2024021152,2025-03-27,SJS,TOR,1,35,30
20242025,8475683,Sergei Bobrovsky,2024021153,2025-03-28,FLA,UTA,1,15,14
20242025,8478872,Karel Vejmelka,2024021153,2025-03-28,UTA,FLA,1,32,30
20242025,8475883,Frederik Andersen,2024021154,2025-03-28,CAR,MTL,1,15,14
20242025,8478470,Samuel Montembeault,2024021154,2025-03-28,MTL,CAR,1,23,21
20242025,8478007,Elvis Merzlikins,2024021155,2025-03-28,CBJ,VAN,1,37,31
20242025,8480947,Kevin Lankinen,2024021155,2025-03-28,VAN,CBJ,1,38,32
20242025,8474596,Jake Allen,2024021156,2025-03-28,NJD,WPG,1,19,15
20242025,8476945,Connor Hellebuyck,2024021156,2025-03-28,WPG,NJD,1,24,24
20242025,8478499,Adin Hill,2024021157,2025-03-28,VGK,CHI,1,21,18
20242025,8481519,Spencer Knight,2024021157,2025-03-28,CHI,VGK,1,21,17
20242025,8478048,Igor Shesterkin,2024021158,2025-03-28,NYR,ANA,1,33,28
20242025,8480843,Lukas Dostal,2024021158,2025-03-28,ANA,NYR,1,30,26
20242025,8480045,Ukko-Pekka Luukkonen,2024021159,2025-03-29,BUF,PHI,1,32,25
20242025,8481035,Samuel Ersson,2024021159,2025-03-29,PHI,BUF,1,21,17
20242025,8477992,Jonas Johansson,2024021160,2025-03-29,TBL,NYI,1,38,35
20242025,8478009,Ilya Sorokin,2024021160,2025-03-29,NYI,TBL,1,23,19
20242025,8476412,Jordan Binnington,2024021161,2025-03-29,STL,COL,1,29,28
20242025,8478406,Mackenzie Blackwood,2024021161,2025-03-29,COL,STL,1,27,25
20242025,8474593,Jacob Markstrom,2024021162,2025-03-29,NJD,MIN,1,24,22
20242025,8479406,Filip Gustavsson,2024021162,2025-03-29,MIN,NJD,1,33,28
20242025,8478499,Adin Hill,2024021163,2025-03-29,VGK,NSH,1,24,23
20242025,8481020,Justus Annunen,2024021163,2025-03-29,NSH,VGK,1,28,26
20242025,8476999,Linus Ullmark,2024021164,2025-03-29,OTT,CBJ,1,30,28
20242025,8480193,Daniil Tarasov,2024021164,2025-03-29,CBJ,OTT,1,27,24
20242025,8475311,Darcy Kuemper,2024021165,2025-03-29,LAK,TOR,1,25,23
20242025,8476932,Anthony Stolarz,2024021165,2025-03-29,TOR,LAK,1,36,35
20242025,8475660,Cam Talbot,2024021166,2025-03-29,DET,BOS,1,21,20
20242025,8480280,Jeremy Swayman,2024021166,2025-03-29,BOS,DET,1,22,20
20242025,8475717,Calvin Pickard,2024021167,2025-03-29,EDM,CGY,1,28,26
20242025,8481692,Dustin Wolf,2024021167,2025-03-29,CGY,EDM,1,29,26
20242025,8471734,Jonathan Quick,2024021168,2025-03-29,NYR,SJS,1,22,21
20242025,8480382,Alexandar Georgiev,2024021168,2025-03-29,SJS,NYR,1,33,27
20242025,8478916,Joey Daccord,2024021169,2025-03-29,SEA,DAL,1,20,16
20242025,8479979,Jake Oettinger,2024021169,2025-03-29,DAL,SEA,1,36,35
20242025,8475683,Sergei Bobrovsky,2024021170,2025-03-30,FLA,MTL,1,22,19
20242025,8478470,Samuel Montembeault,2024021170,2025-03-30,MTL,FLA,1,26,24
20242025,8473503,James Reimer,2024021171,2025-03-30,BUF,WSH,1,29,24
20242025,8480313,Logan Thompson,2024021171,2025-03-30,WSH,BUF,1,22,15
20242025,8476945,Connor Hellebuyck,2024021172,2025-03-30,WPG,VAN,1,24,23
20242025,8477967,Thatcher Demko,2024021172,2025-03-30,VAN,WPG,1,27,24
20242025,8478872,Karel Vejmelka,2024021173,2025-03-30,UTA,CHI,1,29,27
20242025,8482821,Arvid Soderblom,2024021173,2025-03-30,CHI,UTA,1,31,26
20242025,8476341,Anton Forsberg,2024021174,2025-03-30,OTT,PIT,1,35,34
20242025,8477465,Tristan Jarry,2024021174,2025-03-30,PIT,OTT,1,31,31
20242025,8477405,Marcus Hogberg,2024021175,2025-03-30,NYI,CAR,1,30,24
20242025,8481611,Pyotr Kochetkov,2024021175,2025-03-30,CAR,NYI,1,31,27
20242025,8479361,Joseph Woll,2024021176,2025-03-30,TOR,ANA,1,31,29
20242025,8480843,Lukas Dostal,2024021176,2025-03-30,ANA,TOR,1,23,20
20242025,8479496,David Rittich,2024021177,2025-03-30,LAK,SJS,1,23,22
20242025,8484312,Georgii Romanov,2024021177,2025-03-30,SJS,LAK,1,36,28
20242025,8474593,Jacob Markstrom,2024021178,2025-03-31,NJD,MIN,1,30,28
20242025,8479406,Filip Gustavsson,2024021178,2025-03-31,MIN,NJD,1,28,26
20242025,8478905,Ivan Fedotov,2024021179,2025-03-31,PHI,NSH,1,29,28
20242025,8481020,Justus Annunen,2024021179,2025-03-31,NSH,PHI,1,18,16
20242025,8475809,Scott Wedgewood,2024021180,2025-03-31,COL,CGY,1,27,25
20242025,8478435,Dan Vladar,2024021180,2025-03-31,CGY,COL,1,30,28
20242025,8475831,Philipp Grubauer,2024021181,2025-03-31,SEA,DAL,1,30,28
20242025,8479193,Casey DeSmith,2024021181,2025-03-31,DAL,SEA,1,36,35
20242025,8479292,Charlie Lindgren,2024021182,2025-04-01,WSH,BOS,1,24,21
20242025,8480280,Jeremy Swayman,2024021182,2025-04-01,BOS,WSH,1,32,28
20242025,8477970,Vitek Vanecek,2024021183,2025-04-01,FLA,MTL,1,21,18
20242025,8478470,Samuel Montembeault,2024021183,2025-04-01,MTL,FLA,1,27,25
20242025,8473503,James Reimer,2024021184,2025-04-01,BUF,OTT,1,35,33
20242025,8476999,Linus Ullmark,2024021184,2025-04-01,OTT,BUF,1,21,17
20242025,8477424,Juuse Saros,2024021185,2025-04-01,NSH,CBJ,1,26,19
20242025,8478007,Elvis Merzlikins,2024021185,2025-04-01,CBJ,NSH,1,28,24
20242025,8481020,Justus Annunen,2024021185,2025-04-01,NSH,CBJ,0,11,10
20242025,8476883,Andrei Vasilevskiy,2024021186,2025-04-01,TBL,NYI,1,29,28
20242025,8478009,Ilya Sorokin,2024021186,2025-04-01,NYI,TBL,1,23,20
20242025,8475660,Cam Talbot,2024021187,2025-04-01,DET,STL,1,37,35
20242025,8476412,Jordan Binnington,2024021187,2025-04-01,STL,DET,1,21,20
20242025,8478872,Karel Vejmelka,2024021188,2025-04-01,UTA,CGY,1,34,33
20242025,8481692,Dustin Wolf,2024021188,2025-04-01,CGY,UTA,1,27,25
20242025,8475717,Calvin Pickard,2024021189,2025-04-01,EDM,VGK,1,22,20
20242025,8478499,Adin Hill,2024021189,2025-04-01,VGK,EDM,1,20,17
20242025,8480382,Alexandar Georgiev,2024021190,2025-04-01,SJS,ANA,1,37,34
20242025,8480843,Lukas Dostal,2024021190,2025-04-01,ANA,SJS,1,31,28
20242025,8475311,Darcy Kuemper,2024021191,2025-04-01,LAK,WPG,1,20,19
20242025,8476945,Connor Hellebuyck,2024021191,2025-04-01,WPG,LAK,1,19,16
20242025,8478048,Igor Shesterkin,2024021192,2025-04-02,NYR,MIN,1,24,20
20242025,8479406,Filip Gustavsson,2024021192,2025-04-02,MIN,NYR,1,39,34
20242025,8475883,Frederik Andersen,2024021193,2025-04-02,CAR,WSH,1,21,20
20242025,8479292,Charlie Lindgren,2024021193,2025-04-02,WSH,CAR,0,19,17
20242025,8480313,Logan Thompson,2024021193,2025-04-02,WSH,CAR,1,12,9
20242025,8475683,Sergei Bobrovsky,2024021194,2025-04-02,FLA,TOR,1,26,23
20242025,8476932,Anthony Stolarz,2024021194,2025-04-02,TOR,FLA,1,31,29
20242025,8475809,Scott Wedgewood,2024021195,2025-04-02,COL,CHI,1,23,21
20242025,8481519,Spencer Knight,2024021195,2025-04-02,CHI,COL,1,31,29
20242025,8477967,Thatcher Demko,2024021196,2025-04-02,VAN,SEA,1,18,14
20242025,8478916,Joey Daccord,2024021196,2025-04-02,SEA,VAN,1,24,24
20242025,8478470,Samuel Montembeault,2024021197,2025-04-03,MTL,BOS,1,19,18
20242025,8480280,Jeremy Swayman,2024021197,2025-04-03,BOS,MTL,1,31,28
20242025,8476883,Andrei Vasilevskiy,2024021198,2025-04-03,TBL,OTT,1,19,17
20242025,8476999,Linus Ullmark,2024021198,2025-04-03,OTT,TBL,1,32,31
20242025,8478007,Elvis Merzlikins,2024021199,2025-04-03,CBJ,COL,1,28,21
20242025,8478406,Mackenzie Blackwood,2024021199,2025-04-03,COL,CBJ,1,30,27
20242025,8480193,Daniil Tarasov,2024021199,2025-04-03,CBJ,COL,0,4,4
20242025,8477465,Tristan Jarry,2024021200,2025-04-03,PIT,STL,1,19,14
20242025,8480981,Joel Hofer,2024021200,2025-04-03,STL,PIT,1,28,24
20242025,8479979,Jake Oettinger,2024021201,2025-04-03,DAL,NSH,1,29,28
20242025,8481020,Justus Annunen,2024021201,2025-04-03,NSH,DAL,1,27,22
20242025,8475311,Darcy Kuemper,2024021202,2025-04-03,LAK,UTA,1,30,28
20242025,8478872,Karel Vejmelka,2024021202,2025-04-03,UTA,LAK,1,19,16
20242025,8476434,John Gibson,2024021203,2025-04-03,ANA,CGY,1,26,23
20242025,8480843,Lukas Dostal,2024021203,2025-04-03,ANA,CGY,0,8,7
20242025,8481692,Dustin Wolf,2024021203,2025-04-03,CGY,ANA,1,27,26
20242025,8477480,Eric Comrie,2024021204,2025-04-03,WPG,VGK,1,26,26
20242025,8478499,Adin Hill,2024021204,2025-04-03,VGK,WPG,1,19,16
20242025,8481033,Akira Schmid,2024021204,2025-04-03,VGK,WPG,0,2,2
20242025,8475717,Calvin Pickard,2024021205,2025-04-03,EDM,SJS,1,29,27
20242025,8484312,Georgii Romanov,2024021205,2025-04-03,SJS,EDM,1,38,35
20242025,8475660,Cam Talbot,2024021206,2025-04-04,DET,CAR,1,33,30
20242025,8481611,Pyotr Kochetkov,2024021206,2025-04-04,CAR,DET,1,20,16
20242025,8479292,Charlie Lindgren,2024021207,2025-04-04,WSH,CHI,1,22,19
20242025,8481519,Spencer Knight,2024021207,2025-04-04,CHI,WSH,1,28,25
20242025,8478009,Ilya Sorokin,2024021208,2025-04-04,NYI,MIN,1,28,27
20242025,8479406,Filip Gustavsson,2024021208,2025-04-04,MIN,NYI,1,27,24
20242025,8474593,Jacob Markstrom,2024021209,2025-04-05,NJD,NYR,1,26,26
20242025,8478048,Igor Shesterkin,2024021209,2025-04-05,NYR,NJD,1,15,12
20242025,8475683,Sergei Bobrovsky,2024021210,2025-04-05,FLA,OTT,1,21,19
20242025,8476341,Anton Forsberg,2024021210,2025-04-05,OTT,FLA,1,39,39
20242025,8477465,Tristan Jarry,2024021211,2025-04-05,PIT,DAL,1,24,21
20242025,8479193,Casey DeSmith,2024021211,2025-04-05,DAL,PIT,1,39,35
20242025,8477967,Thatcher Demko,2024021212,2025-04-05,VAN,ANA,1,32,30
20242025,8480843,Lukas Dostal,2024021212,2025-04-05,ANA,VAN,1,26,20
20242025,8475311,Darcy Kuemper,2024021213,2025-04-05,LAK,EDM,1,27,27
20242025,8475717,Calvin Pickard,2024021213,2025-04-05,EDM,LAK,1,28,26
20242025,8475883,Frederik Andersen,2024021214,2025-04-05,CAR,BOS,1,27,22
20242025,8480280,Jeremy Swayman,2024021214,2025-04-05,BOS,CAR,1,40,39
20242025,8473503,James Reimer,2024021215,2025-04-05,BUF,TBL,1,24,22
20242025,8477992,Jonas Johansson,2024021215,2025-04-05,TBL,BUF,1,38,36
20242025,8476932,Anthony Stolarz,2024021216,2025-04-05,TOR,CBJ,1,27,27
20242025,8478007,Elvis Merzlikins,2024021216,2025-04-05,CBJ,TOR,1,27,22
20242025,8478470,Samuel Montembeault,2024021217,2025-04-05,MTL,PHI,1,24,22
20242025,8481035,Samuel Ersson,2024021217,2025-04-05,PHI,MTL,1,26,23
20242025,8476412,Jordan Binnington,2024021218,2025-04-05,STL,COL,1,39,35
20242025,8478406,Mackenzie Blackwood,2024021218,2025-04-05,COL,STL,1,21,17
20242025,8476945,Connor Hellebuyck,2024021219,2025-04-05,WPG,UTA,1,27,24
20242025,8478872,Karel Vejmelka,2024021219,2025-04-05,UTA,WPG,1,33,32
20242025,8481033,Akira Schmid,2024021220,2025-04-05,VGK,CGY,1,23,21
20242025,8481692,Dustin Wolf,2024021220,2025-04-05,CGY,VGK,1,34,31
20242025,8478916,Joey Daccord,2024021221,2025-04-05,SEA,SJS,1,24,23
20242025,8480382,Alexandar Georgiev,2024021221,2025-04-05,SJS,SEA,1,11,7
20242025,8484312,Georgii Romanov,2024021221,2025-04-05,SJS,SEA,0,11,10
20242025,8478009,Ilya Sorokin,2024021222,2025-04-06,NYI,WSH,1,29,28
20242025,8479292,Charlie Lindgren,2024021222,2025-04-06,WSH,NYI,1,22,18
20242025,8479406,Filip Gustavsson,2024021223,2025-04-06,MIN,DAL,1,25,23
20242025,8479979,Jake Oettinger,2024021223,2025-04-06,DAL,MIN,1,41,38
20242025,8476999,Linus Ullmark,2024021224,2025-04-06,OTT,CBJ,1,29,29
20242025,8478007,Elvis Merzlikins,2024021224,2025-04-06,CBJ,OTT,0,23,22
20242025,8480193,Daniil Tarasov,2024021224,2025-04-06,CBJ,OTT,1,6,4
20242025,8475660,Cam Talbot,2024021225,2025-04-06,DET,FLA,1,33,32
20242025,8477970,Vitek Vanecek,2024021225,2025-04-06,FLA,DET,1,24,22
20242025,8476914,Joonas Korpisalo,2024021226,2025-04-06,BOS,BUF,1,36,31
20242025,8480045,Ukko-Pekka Luukkonen,2024021226,2025-04-06,BUF,BOS,1,20,17
20242025,8477968,Alex Nedeljkovic,2024021227,2025-04-06,PIT,CHI,1,30,28
20242025,8481519,Spencer Knight,2024021227,2025-04-06,CHI,PIT,1,29,28
20242025,8477424,Juuse Saros,2024021228,2025-04-06,NSH,MTL,1,17,15
20242025,8482487,Jakub Dobes,2024021228,2025-04-06,MTL,NSH,1,37,36
20242025,8478499,Adin Hill,2024021229,2025-04-06,VGK,VAN,1,21,19
20242025,8480947,Kevin Lankinen,2024021229,2025-04-06,VAN,VGK,1,35,32
20242025,8476883,Andrei Vasilevskiy,2024021230,2025-04-07,TBL,NYR,1,39,38
20242025,8478048,Igor Shesterkin,2024021230,2025-04-07,NYR,TBL,1,22,18
20242025,8476945,Connor Hellebuyck,2024021231,2025-04-07,WPG,STL,1,15,14
20242025,8480981,Joel Hofer,2024021231,2025-04-07,STL,WPG,1,25,23
20242025,8480843,Lukas Dostal,2024021232,2025-04-07,ANA,EDM,1,47,45
20242025,8480885,Olivier Rodrigue,2024021232,2025-04-07,EDM,ANA,1,21,18
20242025,8475311,Darcy Kuemper,2024021233,2025-04-07,LAK,SEA,1,28,26
20242025,8478916,Joey Daccord,2024021233,2025-04-07,SEA,LAK,1,29,28
20242025,8481692,Dustin Wolf,2024021234,2025-04-07,CGY,SJS,1,31,29
20242025,8484312,Georgii Romanov,2024021234,2025-04-07,SJS,CGY,1,32,29
20242025,8473503,James Reimer,2024021235,2025-04-08,BUF,CAR,1,33,33
20242025,8481611,Pyotr Kochetkov,2024021235,2025-04-08,CAR,BUF,1,18,15
20242025,8475660,Cam Talbot,2024021236,2025-04-08,DET,MTL,1,19,17
20242025,8478470,Samuel Montembeault,2024021236,2025-04-08,MTL,DET,1,36,35
20242025,8475683,Sergei Bobrovsky,2024021237,2025-04-08,FLA,TOR,1,18,17
20242025,8479361,Joseph Woll,2024021237,2025-04-08,TOR,FLA,1,36,34
20242025,8474593,Jacob Markstrom,2024021238,2025-04-08,NJD,BOS,1,23,16
20242025,8474596,Jake Allen,2024021238,2025-04-08,NJD,BOS,0,2,2
20242025,8480280,Jeremy Swayman,2024021238,2025-04-08,BOS,NJD,1,21,19
20242025,8476341,Anton Forsberg,2024021239,2025-04-08,OTT,CBJ,1,35,30
20242025,8478007,Elvis Merzlikins,2024021239,2025-04-08,CBJ,OTT,1,35,33
20242025,8477465,Tristan Jarry,2024021240,2025-04-08,PIT,CHI,1,26,26
20242025,8481519,Spencer Knight,2024021240,2025-04-08,CHI,PIT,1,27,22
20242025,8477405,Marcus Hogberg,2024021241,2025-04-08,NYI,NSH,0,9,6
20242025,8478009,Ilya Sorokin,2024021241,2025-04-08,NYI,NSH,1,23,19
20242025,8481020,Justus Annunen,2024021241,2025-04-08,NSH,NYI,1,22,16
20242025,8477967,Thatcher Demko,2024021242,2025-04-08,VAN,DAL,1,27,23
20242025,8479193,Casey DeSmith,2024021242,2025-04-08,DAL,VAN,1,32,26
20242025,8478872,Karel Vejmelka,2024021243,2025-04-08,UTA,SEA,1,19,18
20242025,8478916,Joey Daccord,2024021243,2025-04-08,SEA,UTA,1,29,22
20242025,8484910,Victor Ostman,2024021243,2025-04-08,SEA,UTA,0,12,12
20242025,8475809,Scott Wedgewood,2024021244,2025-04-08,COL,VGK,1,21,19
20242025,8481033,Akira Schmid,2024021244,2025-04-08,VGK,COL,1,36,34
20242025,8476883,Andrei Vasilevskiy,2024021245,2025-04-09,TBL,TOR,1,31,27
20242025,8476932,Anthony Stolarz,2024021245,2025-04-09,TOR,TBL,1,28,25
20242025,8471734,Jonathan Quick,2024021246,2025-04-09,NYR,PHI,1,28,22
20242025,8482783,Aleksei Kolosov,2024021246,2025-04-09,PHI,NYR,1,29,24
20242025,8470594,Marc-Andre Fleury,2024021247,2025-04-09,MIN,SJS,1,31,24
20242025,8480382,Alexandar Georgiev,2024021247,2025-04-09,SJS,MIN,1,44,36
20242025,8475717,Calvin Pickard,2024021248,2025-04-09,EDM,STL,1,26,23
20242025,8476412,Jordan Binnington,2024021248,2025-04-09,STL,EDM,1,23,19
20242025,8478024,Ville Husso,2024021249,2025-04-09,ANA,CGY,1,39,36
20242025,8481692,Dustin Wolf,2024021249,2025-04-09,CGY,ANA,1,23,19
20242025,8480280,Jeremy Swayman,2024021250,2025-04-10,BOS,CHI,1,20,16
20242025,8482821,Arvid Soderblom,2024021250,2025-04-10,CHI,BOS,1,33,31
20242025,8475660,Cam Talbot,2024021251,2025-04-10,DET,FLA,1,31,27
20242025,8475683,Sergei Bobrovsky,2024021251,2025-04-10,FLA,DET,1,23,22
20242025,8475883,Frederik Andersen,2024021252,2025-04-10,CAR,WSH,1,28,24
20242025,8479292,Charlie Lindgren,2024021252,2025-04-10,WSH,CAR,1,34,30
20242025,8473503,James Reimer,2024021253,2025-04-10,BUF,CBJ,1,30,27
20242025,8482982,Jet Greaves,2024021253,2025-04-10,CBJ,BUF,1,41,39
20242025,8477405,Marcus Hogberg,2024021254,2025-04-10,NYI,NYR,1,30,22
20242025,8478048,Igor Shesterkin,2024021254,2025-04-10,NYR,NYI,1,46,44
20242025,8482668,Tristan Lennox,2024021254,2025-04-10,NYI,NYR,0,2,1
20242025,8476945,Connor Hellebuyck,2024021255,2025-04-10,WPG,DAL,1,25,25
20242025,8479979,Jake Oettinger,2024021255,2025-04-10,DAL,WPG,1,35,31
20242025,8478406,Mackenzie Blackwood,2024021256,2025-04-10,COL,VAN,1,29,26
20242025,8480947,Kevin Lankinen,2024021256,2025-04-10,VAN,COL,1,32,31
20242025,8477424,Juuse Saros,2024021257,2025-04-10,NSH,UTA,1,42,39
20242025,8478872,Karel Vejmelka,2024021257,2025-04-10,UTA,NSH,1,31,28
20242025,8478499,Adin Hill,2024021258,2025-04-10,VGK,SEA,1,25,24
20242025,8478916,Joey Daccord,2024021258,2025-04-10,SEA,VGK,1,25,23
20242025,8475311,Darcy Kuemper,2024021259,2025-04-10,LAK,ANA,1,25,24
20242025,8480843,Lukas Dostal,2024021259,2025-04-10,ANA,LAK,1,29,23
20242025,8476999,Linus Ullmark,2024021260,2025-04-11,OTT,MTL,1,22,20
20242025,8478470,Samuel Montembeault,2024021260,2025-04-11,MTL,OTT,1,33,29
20242025,8476883,Andrei Vasilevskiy,2024021261,2025-04-11,TBL,DET,1,26,22
20242025,8479312,Alex Lyon,2024021261,2025-04-11,DET,TBL,1,21,18
20242025,8474596,Jake Allen,2024021262,2025-04-11,NJD,PIT,1,23,21
20242025,8477465,Tristan Jarry,2024021262,2025-04-11,PIT,NJD,1,28,26
20242025,8475717,Calvin Pickard,2024021263,2025-04-11,EDM,SJS,1,24,22
20242025,8484312,Georgii Romanov,2024021263,2025-04-11,SJS,EDM,1,33,30
20242025,8470594,Marc-Andre Fleury,2024021264,2025-04-11,MIN,CGY,0,3,3
20242025,8479406,Filip Gustavsson,2024021264,2025-04-11,MIN,CGY,1,29,25
20242025,8481692,Dustin Wolf,2024021264,2025-04-11,CGY,MIN,1,18,16
20242025,8477405,Marcus Hogberg,2024021265,2025-04-12,NYI,PHI,1,22,19
20242025,8481035,Samuel Ersson,2024021265,2025-04-12,PHI,NYI,1,40,37
20242025,8478048,Igor Shesterkin,2024021266,2025-04-12,NYR,CAR,1,26,21
20242025,8481611,Pyotr Kochetkov,2024021266,2025-04-12,CAR,NYR,1,31,28
20242025,8475311,Darcy Kuemper,2024021267,2025-04-12,LAK,COL,1,26,22
20242025,8478406,Mackenzie Blackwood,2024021267,2025-04-12,COL,LAK,1,33,28
20242025,8477970,Vitek Vanecek,2024021268,2025-04-12,FLA,BUF,1,28,26
20242025,8480045,Ukko-Pekka Luukkonen,2024021268,2025-04-12,BUF,FLA,1,34,32
20242025,8476932,Anthony Stolarz,2024021269,2025-04-12,TOR,MTL,1,15,15
20242025,8482487,Jakub Dobes,2024021269,2025-04-12,MTL,TOR,1,35,34
20242025,8482411,Hunter Shepard,2024021270,2025-04-12,WSH,CBJ,1,26,19
20242025,8482982,Jet Greaves,2024021270,2025-04-12,CBJ,WSH,1,22,22
20242025,8476945,Connor Hellebuyck,2024021271,2025-04-12,WPG,CHI,1,32,28
20242025,8481519,Spencer Knight,2024021271,2025-04-12,CHI,WPG,1,42,38
20242025,8478872,Karel Vejmelka,2024021272,2025-04-12,UTA,DAL,1,24,21
20242025,8479193,Casey DeSmith,2024021272,2025-04-12,DAL,UTA,1,34,29
20242025,8479406,Filip Gustavsson,2024021273,2025-04-12,MIN,VAN,1,14,12
20242025,8480947,Kevin Lankinen,2024021273,2025-04-12,VAN,MIN,1,33,30
20242025,8478499,Adin Hill,2024021274,2025-04-12,VGK,NSH,1,17,14
20242025,8481020,Justus Annunen,2024021274,2025-04-12,NSH,VGK,1,28,24
20242025,8475831,Philipp Grubauer,2024021275,2025-04-12,SEA,STL,1,23,20
20242025,8476412,Jordan Binnington,2024021275,2025-04-12,STL,SEA,1,18,15
20242025,8476341,Anton Forsberg,2024021276,2025-04-13,OTT,PHI,1,32,29
20242025,8478905,Ivan Fedotov,2024021276,2025-04-13,PHI,OTT,1,25,21
20242025,8474593,Jacob Markstrom,2024021277,2025-04-13,NJD,NYI,1,23,22
20242025,8478009,Ilya Sorokin,2024021277,2025-04-13,NYI,NJD,1,25,25
20242025,8476914,Joonas Korpisalo,2024021278,2025-04-13,BOS,PIT,1,24,23
20242025,8477465,Tristan Jarry,2024021278,2025-04-13,PIT,BOS,1,31,28
20242025,8475883,Frederik Andersen,2024021279,2025-04-13,CAR,TOR,1,20,16
20242025,8479361,Joseph Woll,2024021279,2025-04-13,TOR,CAR,1,26,25
20242025,8473503,James Reimer,2024021280,2025-04-13,BUF,TBL,1,31,24
20242025,8477992,Jonas Johansson,2024021280,2025-04-13,TBL,BUF,1,25,21
20242025,8479292,Charlie Lindgren,2024021281,2025-04-13,WSH,CBJ,1,23,19
20242025,8482982,Jet Greaves,2024021281,2025-04-13,CBJ,WSH,1,31,30
20242025,8477480,Eric Comrie,2024021282,2025-04-13,WPG,EDM,1,38,35
20242025,8479973,Stuart Skinner,2024021282,2025-04-13,EDM,WPG,1,18,17
20242025,8481692,Dustin Wolf,2024021283,2025-04-13,CGY,SJS,1,30,28
20242025,8484312,Georgii Romanov,2024021283,2025-04-13,SJS,CGY,1,29,25
20242025,8475809,Scott Wedgewood,2024021284,2025-04-13,COL,ANA,1,21,19
20242025,8480843,Lukas Dostal,2024021284,2025-04-13,ANA,COL,1,24,21
20242025,8478470,Samuel Montembeault,2024021285,2025-04-14,MTL,CHI,1,25,22
20242025,8482821,Arvid Soderblom,2024021285,2025-04-14,CHI,MTL,1,21,18
20242025,8475660,Cam Talbot,2024021286,2025-04-14,DET,DAL,1,28,24
20242025,8479979,Jake Oettinger,2024021286,2025-04-14,DAL,DET,1,36,31
20242025,8471734,Jonathan Quick,2024021287,2025-04-14,NYR,FLA,1,30,27
20242025,8475683,Sergei Bobrovsky,2024021287,2025-04-14,FLA,NYR,1,25,20
20242025,8477424,Juuse Saros,2024021288,2025-04-14,NSH,UTA,1,35,29
20242025,8480191,Matt Villalta,2024021288,2025-04-14,UTA,NSH,1,31,28
20242025,8475311,Darcy Kuemper,2024021289,2025-04-14,LAK,EDM,1,16,16
20242025,8475717,Calvin Pickard,2024021289,2025-04-14,EDM,LAK,1,36,31
20242025,8479496,David Rittich,2024021289,2025-04-14,LAK,EDM,0,5,5
20242025,8480382,Alexandar Georgiev,2024021290,2025-04-14,SJS,VAN,1,37,35
20242025,8484268,Nikita Tolopilo,2024021290,2025-04-14,VAN,SJS,1,16,15
20242025,8478435,Dan Vladar,2024020653,2025-04-17,CGY,LAK,1,31,30
20242025,8479496,David Rittich,2024020653,2025-04-17,LAK,CGY,1,29,24
20242025,8474596,Jake Allen,2024021291,2025-04-15,NJD,BOS,1,24,20
20242025,8480280,Jeremy Swayman,2024021291,2025-04-15,BOS,NJD,1,26,21
20242025,8476932,Anthony Stolarz,2024021292,2025-04-15,TOR,BUF,1,35,35
20242025,8480045,Ukko-Pekka Luukkonen,2024021292,2025-04-15,BUF,TOR,1,31,28
20242025,8476341,Anton Forsberg,2024021293,2025-04-15,OTT,CHI,1,16,12
20242025,8481519,Spencer Knight,2024021293,2025-04-15,CHI,OTT,1,37,34
20242025,8476883,Andrei Vasilevskiy,2024021294,2025-04-15,TBL,FLA,1,24,23
20242025,8477970,Vitek Vanecek,2024021294,2025-04-15,FLA,TBL,1,31,26
20242025,8481035,Samuel Ersson,2024021295,2025-04-15,PHI,CBJ,1,34,31
20242025,8482982,Jet Greaves,2024021295,2025-04-15,CBJ,PHI,1,29,29
20242025,8478009,Ilya Sorokin,2024021296,2025-04-15,NYI,WSH,1,35,33
20242025,8479292,Charlie Lindgren,2024021296,2025-04-15,WSH,NYI,1,33,32
20242025,8476412,Jordan Binnington,2024021297,2025-04-15,STL,UTA,1,23,22
20242025,8478872,Karel Vejmelka,2024021297,2025-04-15,UTA,STL,1,29,23
20242025,8470594,Marc-Andre Fleury,2024021298,2025-04-15,MIN,ANA,0,5,5
20242025,8479406,Filip Gustavsson,2024021298,2025-04-15,MIN,ANA,1,24,22
20242025,8480843,Lukas Dostal,2024021298,2025-04-15,ANA,MIN,1,40,37
20242025,8478492,Ilya Samsonov,2024021299,2025-04-15,VGK,CGY,1,28,24
20242025,8481692,Dustin Wolf,2024021299,2025-04-15,CGY,VGK,1,42,38
20242025,8478916,Joey Daccord,2024021300,2025-04-15,SEA,LAK,1,24,18
20242025,8479496,David Rittich,2024021300,2025-04-15,LAK,SEA,1,34,29
20242025,8478470,Samuel Montembeault,2024021301,2025-04-16,MTL,CAR,1,29,27
20242025,8481611,Pyotr Kochetkov,2024021301,2025-04-16,CAR,MTL,1,21,18
20242025,8476945,Connor Hellebuyck,2024021302,2025-04-16,WPG,ANA,1,31,30
20242025,8478024,Ville Husso,2024021302,2025-04-16,ANA,WPG,1,44,42
20242025,8479312,Alex Lyon,2024021303,2025-04-16,DET,NJD,1,30,28
20242025,8482076,Nico Daws,2024021303,2025-04-16,NJD,DET,1,26,22
20242025,8477424,Juuse Saros,2024021304,2025-04-16,NSH,DAL,1,30,29
20242025,8479193,Casey DeSmith,2024021304,2025-04-16,DAL,NSH,0,12,12
20242025,8479979,Jake Oettinger,2024021304,2025-04-16,DAL,NSH,1,22,17
20242025,8480947,Kevin Lankinen,2024021305,2025-04-16,VAN,VGK,1,20,19
20242025,8481033,Akira Schmid,2024021305,2025-04-16,VGK,VAN,1,17,16
20242025,8484268,Nikita Tolopilo,2024021305,2025-04-16,VAN,VGK,0,10,8
20242025,8479973,Stuart Skinner,2024021306,2025-04-16,EDM,SJS,1,18,18
20242025,8480382,Alexandar Georgiev,2024021306,2025-04-16,SJS,EDM,1,27,25
20242025,8473503,James Reimer,2024021307,2025-04-17,BUF,PHI,1,24,20
20242025,8482783,Aleksei Kolosov,2024021307,2025-04-17,PHI,BUF,1,30,26
20242025,8475660,Cam Talbot,2024021308,2025-04-17,DET,TOR,1,20,16
20242025,8479361,Joseph Woll,2024021308,2025-04-17,TOR,DET,1,34,31
20242025,8475883,Frederik Andersen,2024021309,2025-04-17,CAR,OTT,1,32,25
20242025,8476999,Linus Ullmark,2024021309,2025-04-17,OTT,CAR,1,33,28
20242025,8477992,Jonas Johansson,2024021310,2025-04-17,TBL,NYR,1,22,18
20242025,8478048,Igor Shesterkin,2024021310,2025-04-17,NYR,TBL,1,27,27
20242025,8477968,Alex Nedeljkovic,2024021311,2025-04-17,PIT,WSH,1,20,18
20242025,8483532,Clay Stevenson,2024021311,2025-04-17,WSH,PIT,1,38,33
20242025,8477405,Marcus Hogberg,2024021312,2025-04-17,NYI,CBJ,1,26,20
20242025,8482982,Jet Greaves,2024021312,2025-04-17,CBJ,NYI,1,37,36
